// AUTO-GENERATED by tools/bake_sprites.js
#include "sprites.h"

static const uint16_t px_dino_0[2392] = {
    0x0000,0x0000,0x0000,0x0000,0x0000,0x0000,0x0000,0x0000,0x0000,0x0000,0x0000,0x0000,
    0x0000,0x0000,0x0000,0x0000,0x0000,0x0000,0x0000,0x0000,0x0000,0x0000,0x0000,0x0000,
    0x9e89,0x9e89,0x9e89,0x9e89,0x9e89,0x9e89,0x9e89,0x9e89,0x9e89,0x9e89,0x9e89,0x9e89,
    0x9e89,0x9e89,0x9e89,0x9e89,0x0000,0x0000,0x0000,0x0000,0x0000,0x0000,0x0000,0x0000,
    0x0000,0x0000,0x0000,0x0000,0x0000,0x0000,0x0000,0x0000,0x0000,0x0000,0x0000,0x0000,
    0x0000,0x0000,0x0000,0x0000,0x0000,0x0000,0x0000,0x0000,0x0000,0x0000,0x9e89,0x9e89,
    0x9e89,0x9e89,0x9e89,0x9e89,0x9e89,0x9e89,0x9e89,0x9e89,0x9e89,0x9e89,0x9e89,0x9e89,
    0x9e89,0x9e89,0x9e89,0x0000,0x0000,0x0000,0x0000,0x0000,0x0000,0x0000,0x0000,0x0000,
    0x0000,0x0000,0x0000,0x0000,0x0000,0x0000,0x0000,0x0000,0x0000,0x0000,0x0000,0x0000,
    0x0000,0x0000,0x0000,0x0000,0x0000,0x0000,0x9e89,0x9e89,0x7d06,0x7d06,0x7d06,0x7d06,
    0x7d06,0x7d06,0x7d06,0x7d06,0x7d06,0x7d06,0x7d06,0x7d06,0x7d06,0x7d06,0x7d06,0x7d06,
    0x9e89,0x9e89,0x0000,0x0000,0x0000,0x0000,0x0000,0x0000,0x0000,0x0000,0x0000,0x0000,
    0x0000,0x0000,0x0000,0x0000,0x0000,0x0000,0x0000,0x0000,0x0000,0x0000,0x0000,0x0000,
    0x0000,0x0000,0x0000,0x0000,0x9e89,0x9e89,0x7d06,0x7d06,0x7d06,0x7d06,0x7d06,0x7d06,
    0x7d06,0x7d06,0x7d06,0x7d06,0x7d06,0x7d06,0x7d06,0x7d06,0x7d06,0x7d06,0x9e89,0x9e89,
    0x9e89,0x0000,0x0000,0x0000,0x0000,0x0000,0x0000,0x0000,0x0000,0x0000,0x0000,0x0000,
    0x0000,0x0000,0x0000,0x0000,0x0000,0x0000,0x0000,0x0000,0x0000,0x0000,0x0000,0x0000,
    0x0000,0x0000,0x7d06,0x7d06,0x5384,0x5384,0x7d06,0x7d06,0x7d06,0x7d06,0x7d06,0x7d06,
    0x7d06,0x7d06,0x7d06,0x7d06,0x7d06,0x7d06,0x7d06,0x7d06,0x5384,0x5384,0x9e89,0x9e89,
    0x0000,0x0000,0x0000,0x0000,0x0000,0x0000,0x0000,0x0000,0x0000,0x0000,0x0000,0x0000,
    0x0000,0x0000,0x0000,0x0000,0x0000,0x0000,0x0000,0x0000,0x0000,0x0000,0x0000,0x0000,
    0x7d06,0x7d06,0x5384,0x5384,0x5384,0x7d06,0x7d06,0x7d06,0x7d06,0x7d06,0x7d06,0x7d06,
    0x7d06,0x7d06,0x7d06,0x7d06,0x7d06,0x7d06,0x5384,0x5384,0x5384,0x9e89,0x9e89,0x0000,
    0x0000,0x0000,0x0000,0x0000,0x0000,0x0000,0x0000,0x0000,0x0000,0x0000,0x0000,0x0000,
    0x0000,0x0000,0x0000,0x0000,0x0000,0x0000,0x0000,0x0000,0x0000,0x0000,0x7d06,0x7d06,
    0x7d06,0x7d06,0x9e89,0x9e89,0x7d06,0x7d06,0x7d06,0x7d06,0x7d06,0x7d06,0x7d06,0x7d06,
    0x7d06,0x7d06,0x7d06,0x7d06,0x5384,0x5384,0x5384,0x5384,0x9e89,0x9e89,0x0000,0x0000,
    0x0000,0x0000,0x0000,0x0000,0x0000,0x0000,0x0000,0x0000,0x0000,0x0000,0x0000,0x0000,
    0x0000,0x0000,0x0000,0x0000,0x0000,0x0000,0x0000,0x0000,0x7d06,0x7d06,0x7d06,0x7d06,
    0x9e89,0x9e89,0x7d06,0x7d06,0x7d06,0x7d06,0x7d06,0x7d06,0x7d06,0x7d06,0x7d06,0x7d06,
    0x7d06,0x7d06,0x5384,0x5384,0x5384,0x5384,0x5384,0x9e89,0x0000,0x0000,0x0000,0x0000,
    0x0000,0x0000,0x0000,0x0000,0x0000,0x0000,0x0000,0x0000,0x0000,0x0000,0x0000,0x0000,
    0x0000,0x0000,0x0000,0x0000,0x0000,0x0000,0x7d06,0x7d06,0x7d06,0x7d06,0x7d06,0x7d06,
    0x7d06,0x7d06,0x7d06,0x7d06,0x7d06,0x7d06,0x7d06,0x7d06,0x7d06,0x7d06,0x7d06,0x7d06,
    0x5384,0x5384,0x5384,0x5384,0x5384,0x5384,0x0000,0x0000,0x0000,0x0000,0x0000,0x0000,
    0x0000,0x0000,0x0000,0x0000,0x0000,0x0000,0x0000,0x0000,0x0000,0x0000,0x0000,0x0000,
    0x0000,0x0000,0x0000,0x0000,0x7d06,0x7d06,0x7d06,0x7d06,0x7d06,0x7d06,0x7d06,0x7d06,
    0x7d06,0x7d06,0x7d06,0x7d06,0x7d06,0x7d06,0x7d06,0x7d06,0x7d06,0x7d06,0x5384,0x5384,
    0x5384,0x5384,0x5384,0x5384,0x53e4,0x53e4,0x0000,0x0000,0x0000,0x0000,0x0000,0x0000,
    0x0000,0x0000,0x0000,0x0000,0x0000,0x0000,0x0000,0x0000,0x0000,0x0000,0x0000,0x0000,
    0x0000,0x0000,0x7d06,0x7d06,0x7d06,0x7d06,0x7d06,0x7d06,0x7d06,0x7d06,0x7d06,0x7d06,
    0x5384,0x5384,0x7d06,0x7d06,0x7d06,0x7d06,0x7d06,0x7d06,0x7d06,0x5384,0x5384,0x5384,
    0x5384,0x5384,0x53e4,0x53e4,0x0000,0x0000,0x0000,0x0000,0x0000,0x0000,0x0000,0x0000,
    0x0000,0x0000,0x0000,0x0000,0x0000,0x0000,0x0000,0x0000,0x0000,0x0000,0x0000,0x0000,
    0x7d06,0x7d06,0x7d06,0x7d06,0x7d06,0x7d06,0x7d06,0x7d06,0x7d06,0x7d06,0x5384,0x5384,
    0x7d06,0x7d06,0x7d06,0x7d06,0x7d06,0x7d06,0x7d06,0x7d06,0x5384,0x5384,0x5384,0x5384,
    0x42e3,0x42e3,0x53e4,0x53e4,0x0000,0x0000,0x0000,0x0000,0x0000,0x0000,0x0000,0x0000,
    0x0000,0x0000,0x0000,0x0000,0x0000,0x0000,0x0000,0x0000,0x0000,0x0000,0x7d06,0x7d06,
    0x7d06,0x7d06,0x7d06,0x7d06,0x7d06,0x7d06,0x7d06,0x7d06,0x7d06,0x7d06,0x9e89,0x9e89,
    0x9e89,0x9e89,0x9e89,0x9e89,0x7d06,0x7d06,0x7d06,0x5384,0x5384,0x5384,0x42e3,0x53e4,
    0x53e4,0x53e4,0x0000,0x0000,0x0000,0x0000,0x0000,0x0000,0x0000,0x0000,0x0000,0x0000,
    0x0000,0x0000,0x0000,0x0000,0x0000,0x0000,0x0000,0x0000,0x7d06,0x7d06,0x7d06,0x7d06,
    0x7d06,0x7d06,0x7d06,0x7d06,0x7d06,0x7d06,0x7d06,0x7d06,0x9e89,0x9e89,0x9e89,0x9e89,
    0x9e89,0x9e89,0x9e89,0x7d06,0x7d06,0x7d06,0x5384,0x5384,0x42e3,0x53e4,0x53e4,0x42e3,
    0x53e4,0x53e4,0x0000,0x0000,0x0000,0x0000,0x0000,0x0000,0x0000,0x0000,0x0000,0x0000,
    0x0000,0x0000,0x0000,0x0000,0x0000,0x0000,0x7d06,0x7d06,0x7d06,0x7d06,0x7d06,0x7d06,
    0x7d06,0x7d06,0x7d06,0x7d06,0x5384,0x5384,0x9e89,0x9e89,0x9e89,0x9e89,0x9e89,0x9e89,
    0x9e89,0x9e89,0x0000,0x0000,0x0000,0x0000,0x42e3,0x42e3,0x42e3,0x53e4,0x53e4,0x53e4,
    0x0000,0x0000,0x0000,0x0000,0x0000,0x0000,0x0000,0x0000,0x0000,0x0000,0x0000,0x0000,
    0x0000,0x0000,0x0000,0x0000,0x7d06,0x7d06,0x7d06,0x7d06,0x7d06,0x7d06,0x7d06,0x7d06,
    0x7d06,0x7d06,0x5384,0x5384,0x5384,0x9e89,0x9e89,0x9e89,0x9e89,0x9e89,0x9e89,0x9e89,
    0x9e89,0x0000,0x0000,0x0000,0x0000,0x42e3,0x42e3,0x53e4,0x53e4,0x42e3,0x53e4,0x53e4,
    0x0000,0x0000,0x0000,0x0000,0x0000,0x0000,0x0000,0x0000,0x0000,0x0000,0x0000,0x0000,
    0x9e89,0x9e89,0x7d06,0x7d06,0x7d06,0x7d06,0x9e89,0x9e89,0x9e89,0x9e89,0x7d06,0x7d06,
    0x5384,0x5384,0x5384,0x5384,0x9e89,0x9e89,0x9e89,0x9e89,0x9e89,0x9e89,0x9e89,0x9e89,
    0x0000,0x0000,0x0000,0x42e3,0x42e3,0x42e3,0x42e3,0x53e4,0x53e4,0x53e4,0x0000,0x0000,
    0x0000,0x0000,0x0000,0x0000,0x0000,0x0000,0x0000,0x0000,0x0000,0x53e4,0x9e89,0x9e89,
    0x7d06,0x7d06,0x7d06,0x7d06,0x9e89,0x9e89,0x9e89,0x9e89,0x9e89,0x7d06,0x5384,0x5384,
    0x5384,0x5384,0x5384,0x7d06,0x9e89,0x9e89,0x9e89,0x9e89,0x9e89,0x9e89,0x0000,0x0000,
    0x0000,0x42e3,0x8de8,0x8de8,0x8de8,0x8de8,0x53e4,0x42e3,0x53e4,0x53e4,0x0000,0x0000,
    0x0000,0x0000,0x0000,0x0000,0x0000,0x0000,0x9e89,0x9e89,0x7d06,0x7d06,0x7d06,0x7d06,
    0x7d06,0x7d06,0x7d06,0x7d06,0x5384,0x5384,0x9e89,0x7d06,0x5384,0x5384,0x5384,0x5384,
    0x5384,0x5384,0x0000,0x0000,0x0000,0x0000,0x0000,0x0000,0x0000,0x0000,0x0000,0x42e3,
    0x8de8,0x8de8,0x8de8,0x8de8,0x42e3,0x53e4,0x53e4,0x53e4,0x0000,0x0000,0x0000,0x0000,
    0x0000,0x0000,0x0000,0x53e4,0x9e89,0x9e89,0x7d06,0x7d06,0x7d06,0x7d06,0x7d06,0x7d06,
    0x7d06,0x7d06,0x5384,0x5384,0x5384,0x7d06,0x5384,0x5384,0x5384,0x5384,0x5384,0x5384,
    0x0000,0x0000,0x0000,0x0000,0x0000,0x0000,0x0000,0x0000,0x0000,0x42e3,0x6c86,0x6c86,
    0x6c86,0x6c86,0x8de8,0x8de8,0x53e4,0x2a02,0x0000,0x0000,0x0000,0x0000,0x9e89,0x9e89,
    0x9e89,0x9e89,0x7d06,0x7d06,0x7d06,0x7d06,0x7d06,0x7d06,0x7d06,0x7d06,0x7d06,0x7d06,
    0x7d06,0x7d06,0x9e89,0x9e89,0x9e89,0x9e89,0x9e89,0x9e89,0x5384,0x5384,0x0000,0x0000,
    0x0000,0x0000,0x0000,0x0000,0x0000,0x0000,0x0000,0x0000,0x6c86,0x6c86,0x6c86,0x6c86,
    0x8de8,0x8de8,0x2a02,0x2a02,0x53e4,0x0000,0x0000,0x0000,0x9e89,0x9e89,0x9e89,0x9e89,
    0x7d06,0x7d06,0x7d06,0x7d06,0x7d06,0x7d06,0x7d06,0x7d06,0x7d06,0x7d06,0x7d06,0x7d06,
    0x9e89,0x9e89,0x9e89,0x9e89,0x9e89,0x9e89,0x5384,0x5384,0x0000,0x0000,0x0000,0x0000,
    0x0000,0x0000,0x0000,0x0000,0x0000,0x0000,0x6c86,0x6c86,0x6c86,0x6c86,0x6c86,0x6c86,
    0x8de8,0x8de8,0x8de8,0x8de8,0x8de8,0x8de8,0x7d06,0x7d06,0x7d06,0x7d06,0x7d06,0x7d06,
    0x7d06,0x7d06,0x7d06,0x7d06,0x7d06,0x7d06,0x7d06,0x5384,0x5384,0x7d06,0x7d06,0x7d06,
    0x5384,0x5384,0x5384,0x5384,0x5384,0x5384,0x0000,0x0000,0x0000,0x0000,0x0000,0x0000,
    0x0000,0x0000,0x0000,0x0000,0x6c86,0x6c86,0x6c86,0x6c86,0x6c86,0x6c86,0x8de8,0x8de8,
    0x8de8,0x8de8,0x8de8,0x8de8,0x7d06,0x7d06,0x7d06,0x7d06,0x7d06,0x7d06,0x7d06,0x7d06,
    0x7d06,0x7d06,0x7d06,0x7d06,0x7d06,0x7d06,0x7d06,0x7d06,0x7d06,0x7d06,0x5384,0x5384,
    0x5384,0x5384,0x5384,0x5384,0x9e89,0x0000,0x0000,0x0000,0x0000,0x0000,0x0000,0x0000,
    0x0000,0x0000,0x0000,0x42e3,0x6c86,0x6c86,0x6c86,0x6c86,0x7d06,0x7d06,0x7d06,0x7d06,
    0x7d06,0x7d06,0x7d06,0x7d06,0x7d06,0x7d06,0x7d06,0x7d06,0x7d06,0x7d06,0x7d06,0x7d06,
    0x7d06,0x7d06,0x7d06,0x7d06,0x7d06,0x7d06,0x7d06,0x7d06,0x5384,0x5384,0x2a02,0x2a02,
    0x5384,0x5384,0x9e89,0x9e89,0x0000,0x0000,0x0000,0x0000,0x0000,0x0000,0x0000,0x0000,
    0x0000,0x42e3,0x6c86,0x6c86,0x6c86,0x6c86,0x7d06,0x7d06,0x7d06,0x9e89,0x9e89,0x9e89,
    0x9e89,0x9e89,0x9e89,0x9e89,0x9e89,0x9e89,0x9e89,0x9e89,0x9e89,0x7d06,0x7d06,0x7d06,
    0x7d06,0x7d06,0x7d06,0x7d06,0x7d06,0x7d06,0x5384,0x5384,0x2a02,0x2a02,0x2a02,0x5384,
    0x5384,0x9e89,0x0000,0x0000,0x0000,0x0000,0x0000,0x0000,0x0000,0x0000,0x0000,0x42e3,
    0x6c86,0x6c86,0x7d06,0x7d06,0x7d06,0x7d06,0x9e89,0x9e89,0x9e89,0x9e89,0x9e89,0x9e89,
    0x9e89,0x9e89,0x9e89,0x9e89,0x9e89,0x9e89,0x9e89,0x7d06,0x7d06,0x7d06,0x7d06,0x7d06,
    0x7d06,0x7d06,0x7d06,0x7d06,0x5384,0x5384,0x2a02,0x2a02,0x2a02,0x5384,0x5384,0x5384,
    0x0000,0x0000,0x0000,0x0000,0x0000,0x0000,0x0000,0x0000,0x0000,0x0000,0x6c86,0x6c86,
    0x7d06,0x7d06,0x7d06,0x7d06,0x9e89,0x9e89,0x9e89,0x9e89,0x9e89,0x9e89,0x9e89,0x9e89,
    0x9e89,0x9e89,0x7d06,0x5384,0x5384,0x7d06,0x7d06,0x7d06,0x7d06,0x7d06,0x7d06,0x7d06,
    0x7d06,0x7d06,0x5384,0x5384,0x2a02,0x2a02,0x2a02,0x5384,0x5384,0x5384,0x0000,0x0000,
    0x0000,0x0000,0x0000,0x0000,0x0000,0x0000,0x0000,0x0000,0x6c86,0x6c86,0x7d06,0x7d06,
    0x7d06,0x7d06,0x7d06,0x7d06,0x7d06,0x7d06,0x7d06,0x7d06,0x7d06,0x7d06,0x5384,0x5384,
    0x7d06,0x5384,0x5384,0x7d06,0x7d06,0x7d06,0x7d06,0x7d06,0x7d06,0x7d06,0x7d06,0x7d06,
    0x5384,0x5384,0x2a02,0x2a02,0x2a02,0x5384,0x7d06,0x7d06,0x9e89,0x9e89,0x9e89,0x9e89,
    0x9e89,0x9e89,0x0000,0x0000,0x0000,0x0000,0x6c86,0x6c86,0x7d06,0x7d06,0x7d06,0x7d06,
    0x7d06,0x7d06,0x7d06,0x7d06,0x7d06,0x7d06,0x7d06,0x7d06,0x5384,0x5384,0x7d06,0x5384,
    0x5384,0x7d06,0x7d06,0x7d06,0x7d06,0x7d06,0x7d06,0x7d06,0x7d06,0x7d06,0x5384,0x5384,
    0x2a02,0x2a02,0x2a02,0x5384,0x7d06,0x7d06,0x9e89,0x9e89,0x9e89,0x9e89,0x9e89,0x9e89,
    0x0000,0x0000,0x0000,0x0000,0x0000,0x42e3,0x7d06,0x7d06,0x7d06,0x7d06,0x7d06,0x7d06,
    0x7d06,0x7d06,0x7d06,0x7d06,0x7d06,0x7d06,0x5384,0x5384,0x7d06,0x5384,0x5384,0x7d06,
    0x7d06,0x7d06,0x7d06,0x7d06,0x7d06,0x7d06,0x5384,0x5384,0x42e3,0x2a02,0x2a02,0x2a02,
    0x2a02,0x5384,0x0000,0x0000,0x0000,0x0000,0x0000,0x0000,0x5384,0x5384,0x0000,0x0000,
    0x0000,0x0000,0x0000,0x0000,0x7d06,0x7d06,0x7d06,0x7d06,0x7d06,0x7d06,0x7d06,0x7d06,
    0x7d06,0x7d06,0x7d06,0x7d06,0x5384,0x5384,0x7d06,0x5384,0x5384,0x7d06,0x7d06,0x7d06,
    0x7d06,0x7d06,0x7d06,0x7d06,0x5384,0x5384,0x42e3,0x2a02,0x2a02,0x2a02,0x2a02,0x5384,
    0x0000,0x0000,0x0000,0x0000,0x0000,0x0000,0x5384,0x5384,0x0000,0x0000,0x0000,0x0000,
    0x0000,0x0000,0x0000,0x42e3,0x7d06,0x7d06,0x7d06,0x7d06,0x7d06,0x7d06,0x7d06,0x7d06,
    0x7d06,0x7d06,0x5384,0x5384,0x7d06,0x5384,0x5384,0x7d06,0x7d06,0x7d06,0x7d06,0x7d06,
    0x7d06,0x7d06,0x5384,0x5384,0x42e3,0x2a02,0x2a02,0x2a02,0x2a02,0x5384,0x0000,0x0000,
    0x0000,0x0000,0x0000,0x0000,0x0000,0x0000,0x0000,0x0000,0x0000,0x0000,0x0000,0x0000,
    0x0000,0x0000,0x7d06,0x7d06,0x7d06,0x7d06,0x7d06,0x7d06,0x7d06,0x7d06,0x7d06,0x7d06,
    0x5384,0x5384,0x7d06,0x5384,0x5384,0x7d06,0x7d06,0x7d06,0x7d06,0x7d06,0x7d06,0x7d06,
    0x5384,0x5384,0x2a02,0x42e3,0x2a02,0x2a02,0x2a02,0x5384,0x0000,0x0000,0x0000,0x0000,
    0x0000,0x0000,0x0000,0x0000,0x0000,0x0000,0x0000,0x0000,0x0000,0x0000,0x0000,0x0000,
    0x0000,0x42e3,0x7d06,0x7d06,0x7d06,0x7d06,0x7d06,0x7d06,0x7d06,0x7d06,0x5384,0x5384,
    0x7d06,0x5384,0x5384,0x7d06,0x7d06,0x7d06,0x7d06,0x7d06,0x5384,0x5384,0x42e3,0x2a02,
    0x2a02,0x2a02,0x42e3,0x2a02,0x2a02,0x0000,0x0000,0x0000,0x0000,0x0000,0x0000,0x0000,
    0x0000,0x0000,0x0000,0x0000,0x0000,0x0000,0x0000,0x0000,0x0000,0x0000,0x0000,0x0000,
    0x7d06,0x7d06,0x7d06,0x7d06,0x7d06,0x7d06,0x7d06,0x7d06,0x5384,0x5384,0x5384,0x7d06,
    0x7d06,0x7d06,0x7d06,0x7d06,0x7d06,0x7d06,0x5384,0x5384,0x2a02,0x42e3,0x2a02,0x2a02,
    0x2a02,0x5384,0x0000,0x0000,0x0000,0x0000,0x0000,0x0000,0x0000,0x0000,0x0000,0x0000,
    0x0000,0x0000,0x0000,0x0000,0x0000,0x0000,0x0000,0x0000,0x0000,0x0000,0x0000,0x42e3,
    0x7d06,0x7d06,0x7d06,0x7d06,0x7d06,0x7d06,0x5384,0x5384,0x5384,0x42e3,0x42e3,0x42e3,
    0x42e3,0x42e3,0x42e3,0x42e3,0x42e3,0x2a02,0x2a02,0x2a02,0x42e3,0x2a02,0x2a02,0x5384,
    0x0000,0x0000,0x0000,0x0000,0x0000,0x0000,0x0000,0x0000,0x0000,0x0000,0x0000,0x0000,
    0x0000,0x0000,0x0000,0x0000,0x0000,0x0000,0x0000,0x0000,0x0000,0x0000,0x7d06,0x7d06,
    0x7d06,0x7d06,0x7d06,0x7d06,0x5384,0x5384,0x5384,0x42e3,0x42e3,0x2a02,0x2a02,0x42e3,
    0x42e3,0x42e3,0x42e3,0x42e3,0x2a02,0x2a02,0x2a02,0x7d06,0x5384,0x5384,0x0000,0x0000,
    0x0000,0x0000,0x0000,0x0000,0x0000,0x0000,0x0000,0x0000,0x0000,0x0000,0x0000,0x0000,
    0x0000,0x0000,0x0000,0x0000,0x0000,0x0000,0x0000,0x0000,0x0000,0x7d06,0x7d06,0x7d06,
    0x7d06,0x7d06,0x5384,0x5384,0x5384,0x42e3,0x42e3,0x2a02,0x2a02,0x2a02,0x42e3,0x42e3,
    0x42e3,0x42e3,0x42e3,0x2a02,0x2a02,0x5384,0x5384,0x5384,0x0000,0x0000,0x0000,0x0000,
    0x0000,0x0000,0x0000,0x0000,0x0000,0x0000,0x0000,0x0000,0x0000,0x0000,0x0000,0x0000,
    0x0000,0x0000,0x0000,0x0000,0x0000,0x0000,0x0000,0x0000,0x7d06,0x7d06,0x7d06,0x7d06,
    0x5384,0x5384,0x42e3,0x42e3,0x42e3,0x42e3,0x2a02,0x2a02,0x2a02,0x7d06,0x7d06,0x7d06,
    0x7d06,0x7d06,0x5384,0x5384,0x5384,0x5384,0x0000,0x0000,0x0000,0x0000,0x0000,0x0000,
    0x0000,0x0000,0x0000,0x0000,0x0000,0x0000,0x0000,0x0000,0x0000,0x0000,0x0000,0x0000,
    0x0000,0x0000,0x9e89,0x9e89,0x9e89,0x9e89,0x9e89,0x9e89,0x5384,0x5384,0x42e3,0x42e3,
    0x42e3,0x42e3,0x42e3,0x42e3,0x42e3,0x2a02,0x2a02,0x7d06,0x7d06,0x7d06,0x7d06,0x7d06,
    0x7d06,0x5384,0x5384,0x5384,0x0000,0x0000,0x0000,0x0000,0x0000,0x0000,0x0000,0x0000,
    0x0000,0x0000,0x0000,0x0000,0x0000,0x0000,0x0000,0x0000,0x0000,0x0000,0x0000,0x0000,
    0x9e89,0x9e89,0x9e89,0x9e89,0x9e89,0x9e89,0x5384,0x5384,0x0000,0x0000,0x0000,0x0000,
    0x0000,0x0000,0x0000,0x7d06,0x7d06,0x7d06,0x7d06,0x7d06,0x7d06,0x7d06,0x7d06,0x5384,
    0x5384,0x5384,0x0000,0x0000,0x0000,0x0000,0x0000,0x0000,0x0000,0x0000,0x0000,0x0000,
    0x0000,0x0000,0x0000,0x0000,0x0000,0x0000,0x0000,0x0000,0x0000,0x0000,0x5384,0x5384,
    0x0000,0x0000,0x0000,0x0000,0x0000,0x0000,0x0000,0x0000,0x0000,0x0000,0x0000,0x0000,
    0x0000,0x7d06,0x7d06,0x7d06,0x7d06,0x7d06,0x7d06,0x7d06,0x7d06,0x5384,0x5384,0x5384,
    0x0000,0x0000,0x0000,0x0000,0x0000,0x0000,0x0000,0x0000,0x0000,0x0000,0x0000,0x0000,
    0x0000,0x0000,0x0000,0x0000,0x0000,0x0000,0x0000,0x0000,0x5384,0x5384,0x0000,0x0000,
    0x0000,0x0000,0x0000,0x0000,0x0000,0x0000,0x0000,0x0000,0x0000,0x0000,0x0000,0x7d06,
    0x7d06,0x7d06,0x7d06,0x7d06,0x7d06,0x5384,0x5384,0x7d06,0x5384,0x5384,0x0000,0x0000,
    0x0000,0x0000,0x0000,0x0000,0x0000,0x0000,0x0000,0x0000,0x0000,0x0000,0x0000,0x0000,
    0x0000,0x0000,0x0000,0x0000,0x0000,0x0000,0x0000,0x0000,0x0000,0x0000,0x0000,0x0000,
    0x0000,0x0000,0x0000,0x0000,0x0000,0x0000,0x0000,0x0000,0x0000,0x7d06,0x7d06,0x7d06,
    0x7d06,0x7d06,0x7d06,0x5384,0x5384,0x7d06,0x5384,0x5384,0x0000,0x0000,0x0000,0x0000,
    0x0000,0x0000,0x0000,0x0000,0x0000,0x0000,0x0000,0x0000,0x0000,0x0000,0x0000,0x0000,
    0x0000,0x0000,0x0000,0x0000,0x0000,0x0000,0x0000,0x0000,0x0000,0x0000,0x0000,0x0000,
    0x0000,0x0000,0x0000,0x0000,0x0000,0x0000,0x0000,0x0000,0x7d06,0x7d06,0x7d06,0x7d06,
    0x7d06,0x7d06,0x7d06,0x7d06,0x5384,0x5384,0x0000,0x0000,0x0000,0x0000,0x0000,0x0000,
    0x0000,0x0000,0x0000,0x0000,0x0000,0x0000,0x0000,0x0000,0x0000,0x0000,0x0000,0x0000,
    0x0000,0x0000,0x0000,0x0000,0x0000,0x0000,0x0000,0x0000,0x0000,0x0000,0x0000,0x0000,
    0x0000,0x0000,0x0000,0x0000,0x0000,0x0000,0x0000,0x0000,0x0000,0x0000,0x0000,0x0000,
    0x0000,0x0000,0x5384,0x5384,0x0000,0x0000,0x0000,0x0000,0x0000,0x0000,0x0000,0x0000,
    0x0000,0x0000,0x0000,0x0000,0x0000,0x0000,0x0000,0x0000,0x0000,0x0000,0x0000,0x0000,
    0x0000,0x0000,0x0000,0x0000,0x0000,0x0000,0x0000,0x0000,0x0000,0x0000,0x0000,0x0000,
    0x0000,0x0000,0x0000,0x0000,0x0000,0x0000,0x0000,0x0000,0x0000,0x0000,0x0000,0x0000,
    0x5384,0x5384,0x0000,0x0000,0x0000,0x0000,0x0000,0x0000,0x0000,0x0000,0x0000,0x0000,
    0x0000,0x0000,0x0000,0x0000,0x0000,0x0000,0x0000,0x0000,0x0000,0x0000,0x0000,0x0000,
    0x0000,0x0000,0x0000,0x0000,0x0000,0x0000,0x0000,0x0000,0x0000,0x0000,0x0000,0x0000,
    0x0000,0x0000,0x0000,0x0000,0x0000,0x0000,0x0000,0x0000,0x0000,0x0000,0x5384,0x5384,
    0x0000,0x0000,0x0000,0x0000,0x0000,0x0000,0x0000,0x0000,0x0000,0x0000,0x0000,0x0000,
    0x0000,0x0000,0x0000,0x0000,0x0000,0x0000,0x0000,0x0000,0x0000,0x0000,0x0000,0x0000,
    0x0000,0x0000,0x0000,0x0000,0x0000,0x0000,0x0000,0x0000,0x0000,0x0000,0x0000,0x0000,
    0x0000,0x0000,0x0000,0x0000,0x0000,0x0000,0x0000,0x0000,0x5384,0x5384,0x0000,0x0000,
    0x0000,0x0000,0x0000,0x0000,0x0000,0x0000,0x0000,0x0000,0x0000,0x0000,0x0000,0x0000,
    0x0000,0x0000,0x0000,0x0000,0x0000,0x0000,0x0000,0x0000,0x0000,0x0000,0x0000,0x0000,
    0x0000,0x0000,0x0000,0x0000,0x0000,0x0000,0x0000,0x0000,0x0000,0x0000,0x0000,0x0000,
    0x0000,0x0000,0x0000,0x0000,0x0000,0x0000,0x7d06,0x7d06,0x9e89,0x9e89,0x0000,0x0000,
    0x0000,0x0000,0x0000,0x0000,0x0000,0x0000,0x0000,0x0000,0x0000,0x0000,0x0000,0x0000,
    0x0000,0x0000,0x0000,0x0000,0x0000,0x0000,0x0000,0x0000,0x0000,0x0000,0x0000,0x0000,
    0x0000,0x0000,0x0000,0x0000,0x0000,0x0000,0x0000,0x0000,0x0000,0x0000,0x0000,0x0000,
    0x0000,0x0000,0x0000,0x0000,0x7d06,0x7d06,0x9e89,0x9e89,0x0000,0x0000,0x0000,0x0000,
    0x0000,0x0000,0x0000,0x0000,
};
const sprite_t spr_dino_0 = { 46, 52, px_dino_0 };

static const uint16_t px_dino_1[2392] = {
    0x0000,0x0000,0x0000,0x0000,0x0000,0x0000,0x0000,0x0000,0x0000,0x0000,0x0000,0x0000,
    0x0000,0x0000,0x0000,0x0000,0x0000,0x0000,0x0000,0x0000,0x0000,0x0000,0x0000,0x0000,
    0x9e89,0x9e89,0x9e89,0x9e89,0x9e89,0x9e89,0x9e89,0x9e89,0x9e89,0x9e89,0x9e89,0x9e89,
    0x9e89,0x9e89,0x9e89,0x9e89,0x0000,0x0000,0x0000,0x0000,0x0000,0x0000,0x0000,0x0000,
    0x0000,0x0000,0x0000,0x0000,0x0000,0x0000,0x0000,0x0000,0x0000,0x0000,0x0000,0x0000,
    0x0000,0x0000,0x0000,0x0000,0x0000,0x0000,0x0000,0x0000,0x0000,0x0000,0x9e89,0x9e89,
    0x9e89,0x9e89,0x9e89,0x9e89,0x9e89,0x9e89,0x9e89,0x9e89,0x9e89,0x9e89,0x9e89,0x9e89,
    0x9e89,0x9e89,0x9e89,0x0000,0x0000,0x0000,0x0000,0x0000,0x0000,0x0000,0x0000,0x0000,
    0x0000,0x0000,0x0000,0x0000,0x0000,0x0000,0x0000,0x0000,0x0000,0x0000,0x0000,0x0000,
    0x0000,0x0000,0x0000,0x0000,0x0000,0x0000,0x9e89,0x9e89,0x7d06,0x7d06,0x7d06,0x7d06,
    0x7d06,0x7d06,0x7d06,0x7d06,0x7d06,0x7d06,0x7d06,0x7d06,0x7d06,0x7d06,0x7d06,0x7d06,
    0x9e89,0x9e89,0x0000,0x0000,0x0000,0x0000,0x0000,0x0000,0x0000,0x0000,0x0000,0x0000,
    0x0000,0x0000,0x0000,0x0000,0x0000,0x0000,0x0000,0x0000,0x0000,0x0000,0x0000,0x0000,
    0x0000,0x0000,0x0000,0x0000,0x9e89,0x9e89,0x7d06,0x7d06,0x7d06,0x7d06,0x7d06,0x7d06,
    0x7d06,0x7d06,0x7d06,0x7d06,0x7d06,0x7d06,0x7d06,0x7d06,0x7d06,0x7d06,0x9e89,0x9e89,
    0x9e89,0x0000,0x0000,0x0000,0x0000,0x0000,0x0000,0x0000,0x0000,0x0000,0x0000,0x0000,
    0x0000,0x0000,0x0000,0x0000,0x0000,0x0000,0x0000,0x0000,0x0000,0x0000,0x0000,0x0000,
    0x0000,0x0000,0x7d06,0x7d06,0x5384,0x5384,0x7d06,0x7d06,0x7d06,0x7d06,0x7d06,0x7d06,
    0x7d06,0x7d06,0x7d06,0x7d06,0x7d06,0x7d06,0x7d06,0x7d06,0x5384,0x5384,0x9e89,0x9e89,
    0x0000,0x0000,0x0000,0x0000,0x0000,0x0000,0x0000,0x0000,0x0000,0x0000,0x0000,0x0000,
    0x0000,0x0000,0x0000,0x0000,0x0000,0x0000,0x0000,0x0000,0x0000,0x0000,0x0000,0x0000,
    0x7d06,0x7d06,0x5384,0x5384,0x5384,0x7d06,0x7d06,0x7d06,0x7d06,0x7d06,0x7d06,0x7d06,
    0x7d06,0x7d06,0x7d06,0x7d06,0x7d06,0x7d06,0x5384,0x5384,0x5384,0x9e89,0x9e89,0x0000,
    0x0000,0x0000,0x0000,0x0000,0x0000,0x0000,0x0000,0x0000,0x0000,0x0000,0x0000,0x0000,
    0x0000,0x0000,0x0000,0x0000,0x0000,0x0000,0x0000,0x0000,0x0000,0x0000,0x7d06,0x7d06,
    0x7d06,0x7d06,0x9e89,0x9e89,0x7d06,0x7d06,0x7d06,0x7d06,0x7d06,0x7d06,0x7d06,0x7d06,
    0x7d06,0x7d06,0x7d06,0x7d06,0x5384,0x5384,0x5384,0x5384,0x9e89,0x9e89,0x0000,0x0000,
    0x0000,0x0000,0x0000,0x0000,0x0000,0x0000,0x0000,0x0000,0x0000,0x0000,0x0000,0x0000,
    0x0000,0x0000,0x0000,0x0000,0x0000,0x0000,0x0000,0x0000,0x7d06,0x7d06,0x7d06,0x7d06,
    0x9e89,0x9e89,0x7d06,0x7d06,0x7d06,0x7d06,0x7d06,0x7d06,0x7d06,0x7d06,0x7d06,0x7d06,
    0x7d06,0x7d06,0x5384,0x5384,0x5384,0x5384,0x5384,0x9e89,0x0000,0x0000,0x0000,0x0000,
    0x0000,0x0000,0x0000,0x0000,0x0000,0x0000,0x0000,0x0000,0x0000,0x0000,0x0000,0x0000,
    0x0000,0x0000,0x0000,0x0000,0x0000,0x0000,0x7d06,0x7d06,0x7d06,0x7d06,0x7d06,0x7d06,
    0x7d06,0x7d06,0x7d06,0x7d06,0x7d06,0x7d06,0x7d06,0x7d06,0x7d06,0x7d06,0x7d06,0x7d06,
    0x5384,0x5384,0x5384,0x5384,0x5384,0x5384,0x0000,0x0000,0x0000,0x0000,0x0000,0x0000,
    0x0000,0x0000,0x0000,0x0000,0x0000,0x0000,0x0000,0x0000,0x0000,0x0000,0x0000,0x0000,
    0x0000,0x0000,0x0000,0x0000,0x7d06,0x7d06,0x7d06,0x7d06,0x7d06,0x7d06,0x7d06,0x7d06,
    0x7d06,0x7d06,0x7d06,0x7d06,0x7d06,0x7d06,0x7d06,0x7d06,0x7d06,0x7d06,0x5384,0x5384,
    0x5384,0x5384,0x5384,0x5384,0x53e4,0x53e4,0x0000,0x0000,0x0000,0x0000,0x0000,0x0000,
    0x0000,0x0000,0x0000,0x0000,0x0000,0x0000,0x0000,0x0000,0x0000,0x0000,0x0000,0x0000,
    0x0000,0x0000,0x7d06,0x7d06,0x7d06,0x7d06,0x7d06,0x7d06,0x7d06,0x7d06,0x7d06,0x7d06,
    0x5384,0x5384,0x7d06,0x7d06,0x7d06,0x7d06,0x7d06,0x7d06,0x7d06,0x5384,0x5384,0x5384,
    0x5384,0x5384,0x53e4,0x53e4,0x0000,0x0000,0x0000,0x0000,0x0000,0x0000,0x0000,0x0000,
    0x0000,0x0000,0x0000,0x0000,0x0000,0x0000,0x0000,0x0000,0x0000,0x0000,0x0000,0x0000,
    0x7d06,0x7d06,0x7d06,0x7d06,0x7d06,0x7d06,0x7d06,0x7d06,0x7d06,0x7d06,0x5384,0x5384,
    0x7d06,0x7d06,0x7d06,0x7d06,0x7d06,0x7d06,0x7d06,0x7d06,0x5384,0x5384,0x5384,0x5384,
    0x42e3,0x42e3,0x53e4,0x53e4,0x0000,0x0000,0x0000,0x0000,0x0000,0x0000,0x0000,0x0000,
    0x0000,0x0000,0x0000,0x0000,0x0000,0x0000,0x0000,0x0000,0x0000,0x0000,0x7d06,0x7d06,
    0x7d06,0x7d06,0x7d06,0x7d06,0x7d06,0x7d06,0x7d06,0x7d06,0x7d06,0x7d06,0x9e89,0x9e89,
    0x9e89,0x9e89,0x9e89,0x9e89,0x7d06,0x7d06,0x7d06,0x5384,0x5384,0x5384,0x42e3,0x53e4,
    0x53e4,0x53e4,0x0000,0x0000,0x0000,0x0000,0x0000,0x0000,0x0000,0x0000,0x0000,0x0000,
    0x0000,0x0000,0x0000,0x0000,0x0000,0x0000,0x0000,0x0000,0x7d06,0x7d06,0x7d06,0x7d06,
    0x7d06,0x7d06,0x7d06,0x7d06,0x7d06,0x7d06,0x7d06,0x7d06,0x9e89,0x9e89,0x9e89,0x9e89,
    0x9e89,0x9e89,0x9e89,0x7d06,0x7d06,0x7d06,0x5384,0x5384,0x42e3,0x53e4,0x53e4,0x42e3,
    0x53e4,0x53e4,0x0000,0x0000,0x0000,0x0000,0x0000,0x0000,0x0000,0x0000,0x0000,0x0000,
    0x0000,0x0000,0x0000,0x0000,0x0000,0x0000,0x7d06,0x7d06,0x7d06,0x7d06,0x7d06,0x7d06,
    0x7d06,0x7d06,0x7d06,0x7d06,0x5384,0x5384,0x9e89,0x9e89,0x9e89,0x9e89,0x9e89,0x9e89,
    0x9e89,0x9e89,0x0000,0x0000,0x0000,0x0000,0x42e3,0x42e3,0x42e3,0x53e4,0x53e4,0x53e4,
    0x0000,0x0000,0x0000,0x0000,0x0000,0x0000,0x0000,0x0000,0x0000,0x0000,0x0000,0x0000,
    0x0000,0x0000,0x0000,0x0000,0x7d06,0x7d06,0x7d06,0x7d06,0x7d06,0x7d06,0x7d06,0x7d06,
    0x7d06,0x7d06,0x5384,0x5384,0x5384,0x9e89,0x9e89,0x9e89,0x9e89,0x9e89,0x9e89,0x9e89,
    0x9e89,0x0000,0x0000,0x0000,0x0000,0x42e3,0x42e3,0x53e4,0x53e4,0x42e3,0x53e4,0x53e4,
    0x0000,0x0000,0x0000,0x0000,0x0000,0x0000,0x0000,0x0000,0x0000,0x0000,0x0000,0x0000,
    0x9e89,0x9e89,0x7d06,0x7d06,0x7d06,0x7d06,0x9e89,0x9e89,0x9e89,0x9e89,0x7d06,0x7d06,
    0x5384,0x5384,0x5384,0x5384,0x9e89,0x9e89,0x9e89,0x9e89,0x9e89,0x9e89,0x9e89,0x9e89,
    0x0000,0x0000,0x0000,0x42e3,0x42e3,0x42e3,0x42e3,0x53e4,0x53e4,0x53e4,0x0000,0x0000,
    0x0000,0x0000,0x0000,0x0000,0x0000,0x0000,0x0000,0x0000,0x0000,0x53e4,0x9e89,0x9e89,
    0x7d06,0x7d06,0x7d06,0x7d06,0x9e89,0x9e89,0x9e89,0x9e89,0x9e89,0x7d06,0x5384,0x5384,
    0x5384,0x5384,0x5384,0x7d06,0x9e89,0x9e89,0x9e89,0x9e89,0x9e89,0x9e89,0x0000,0x0000,
    0x0000,0x42e3,0x8de8,0x8de8,0x8de8,0x8de8,0x53e4,0x42e3,0x53e4,0x53e4,0x0000,0x0000,
    0x0000,0x0000,0x0000,0x0000,0x0000,0x0000,0x9e89,0x9e89,0x7d06,0x7d06,0x7d06,0x7d06,
    0x7d06,0x7d06,0x7d06,0x7d06,0x5384,0x5384,0x9e89,0x7d06,0x5384,0x5384,0x5384,0x5384,
    0x5384,0x5384,0x0000,0x0000,0x0000,0x0000,0x0000,0x0000,0x0000,0x0000,0x0000,0x42e3,
    0x8de8,0x8de8,0x8de8,0x8de8,0x42e3,0x53e4,0x53e4,0x53e4,0x0000,0x0000,0x0000,0x0000,
    0x0000,0x0000,0x0000,0x53e4,0x9e89,0x9e89,0x7d06,0x7d06,0x7d06,0x7d06,0x7d06,0x7d06,
    0x7d06,0x7d06,0x5384,0x5384,0x5384,0x7d06,0x5384,0x5384,0x5384,0x5384,0x5384,0x5384,
    0x0000,0x0000,0x0000,0x0000,0x0000,0x0000,0x0000,0x0000,0x0000,0x42e3,0x6c86,0x6c86,
    0x6c86,0x6c86,0x8de8,0x8de8,0x53e4,0x2a02,0x0000,0x0000,0x0000,0x0000,0x9e89,0x9e89,
    0x9e89,0x9e89,0x7d06,0x7d06,0x7d06,0x7d06,0x7d06,0x7d06,0x7d06,0x7d06,0x7d06,0x7d06,
    0x7d06,0x7d06,0x9e89,0x9e89,0x9e89,0x9e89,0x9e89,0x9e89,0x5384,0x5384,0x0000,0x0000,
    0x0000,0x0000,0x0000,0x0000,0x0000,0x0000,0x0000,0x0000,0x6c86,0x6c86,0x6c86,0x6c86,
    0x8de8,0x8de8,0x2a02,0x2a02,0x53e4,0x0000,0x0000,0x0000,0x9e89,0x9e89,0x9e89,0x9e89,
    0x7d06,0x7d06,0x7d06,0x7d06,0x7d06,0x7d06,0x7d06,0x7d06,0x7d06,0x7d06,0x7d06,0x7d06,
    0x9e89,0x9e89,0x9e89,0x9e89,0x9e89,0x9e89,0x5384,0x5384,0x0000,0x0000,0x0000,0x0000,
    0x0000,0x0000,0x0000,0x0000,0x0000,0x0000,0x6c86,0x6c86,0x6c86,0x6c86,0x6c86,0x6c86,
    0x8de8,0x8de8,0x8de8,0x8de8,0x8de8,0x8de8,0x7d06,0x7d06,0x7d06,0x7d06,0x7d06,0x7d06,
    0x7d06,0x7d06,0x7d06,0x7d06,0x7d06,0x7d06,0x7d06,0x5384,0x5384,0x7d06,0x7d06,0x7d06,
    0x5384,0x5384,0x5384,0x5384,0x5384,0x5384,0x0000,0x0000,0x0000,0x0000,0x0000,0x0000,
    0x0000,0x0000,0x0000,0x0000,0x6c86,0x6c86,0x6c86,0x6c86,0x6c86,0x6c86,0x8de8,0x8de8,
    0x8de8,0x8de8,0x8de8,0x9e89,0x9e89,0x9e89,0x9e89,0x9e89,0x9e89,0x9e89,0x9e89,0x9e89,
    0x9e89,0x9e89,0x9e89,0x7d06,0x7d06,0x7d06,0x7d06,0x7d06,0x7d06,0x7d06,0x5384,0x5384,
    0x5384,0x5384,0x5384,0x5384,0x9e89,0x0000,0x0000,0x0000,0x0000,0x0000,0x0000,0x0000,
    0x0000,0x0000,0x0000,0x42e3,0x6c86,0x6c86,0x6c86,0x6c86,0x7d06,0x7d06,0x7d06,0x7d06,
    0x7d06,0x9e89,0x9e89,0x9e89,0x9e89,0x9e89,0x9e89,0x9e89,0x9e89,0x9e89,0x9e89,0x9e89,
    0x9e89,0x7d06,0x7d06,0x7d06,0x7d06,0x7d06,0x7d06,0x7d06,0x5384,0x5384,0x2a02,0x2a02,
    0x5384,0x5384,0x9e89,0x9e89,0x0000,0x0000,0x0000,0x0000,0x0000,0x0000,0x0000,0x0000,
    0x0000,0x42e3,0x6c86,0x6c86,0x6c86,0x6c86,0x7d06,0x7d06,0x7d06,0x7d06,0x7d06,0x7d06,
    0x9e89,0x9e89,0x9e89,0x9e89,0x9e89,0x9e89,0x9e89,0x9e89,0x7d06,0x5384,0x5384,0x7d06,
    0x7d06,0x7d06,0x7d06,0x7d06,0x7d06,0x7d06,0x5384,0x5384,0x2a02,0x2a02,0x2a02,0x5384,
    0x5384,0x9e89,0x0000,0x0000,0x0000,0x0000,0x0000,0x0000,0x0000,0x0000,0x0000,0x42e3,
    0x6c86,0x6c86,0x7d06,0x7d06,0x7d06,0x7d06,0x7d06,0x7d06,0x7d06,0x7d06,0x7d06,0x7d06,
    0x7d06,0x7d06,0x7d06,0x7d06,0x5384,0x5384,0x7d06,0x5384,0x5384,0x7d06,0x7d06,0x7d06,
    0x7d06,0x7d06,0x7d06,0x7d06,0x5384,0x5384,0x2a02,0x2a02,0x2a02,0x5384,0x5384,0x5384,
    0x0000,0x0000,0x0000,0x0000,0x0000,0x0000,0x0000,0x0000,0x0000,0x0000,0x6c86,0x6c86,
    0x7d06,0x7d06,0x7d06,0x7d06,0x7d06,0x7d06,0x7d06,0x7d06,0x7d06,0x7d06,0x7d06,0x7d06,
    0x7d06,0x7d06,0x5384,0x5384,0x7d06,0x5384,0x5384,0x7d06,0x7d06,0x7d06,0x7d06,0x7d06,
    0x7d06,0x7d06,0x5384,0x5384,0x2a02,0x2a02,0x2a02,0x5384,0x5384,0x5384,0x0000,0x0000,
    0x0000,0x0000,0x0000,0x0000,0x0000,0x0000,0x0000,0x0000,0x6c86,0x6c86,0x7d06,0x7d06,
    0x7d06,0x7d06,0x7d06,0x7d06,0x7d06,0x7d06,0x7d06,0x7d06,0x7d06,0x7d06,0x7d06,0x7d06,
    0x5384,0x5384,0x7d06,0x5384,0x5384,0x7d06,0x7d06,0x7d06,0x7d06,0x7d06,0x7d06,0x7d06,
    0x5384,0x5384,0x2a02,0x2a02,0x2a02,0x5384,0x7d06,0x7d06,0x9e89,0x9e89,0x9e89,0x9e89,
    0x9e89,0x9e89,0x0000,0x0000,0x0000,0x0000,0x6c86,0x6c86,0x7d06,0x7d06,0x7d06,0x7d06,
    0x7d06,0x7d06,0x7d06,0x7d06,0x7d06,0x7d06,0x7d06,0x7d06,0x7d06,0x7d06,0x5384,0x5384,
    0x7d06,0x5384,0x5384,0x7d06,0x7d06,0x7d06,0x7d06,0x7d06,0x7d06,0x7d06,0x5384,0x5384,
    0x2a02,0x2a02,0x2a02,0x5384,0x7d06,0x7d06,0x9e89,0x9e89,0x9e89,0x9e89,0x9e89,0x9e89,
    0x0000,0x0000,0x0000,0x0000,0x0000,0x42e3,0x7d06,0x7d06,0x7d06,0x7d06,0x7d06,0x7d06,
    0x7d06,0x7d06,0x7d06,0x7d06,0x7d06,0x7d06,0x7d06,0x7d06,0x5384,0x5384,0x7d06,0x5384,
    0x5384,0x7d06,0x7d06,0x7d06,0x7d06,0x7d06,0x5384,0x5384,0x7d06,0x2a02,0x2a02,0x2a02,
    0x2a02,0x5384,0x0000,0x0000,0x0000,0x0000,0x0000,0x0000,0x5384,0x5384,0x0000,0x0000,
    0x0000,0x0000,0x0000,0x0000,0x7d06,0x7d06,0x7d06,0x7d06,0x7d06,0x7d06,0x7d06,0x7d06,
    0x7d06,0x7d06,0x7d06,0x7d06,0x7d06,0x7d06,0x5384,0x5384,0x7d06,0x5384,0x5384,0x7d06,
    0x7d06,0x7d06,0x7d06,0x7d06,0x5384,0x5384,0x7d06,0x2a02,0x2a02,0x2a02,0x2a02,0x5384,
    0x0000,0x0000,0x0000,0x0000,0x0000,0x0000,0x5384,0x5384,0x0000,0x0000,0x0000,0x0000,
    0x0000,0x0000,0x0000,0x42e3,0x7d06,0x7d06,0x7d06,0x7d06,0x7d06,0x7d06,0x7d06,0x7d06,
    0x7d06,0x7d06,0x7d06,0x7d06,0x5384,0x5384,0x7d06,0x5384,0x5384,0x7d06,0x7d06,0x7d06,
    0x7d06,0x7d06,0x5384,0x5384,0x7d06,0x2a02,0x2a02,0x2a02,0x2a02,0x5384,0x0000,0x0000,
    0x0000,0x0000,0x0000,0x0000,0x0000,0x0000,0x0000,0x0000,0x0000,0x0000,0x0000,0x0000,
    0x0000,0x0000,0x7d06,0x7d06,0x7d06,0x7d06,0x7d06,0x7d06,0x7d06,0x7d06,0x7d06,0x7d06,
    0x7d06,0x7d06,0x5384,0x5384,0x5384,0x7d06,0x7d06,0x7d06,0x7d06,0x7d06,0x7d06,0x7d06,
    0x5384,0x5384,0x2a02,0x7d06,0x2a02,0x2a02,0x2a02,0x5384,0x0000,0x0000,0x0000,0x0000,
    0x0000,0x0000,0x0000,0x0000,0x0000,0x0000,0x0000,0x0000,0x0000,0x0000,0x0000,0x0000,
    0x0000,0x42e3,0x7d06,0x7d06,0x7d06,0x7d06,0x7d06,0x7d06,0x7d06,0x7d06,0x7d06,0x7d06,
    0x5384,0x5384,0x5384,0x7d06,0x7d06,0x7d06,0x7d06,0x7d06,0x5384,0x5384,0x7d06,0x2a02,
    0x2a02,0x2a02,0x7d06,0x2a02,0x2a02,0x0000,0x0000,0x0000,0x0000,0x0000,0x0000,0x0000,
    0x0000,0x0000,0x0000,0x0000,0x0000,0x0000,0x0000,0x0000,0x0000,0x0000,0x0000,0x0000,
    0x7d06,0x7d06,0x7d06,0x7d06,0x7d06,0x7d06,0x7d06,0x7d06,0x7d06,0x7d06,0x5384,0x5384,
    0x5384,0x7d06,0x7d06,0x7d06,0x7d06,0x7d06,0x5384,0x5384,0x2a02,0x7d06,0x2a02,0x2a02,
    0x2a02,0x5384,0x0000,0x0000,0x0000,0x0000,0x0000,0x0000,0x0000,0x0000,0x0000,0x0000,
    0x0000,0x0000,0x0000,0x0000,0x0000,0x0000,0x0000,0x0000,0x9e89,0x9e89,0x9e89,0x9e89,
    0x9e89,0x9e89,0x7d06,0x7d06,0x7d06,0x7d06,0x7d06,0x7d06,0x5384,0x5384,0x5384,0x7d06,
    0x7d06,0x42e3,0x42e3,0x42e3,0x42e3,0x2a02,0x2a02,0x2a02,0x7d06,0x2a02,0x2a02,0x5384,
    0x0000,0x0000,0x0000,0x0000,0x0000,0x0000,0x0000,0x0000,0x0000,0x0000,0x0000,0x0000,
    0x0000,0x0000,0x0000,0x0000,0x0000,0x0000,0x9e89,0x9e89,0x9e89,0x9e89,0x9e89,0x9e89,
    0x7d06,0x7d06,0x7d06,0x7d06,0x7d06,0x7d06,0x5384,0x5384,0x5384,0x2a02,0x2a02,0x7d06,
    0x42e3,0x42e3,0x42e3,0x42e3,0x2a02,0x2a02,0x2a02,0x7d06,0x5384,0x5384,0x0000,0x0000,
    0x0000,0x0000,0x0000,0x0000,0x0000,0x0000,0x0000,0x0000,0x0000,0x0000,0x0000,0x0000,
    0x0000,0x0000,0x0000,0x0000,0x5384,0x5384,0x0000,0x0000,0x0000,0x42e3,0x42e3,0x42e3,
    0x42e3,0x7d06,0x7d06,0x7d06,0x7d06,0x5384,0x5384,0x2a02,0x2a02,0x2a02,0x7d06,0x42e3,
    0x42e3,0x42e3,0x42e3,0x2a02,0x2a02,0x5384,0x0000,0x0000,0x0000,0x0000,0x0000,0x0000,
    0x0000,0x0000,0x0000,0x0000,0x0000,0x0000,0x0000,0x0000,0x0000,0x0000,0x0000,0x0000,
    0x0000,0x0000,0x5384,0x5384,0x0000,0x0000,0x0000,0x0000,0x7d06,0x7d06,0x42e3,0x42e3,
    0x42e3,0x42e3,0x42e3,0x42e3,0x42e3,0x42e3,0x2a02,0x2a02,0x2a02,0x7d06,0x7d06,0x7d06,
    0x7d06,0x7d06,0x5384,0x5384,0x0000,0x0000,0x0000,0x0000,0x0000,0x0000,0x0000,0x0000,
    0x0000,0x0000,0x0000,0x0000,0x0000,0x0000,0x0000,0x0000,0x0000,0x0000,0x0000,0x0000,
    0x0000,0x0000,0x0000,0x0000,0x0000,0x0000,0x0000,0x0000,0x0000,0x42e3,0x42e3,0x42e3,
    0x42e3,0x42e3,0x42e3,0x42e3,0x42e3,0x2a02,0x2a02,0x7d06,0x7d06,0x5384,0x5384,0x5384,
    0x0000,0x0000,0x0000,0x0000,0x0000,0x0000,0x0000,0x0000,0x0000,0x0000,0x0000,0x0000,
    0x0000,0x0000,0x0000,0x0000,0x0000,0x0000,0x0000,0x0000,0x0000,0x0000,0x0000,0x0000,
    0x0000,0x0000,0x0000,0x0000,0x0000,0x0000,0x0000,0x0000,0x0000,0x0000,0x0000,0x7d06,
    0x7d06,0x7d06,0x7d06,0x7d06,0x7d06,0x7d06,0x7d06,0x5384,0x5384,0x5384,0x0000,0x0000,
    0x0000,0x0000,0x0000,0x0000,0x0000,0x0000,0x0000,0x0000,0x0000,0x0000,0x0000,0x0000,
    0x0000,0x0000,0x0000,0x0000,0x0000,0x0000,0x0000,0x0000,0x0000,0x0000,0x0000,0x0000,
    0x0000,0x0000,0x0000,0x0000,0x0000,0x0000,0x0000,0x0000,0x0000,0x7d06,0x7d06,0x7d06,
    0x7d06,0x7d06,0x7d06,0x7d06,0x7d06,0x5384,0x5384,0x5384,0x0000,0x0000,0x0000,0x0000,
    0x0000,0x0000,0x0000,0x0000,0x0000,0x0000,0x0000,0x0000,0x0000,0x0000,0x0000,0x0000,
    0x0000,0x0000,0x0000,0x0000,0x0000,0x0000,0x0000,0x0000,0x0000,0x0000,0x0000,0x0000,
    0x0000,0x0000,0x0000,0x0000,0x0000,0x0000,0x0000,0x0000,0x7d06,0x7d06,0x7d06,0x7d06,
    0x7d06,0x5384,0x5384,0x7d06,0x5384,0x5384,0x0000,0x0000,0x0000,0x0000,0x0000,0x0000,
    0x0000,0x0000,0x0000,0x0000,0x0000,0x0000,0x0000,0x0000,0x0000,0x0000,0x0000,0x0000,
    0x0000,0x0000,0x0000,0x0000,0x0000,0x0000,0x0000,0x0000,0x0000,0x0000,0x0000,0x0000,
    0x0000,0x0000,0x0000,0x0000,0x0000,0x0000,0x0000,0x7d06,0x7d06,0x7d06,0x7d06,0x5384,
    0x5384,0x7d06,0x5384,0x5384,0x0000,0x0000,0x0000,0x0000,0x0000,0x0000,0x0000,0x0000,
    0x0000,0x0000,0x0000,0x0000,0x0000,0x0000,0x0000,0x0000,0x0000,0x0000,0x0000,0x0000,
    0x0000,0x0000,0x0000,0x0000,0x0000,0x0000,0x0000,0x0000,0x0000,0x0000,0x0000,0x0000,
    0x0000,0x0000,0x0000,0x0000,0x0000,0x0000,0x7d06,0x7d06,0x7d06,0x7d06,0x7d06,0x7d06,
    0x5384,0x5384,0x0000,0x0000,0x0000,0x0000,0x0000,0x0000,0x0000,0x0000,0x0000,0x0000,
    0x0000,0x0000,0x0000,0x0000,0x0000,0x0000,0x0000,0x0000,0x0000,0x0000,0x0000,0x0000,
    0x0000,0x0000,0x0000,0x0000,0x0000,0x0000,0x0000,0x0000,0x0000,0x0000,0x0000,0x0000,
    0x0000,0x0000,0x0000,0x0000,0x0000,0x0000,0x0000,0x0000,0x0000,0x0000,0x5384,0x5384,
    0x0000,0x0000,0x0000,0x0000,0x0000,0x0000,0x0000,0x0000,0x0000,0x0000,0x0000,0x0000,
    0x0000,0x0000,0x0000,0x0000,0x0000,0x0000,0x0000,0x0000,0x0000,0x0000,0x0000,0x0000,
    0x0000,0x0000,0x0000,0x0000,0x0000,0x0000,0x0000,0x0000,0x0000,0x0000,0x0000,0x0000,
    0x0000,0x0000,0x0000,0x0000,0x0000,0x0000,0x0000,0x0000,0x5384,0x5384,0x0000,0x0000,
    0x0000,0x0000,0x0000,0x0000,0x0000,0x0000,0x0000,0x0000,0x0000,0x0000,0x0000,0x0000,
    0x0000,0x0000,0x0000,0x0000,0x0000,0x0000,0x0000,0x0000,0x0000,0x0000,0x0000,0x0000,
    0x0000,0x0000,0x0000,0x0000,0x0000,0x0000,0x0000,0x0000,0x0000,0x0000,0x0000,0x0000,
    0x0000,0x0000,0x0000,0x0000,0x0000,0x0000,0x5384,0x5384,0x0000,0x0000,0x0000,0x0000,
    0x0000,0x0000,0x0000,0x0000,0x0000,0x0000,0x0000,0x0000,0x0000,0x0000,0x0000,0x0000,
    0x0000,0x0000,0x0000,0x0000,0x0000,0x0000,0x0000,0x0000,0x0000,0x0000,0x0000,0x0000,
    0x0000,0x0000,0x0000,0x0000,0x0000,0x0000,0x0000,0x0000,0x0000,0x0000,0x0000,0x0000,
    0x0000,0x0000,0x0000,0x0000,0x5384,0x5384,0x0000,0x0000,0x0000,0x0000,0x0000,0x0000,
    0x0000,0x0000,0x0000,0x0000,0x0000,0x0000,0x0000,0x0000,0x0000,0x0000,0x0000,0x0000,
    0x0000,0x0000,0x0000,0x0000,0x0000,0x0000,0x0000,0x0000,0x0000,0x0000,0x0000,0x0000,
    0x0000,0x0000,0x0000,0x0000,0x0000,0x0000,0x0000,0x0000,0x0000,0x0000,0x0000,0x0000,
    0x0000,0x0000,0x7d06,0x7d06,0x9e89,0x9e89,0x0000,0x0000,0x0000,0x0000,0x0000,0x0000,
    0x0000,0x0000,0x0000,0x0000,0x0000,0x0000,0x0000,0x0000,0x0000,0x0000,0x0000,0x0000,
    0x0000,0x0000,0x0000,0x0000,0x0000,0x0000,0x0000,0x0000,0x0000,0x0000,0x0000,0x0000,
    0x0000,0x0000,0x0000,0x0000,0x0000,0x0000,0x0000,0x0000,0x0000,0x0000,0x0000,0x0000,
    0x7d06,0x7d06,0x9e89,0x9e89,0x0000,0x0000,0x0000,0x0000,0x0000,0x0000,0x0000,0x0000,
    0x0000,0x0000,0x0000,0x0000,
};
const sprite_t spr_dino_1 = { 46, 52, px_dino_1 };

static const uint16_t px_dino_2[2484] = {
    0x0000,0x0000,0x0000,0x0000,0x0000,0x0000,0x0000,0x0000,0x0000,0x0000,0x0000,0x0000,
    0x0000,0x0000,0x0000,0x0000,0x0000,0x0000,0x0000,0x0000,0x0000,0x0000,0x0000,0x0000,
    0x9e89,0x9e89,0x9e89,0x9e89,0x9e89,0x9e89,0x9e89,0x9e89,0x9e89,0x9e89,0x9e89,0x9e89,
    0x9e89,0x9e89,0x9e89,0x9e89,0x0000,0x0000,0x0000,0x0000,0x0000,0x0000,0x0000,0x0000,
    0x0000,0x0000,0x0000,0x0000,0x0000,0x0000,0x0000,0x0000,0x0000,0x0000,0x0000,0x0000,
    0x0000,0x0000,0x0000,0x0000,0x0000,0x0000,0x0000,0x0000,0x0000,0x0000,0x9e89,0x9e89,
    0x9e89,0x9e89,0x9e89,0x9e89,0x9e89,0x9e89,0x9e89,0x9e89,0x9e89,0x9e89,0x9e89,0x9e89,
    0x9e89,0x9e89,0x9e89,0x0000,0x0000,0x0000,0x0000,0x0000,0x0000,0x0000,0x0000,0x0000,
    0x0000,0x0000,0x0000,0x0000,0x0000,0x0000,0x0000,0x0000,0x0000,0x0000,0x0000,0x0000,
    0x0000,0x0000,0x0000,0x0000,0x0000,0x0000,0x9e89,0x9e89,0x7d06,0x7d06,0x7d06,0x7d06,
    0x7d06,0x7d06,0x7d06,0x7d06,0x7d06,0x7d06,0x7d06,0x7d06,0x7d06,0x7d06,0x7d06,0x7d06,
    0x9e89,0x9e89,0x0000,0x0000,0x0000,0x0000,0x0000,0x0000,0x0000,0x0000,0x0000,0x0000,
    0x0000,0x0000,0x0000,0x0000,0x0000,0x0000,0x0000,0x0000,0x0000,0x0000,0x0000,0x0000,
    0x0000,0x0000,0x0000,0x0000,0x9e89,0x9e89,0x7d06,0x7d06,0x7d06,0x7d06,0x7d06,0x7d06,
    0x7d06,0x7d06,0x7d06,0x7d06,0x7d06,0x7d06,0x7d06,0x7d06,0x7d06,0x7d06,0x9e89,0x9e89,
    0x9e89,0x0000,0x0000,0x0000,0x0000,0x0000,0x0000,0x0000,0x0000,0x0000,0x0000,0x0000,
    0x0000,0x0000,0x0000,0x0000,0x0000,0x0000,0x0000,0x0000,0x0000,0x0000,0x0000,0x0000,
    0x0000,0x0000,0x7d06,0x7d06,0x5384,0x5384,0x7d06,0x7d06,0x7d06,0x7d06,0x7d06,0x7d06,
    0x7d06,0x7d06,0x7d06,0x7d06,0x7d06,0x7d06,0x7d06,0x7d06,0x5384,0x5384,0x9e89,0x9e89,
    0x0000,0x0000,0x0000,0x0000,0x0000,0x0000,0x0000,0x0000,0x0000,0x0000,0x0000,0x0000,
    0x0000,0x0000,0x0000,0x0000,0x0000,0x0000,0x0000,0x0000,0x0000,0x0000,0x0000,0x0000,
    0x7d06,0x7d06,0x5384,0x5384,0x5384,0x7d06,0x7d06,0x7d06,0x7d06,0x7d06,0x7d06,0x7d06,
    0x7d06,0x7d06,0x7d06,0x7d06,0x7d06,0x7d06,0x5384,0x5384,0x5384,0x9e89,0x9e89,0x0000,
    0x0000,0x0000,0x0000,0x0000,0x0000,0x0000,0x0000,0x0000,0x0000,0x0000,0x0000,0x0000,
    0x0000,0x0000,0x0000,0x0000,0x0000,0x0000,0x0000,0x0000,0x0000,0x0000,0x7d06,0x7d06,
    0x7d06,0x7d06,0x9e89,0x9e89,0x7d06,0x7d06,0x7d06,0x7d06,0x7d06,0x7d06,0x7d06,0x7d06,
    0x7d06,0x7d06,0x7d06,0x7d06,0x5384,0x5384,0x5384,0x5384,0x9e89,0x9e89,0x0000,0x0000,
    0x0000,0x0000,0x0000,0x0000,0x0000,0x0000,0x0000,0x0000,0x0000,0x0000,0x0000,0x0000,
    0x0000,0x0000,0x0000,0x0000,0x0000,0x0000,0x0000,0x0000,0x7d06,0x7d06,0x7d06,0x7d06,
    0x9e89,0x9e89,0x7d06,0x7d06,0x7d06,0x7d06,0x7d06,0x7d06,0x7d06,0x7d06,0x7d06,0x7d06,
    0x7d06,0x7d06,0x5384,0x5384,0x5384,0x5384,0x5384,0x9e89,0x0000,0x0000,0x0000,0x0000,
    0x0000,0x0000,0x0000,0x0000,0x0000,0x0000,0x0000,0x0000,0x0000,0x0000,0x0000,0x0000,
    0x0000,0x0000,0x0000,0x0000,0x0000,0x0000,0x7d06,0x7d06,0x7d06,0x7d06,0x7d06,0x7d06,
    0x7d06,0x7d06,0x7d06,0x7d06,0x7d06,0x7d06,0x7d06,0x7d06,0x7d06,0x7d06,0x7d06,0x7d06,
    0x5384,0x5384,0x5384,0x5384,0x5384,0x5384,0x0000,0x0000,0x0000,0x0000,0x0000,0x0000,
    0x0000,0x0000,0x0000,0x0000,0x0000,0x0000,0x0000,0x0000,0x0000,0x0000,0x0000,0x0000,
    0x0000,0x0000,0x0000,0x0000,0x7d06,0x7d06,0x7d06,0x7d06,0x7d06,0x7d06,0x7d06,0x7d06,
    0x7d06,0x7d06,0x7d06,0x7d06,0x7d06,0x7d06,0x7d06,0x7d06,0x7d06,0x7d06,0x5384,0x5384,
    0x5384,0x5384,0x5384,0x5384,0x53e4,0x53e4,0x0000,0x0000,0x0000,0x0000,0x0000,0x0000,
    0x0000,0x0000,0x0000,0x0000,0x0000,0x0000,0x0000,0x0000,0x0000,0x0000,0x0000,0x0000,
    0x0000,0x0000,0x7d06,0x7d06,0x7d06,0x7d06,0x7d06,0x7d06,0x7d06,0x7d06,0x7d06,0x7d06,
    0x5384,0x5384,0x7d06,0x7d06,0x7d06,0x7d06,0x7d06,0x7d06,0x7d06,0x5384,0x5384,0x5384,
    0x5384,0x5384,0x53e4,0x53e4,0x0000,0x0000,0x0000,0x0000,0x0000,0x0000,0x0000,0x0000,
    0x0000,0x0000,0x0000,0x0000,0x0000,0x0000,0x0000,0x0000,0x0000,0x0000,0x0000,0x0000,
    0x7d06,0x7d06,0x7d06,0x7d06,0x7d06,0x7d06,0x7d06,0x7d06,0x7d06,0x7d06,0x5384,0x5384,
    0x7d06,0x7d06,0x7d06,0x7d06,0x7d06,0x7d06,0x7d06,0x7d06,0x5384,0x5384,0x5384,0x5384,
    0x42e3,0x42e3,0x53e4,0x53e4,0x0000,0x0000,0x0000,0x0000,0x0000,0x0000,0x0000,0x0000,
    0x0000,0x0000,0x0000,0x0000,0x0000,0x0000,0x0000,0x0000,0x0000,0x0000,0x7d06,0x7d06,
    0x7d06,0x7d06,0x7d06,0x7d06,0x7d06,0x7d06,0x7d06,0x7d06,0x7d06,0x7d06,0x9e89,0x9e89,
    0x9e89,0x9e89,0x9e89,0x9e89,0x7d06,0x7d06,0x7d06,0x5384,0x5384,0x5384,0x42e3,0x53e4,
    0x53e4,0x53e4,0x0000,0x0000,0x0000,0x0000,0x0000,0x0000,0x0000,0x0000,0x0000,0x0000,
    0x0000,0x0000,0x0000,0x0000,0x0000,0x0000,0x0000,0x0000,0x7d06,0x7d06,0x7d06,0x7d06,
    0x7d06,0x7d06,0x7d06,0x7d06,0x7d06,0x7d06,0x7d06,0x7d06,0x9e89,0x9e89,0x9e89,0x9e89,
    0x9e89,0x9e89,0x9e89,0x7d06,0x7d06,0x7d06,0x5384,0x5384,0x42e3,0x53e4,0x53e4,0x42e3,
    0x53e4,0x53e4,0x0000,0x0000,0x0000,0x0000,0x0000,0x0000,0x0000,0x0000,0x0000,0x0000,
    0x0000,0x0000,0x0000,0x0000,0x0000,0x0000,0x7d06,0x7d06,0x7d06,0x7d06,0x7d06,0x7d06,
    0x7d06,0x7d06,0x7d06,0x7d06,0x5384,0x5384,0x9e89,0x9e89,0x9e89,0x9e89,0x9e89,0x9e89,
    0x9e89,0x9e89,0x0000,0x0000,0x0000,0x0000,0x42e3,0x42e3,0x42e3,0x53e4,0x53e4,0x53e4,
    0x0000,0x0000,0x0000,0x0000,0x0000,0x0000,0x0000,0x0000,0x0000,0x0000,0x0000,0x0000,
    0x0000,0x0000,0x0000,0x0000,0x7d06,0x7d06,0x7d06,0x7d06,0x7d06,0x7d06,0x7d06,0x7d06,
    0x7d06,0x7d06,0x5384,0x5384,0x5384,0x9e89,0x9e89,0x9e89,0x9e89,0x9e89,0x9e89,0x9e89,
    0x9e89,0x0000,0x0000,0x0000,0x0000,0x42e3,0x42e3,0x53e4,0x53e4,0x42e3,0x53e4,0x53e4,
    0x0000,0x0000,0x0000,0x0000,0x0000,0x0000,0x0000,0x0000,0x0000,0x0000,0x0000,0x0000,
    0x9e89,0x9e89,0x7d06,0x7d06,0x7d06,0x7d06,0x9e89,0x9e89,0x9e89,0x9e89,0x7d06,0x7d06,
    0x5384,0x5384,0x5384,0x5384,0x9e89,0x9e89,0x9e89,0x9e89,0x9e89,0x9e89,0x9e89,0x9e89,
    0x0000,0x0000,0x0000,0x42e3,0x42e3,0x42e3,0x42e3,0x53e4,0x53e4,0x53e4,0x0000,0x0000,
    0x0000,0x0000,0x0000,0x0000,0x0000,0x0000,0x0000,0x0000,0x0000,0x53e4,0x9e89,0x9e89,
    0x7d06,0x7d06,0x7d06,0x7d06,0x9e89,0x9e89,0x9e89,0x9e89,0x9e89,0x7d06,0x5384,0x5384,
    0x5384,0x5384,0x5384,0x7d06,0x9e89,0x9e89,0x9e89,0x9e89,0x9e89,0x9e89,0x0000,0x0000,
    0x0000,0x42e3,0x8de8,0x8de8,0x8de8,0x8de8,0x53e4,0x42e3,0x53e4,0x53e4,0x0000,0x0000,
    0x0000,0x0000,0x0000,0x0000,0x0000,0x0000,0x9e89,0x9e89,0x7d06,0x7d06,0x7d06,0x7d06,
    0x7d06,0x7d06,0x7d06,0x7d06,0x5384,0x5384,0x9e89,0x7d06,0x5384,0x5384,0x5384,0x5384,
    0x5384,0x5384,0x0000,0x0000,0x0000,0x0000,0x0000,0x0000,0x0000,0x0000,0x0000,0x42e3,
    0x8de8,0x8de8,0x8de8,0x8de8,0x42e3,0x53e4,0x53e4,0x53e4,0x0000,0x0000,0x0000,0x0000,
    0x0000,0x0000,0x0000,0x53e4,0x9e89,0x9e89,0x7d06,0x7d06,0x7d06,0x7d06,0x7d06,0x7d06,
    0x7d06,0x7d06,0x5384,0x5384,0x5384,0x7d06,0x5384,0x5384,0x5384,0x5384,0x5384,0x5384,
    0x0000,0x0000,0x0000,0x0000,0x0000,0x0000,0x0000,0x0000,0x0000,0x42e3,0x6c86,0x6c86,
    0x6c86,0x6c86,0x8de8,0x8de8,0x53e4,0x2a02,0x0000,0x0000,0x0000,0x0000,0x9e89,0x9e89,
    0x9e89,0x9e89,0x7d06,0x7d06,0x7d06,0x7d06,0x7d06,0x7d06,0x7d06,0x7d06,0x7d06,0x7d06,
    0x7d06,0x7d06,0x9e89,0x9e89,0x9e89,0x9e89,0x9e89,0x9e89,0x5384,0x5384,0x0000,0x0000,
    0x0000,0x0000,0x0000,0x0000,0x0000,0x0000,0x0000,0x0000,0x6c86,0x6c86,0x6c86,0x6c86,
    0x8de8,0x8de8,0x2a02,0x2a02,0x53e4,0x0000,0x0000,0x0000,0x9e89,0x9e89,0x9e89,0x9e89,
    0x7d06,0x7d06,0x7d06,0x7d06,0x7d06,0x7d06,0x7d06,0x7d06,0x7d06,0x7d06,0x7d06,0x7d06,
    0x9e89,0x9e89,0x9e89,0x9e89,0x9e89,0x9e89,0x5384,0x5384,0x0000,0x0000,0x0000,0x0000,
    0x0000,0x0000,0x0000,0x0000,0x0000,0x0000,0x6c86,0x6c86,0x6c86,0x6c86,0x6c86,0x6c86,
    0x8de8,0x8de8,0x8de8,0x8de8,0x8de8,0x8de8,0x7d06,0x7d06,0x7d06,0x7d06,0x7d06,0x7d06,
    0x7d06,0x7d06,0x7d06,0x7d06,0x7d06,0x7d06,0x7d06,0x5384,0x5384,0x7d06,0x7d06,0x7d06,
    0x5384,0x5384,0x5384,0x5384,0x5384,0x5384,0x0000,0x0000,0x0000,0x0000,0x0000,0x0000,
    0x0000,0x0000,0x0000,0x0000,0x6c86,0x6c86,0x6c86,0x6c86,0x6c86,0x6c86,0x8de8,0x8de8,
    0x8de8,0x8de8,0x8de8,0x8de8,0x7d06,0x9e89,0x9e89,0x9e89,0x9e89,0x9e89,0x9e89,0x9e89,
    0x9e89,0x9e89,0x9e89,0x7d06,0x7d06,0x7d06,0x7d06,0x7d06,0x7d06,0x7d06,0x5384,0x5384,
    0x5384,0x5384,0x5384,0x5384,0x0000,0x0000,0x0000,0x0000,0x0000,0x0000,0x0000,0x0000,
    0x0000,0x0000,0x0000,0x42e3,0x6c86,0x6c86,0x6c86,0x6c86,0x7d06,0x7d06,0x7d06,0x7d06,
    0x7d06,0x7d06,0x7d06,0x9e89,0x9e89,0x9e89,0x9e89,0x9e89,0x9e89,0x9e89,0x9e89,0x9e89,
    0x9e89,0x9e89,0x7d06,0x7d06,0x7d06,0x7d06,0x7d06,0x7d06,0x5384,0x5384,0x2a02,0x2a02,
    0x5384,0x5384,0x0000,0x0000,0x0000,0x0000,0x0000,0x0000,0x0000,0x0000,0x0000,0x0000,
    0x0000,0x42e3,0x6c86,0x6c86,0x6c86,0x6c86,0x7d06,0x7d06,0x7d06,0x7d06,0x7d06,0x9e89,
    0x9e89,0x7d06,0x7d06,0x7d06,0x9e89,0x9e89,0x9e89,0x9e89,0x9e89,0x9e89,0x9e89,0x9e89,
    0x9e89,0x7d06,0x7d06,0x7d06,0x7d06,0x7d06,0x5384,0x5384,0x2a02,0x2a02,0x2a02,0x5384,
    0x0000,0x0000,0x0000,0x0000,0x0000,0x0000,0x0000,0x0000,0x0000,0x0000,0x0000,0x42e3,
    0x6c86,0x6c86,0x7d06,0x7d06,0x7d06,0x7d06,0x7d06,0x7d06,0x7d06,0x9e89,0x9e89,0x7d06,
    0x9e89,0x9e89,0x7d06,0x7d06,0x7d06,0x7d06,0x7d06,0x7d06,0x5384,0x5384,0x9e89,0x7d06,
    0x7d06,0x7d06,0x7d06,0x7d06,0x5384,0x5384,0x2a02,0x2a02,0x2a02,0x5384,0x0000,0x0000,
    0x0000,0x0000,0x0000,0x0000,0x0000,0x0000,0x0000,0x0000,0x0000,0x0000,0x6c86,0x6c86,
    0x7d06,0x7d06,0x7d06,0x7d06,0x7d06,0x7d06,0x7d06,0x7d06,0x7d06,0x7d06,0x9e89,0x9e89,
    0x7d06,0x7d06,0x7d06,0x7d06,0x7d06,0x7d06,0x5384,0x5384,0x5384,0x7d06,0x7d06,0x7d06,
    0x7d06,0x7d06,0x5384,0x5384,0x2a02,0x2a02,0x2a02,0x5384,0x0000,0x0000,0x0000,0x0000,
    0x0000,0x0000,0x0000,0x0000,0x0000,0x0000,0x0000,0x0000,0x6c86,0x6c86,0x7d06,0x7d06,
    0x7d06,0x7d06,0x7d06,0x7d06,0x7d06,0x7d06,0x7d06,0x7d06,0x7d06,0x7d06,0x7d06,0x7d06,
    0x7d06,0x7d06,0x7d06,0x7d06,0x5384,0x5384,0x5384,0x7d06,0x7d06,0x7d06,0x7d06,0x7d06,
    0x5384,0x5384,0x2a02,0x2a02,0x2a02,0x5384,0x9e89,0x9e89,0x9e89,0x9e89,0x9e89,0x9e89,
    0x0000,0x0000,0x0000,0x0000,0x0000,0x0000,0x6c86,0x6c86,0x7d06,0x7d06,0x7d06,0x7d06,
    0x7d06,0x7d06,0x7d06,0x7d06,0x7d06,0x7d06,0x7d06,0x7d06,0x7d06,0x7d06,0x7d06,0x7d06,
    0x7d06,0x7d06,0x5384,0x5384,0x5384,0x7d06,0x7d06,0x7d06,0x7d06,0x7d06,0x5384,0x5384,
    0x2a02,0x2a02,0x2a02,0x5384,0x9e89,0x9e89,0x9e89,0x9e89,0x9e89,0x9e89,0x0000,0x0000,
    0x0000,0x0000,0x0000,0x0000,0x0000,0x42e3,0x7d06,0x7d06,0x7d06,0x7d06,0x7d06,0x7d06,
    0x7d06,0x7d06,0x7d06,0x7d06,0x7d06,0x7d06,0x7d06,0x7d06,0x7d06,0x7d06,0x7d06,0x7d06,
    0x5384,0x5384,0x5384,0x7d06,0x7d06,0x7d06,0x5384,0x5384,0x7d06,0x2a02,0x2a02,0x2a02,
    0x2a02,0x5384,0x0000,0x0000,0x0000,0x0000,0x5384,0x5384,0x0000,0x0000,0x0000,0x0000,
    0x0000,0x0000,0x0000,0x0000,0x7d06,0x7d06,0x7d06,0x7d06,0x7d06,0x7d06,0x7d06,0x7d06,
    0x7d06,0x7d06,0x7d06,0x7d06,0x7d06,0x7d06,0x7d06,0x7d06,0x7d06,0x7d06,0x5384,0x5384,
    0x5384,0x7d06,0x7d06,0x7d06,0x5384,0x5384,0x7d06,0x2a02,0x2a02,0x2a02,0x2a02,0x5384,
    0x0000,0x0000,0x0000,0x0000,0x5384,0x5384,0x0000,0x0000,0x0000,0x0000,0x0000,0x0000,
    0x0000,0x0000,0x0000,0x42e3,0x7d06,0x7d06,0x7d06,0x7d06,0x7d06,0x7d06,0x7d06,0x7d06,
    0x7d06,0x7d06,0x7d06,0x7d06,0x7d06,0x7d06,0x7d06,0x7d06,0x5384,0x5384,0x5384,0x7d06,
    0x7d06,0x7d06,0x5384,0x5384,0x7d06,0x2a02,0x2a02,0x2a02,0x2a02,0x5384,0x0000,0x0000,
    0x0000,0x0000,0x0000,0x0000,0x0000,0x0000,0x0000,0x0000,0x0000,0x0000,0x0000,0x0000,
    0x0000,0x0000,0x7d06,0x7d06,0x7d06,0x7d06,0x7d06,0x7d06,0x7d06,0x7d06,0x7d06,0x7d06,
    0x7d06,0x7d06,0x7d06,0x7d06,0x7d06,0x7d06,0x5384,0x5384,0x5384,0x7d06,0x7d06,0x7d06,
    0x5384,0x5384,0x2a02,0x7d06,0x2a02,0x2a02,0x2a02,0x5384,0x0000,0x0000,0x0000,0x0000,
    0x0000,0x0000,0x0000,0x0000,0x0000,0x0000,0x0000,0x0000,0x0000,0x0000,0x0000,0x0000,
    0x0000,0x42e3,0x7d06,0x7d06,0x7d06,0x7d06,0x7d06,0x7d06,0x7d06,0x7d06,0x7d06,0x7d06,
    0x7d06,0x7d06,0x7d06,0x7d06,0x5384,0x5384,0x5384,0x7d06,0x5384,0x5384,0x7d06,0x2a02,
    0x2a02,0x2a02,0x7d06,0x2a02,0x2a02,0x0000,0x0000,0x0000,0x0000,0x0000,0x0000,0x0000,
    0x0000,0x0000,0x0000,0x0000,0x0000,0x0000,0x0000,0x0000,0x0000,0x0000,0x0000,0x0000,
    0x7d06,0x7d06,0x7d06,0x7d06,0x7d06,0x7d06,0x7d06,0x7d06,0x7d06,0x7d06,0x7d06,0x7d06,
    0x7d06,0x7d06,0x5384,0x5384,0x5384,0x7d06,0x5384,0x5384,0x2a02,0x7d06,0x2a02,0x2a02,
    0x2a02,0x5384,0x0000,0x0000,0x0000,0x0000,0x0000,0x0000,0x0000,0x0000,0x0000,0x0000,
    0x0000,0x0000,0x0000,0x0000,0x0000,0x0000,0x0000,0x0000,0x0000,0x0000,0x0000,0x42e3,
    0x9e89,0x9e89,0x9e89,0x9e89,0x7d06,0x7d06,0x7d06,0x7d06,0x7d06,0x7d06,0x5384,0x5384,
    0x7d06,0x5384,0x5384,0x42e3,0x42e3,0x2a02,0x2a02,0x2a02,0x7d06,0x2a02,0x2a02,0x5384,
    0x0000,0x0000,0x0000,0x0000,0x0000,0x0000,0x0000,0x0000,0x0000,0x0000,0x0000,0x0000,
    0x0000,0x0000,0x0000,0x0000,0x0000,0x0000,0x0000,0x0000,0x0000,0x0000,0x9e89,0x9e89,
    0x9e89,0x9e89,0x7d06,0x7d06,0x7d06,0x7d06,0x7d06,0x7d06,0x5384,0x5384,0x5384,0x7d06,
    0x42e3,0x42e3,0x42e3,0x42e3,0x2a02,0x2a02,0x2a02,0x7d06,0x5384,0x5384,0x0000,0x0000,
    0x0000,0x0000,0x0000,0x0000,0x0000,0x0000,0x0000,0x0000,0x0000,0x0000,0x0000,0x0000,
    0x0000,0x0000,0x0000,0x0000,0x0000,0x0000,0x9e89,0x9e89,0x0000,0x42e3,0x42e3,0x42e3,
    0x42e3,0x42e3,0x42e3,0x7d06,0x7d06,0x7d06,0x7d06,0x5384,0x5384,0x2a02,0x7d06,0x42e3,
    0x42e3,0x42e3,0x42e3,0x2a02,0x2a02,0x5384,0x0000,0x0000,0x0000,0x0000,0x0000,0x0000,
    0x0000,0x0000,0x0000,0x0000,0x0000,0x0000,0x0000,0x0000,0x0000,0x0000,0x0000,0x0000,
    0x0000,0x0000,0x0000,0x0000,0x9e89,0x9e89,0x0000,0x0000,0x7d06,0x7d06,0x42e3,0x42e3,
    0x42e3,0x42e3,0x42e3,0x42e3,0x42e3,0x42e3,0x2a02,0x2a02,0x2a02,0x7d06,0x7d06,0x7d06,
    0x7d06,0x7d06,0x5384,0x5384,0x0000,0x0000,0x0000,0x0000,0x0000,0x0000,0x0000,0x0000,
    0x0000,0x0000,0x0000,0x0000,0x0000,0x0000,0x0000,0x0000,0x0000,0x0000,0x0000,0x0000,
    0x0000,0x0000,0x0000,0x0000,0x0000,0x0000,0x0000,0x0000,0x0000,0x42e3,0x42e3,0x42e3,
    0x42e3,0x42e3,0x42e3,0x42e3,0x42e3,0x2a02,0x2a02,0x7d06,0x7d06,0x5384,0x5384,0x0000,
    0x0000,0x0000,0x0000,0x0000,0x0000,0x0000,0x0000,0x0000,0x0000,0x0000,0x0000,0x0000,
    0x0000,0x0000,0x0000,0x0000,0x0000,0x0000,0x0000,0x0000,0x0000,0x0000,0x0000,0x0000,
    0x0000,0x0000,0x0000,0x0000,0x0000,0x0000,0x0000,0x0000,0x0000,0x7d06,0x7d06,0x7d06,
    0x7d06,0x7d06,0x7d06,0x7d06,0x7d06,0x5384,0x5384,0x5384,0x0000,0x0000,0x0000,0x0000,
    0x0000,0x0000,0x0000,0x0000,0x0000,0x0000,0x0000,0x0000,0x0000,0x0000,0x0000,0x0000,
    0x0000,0x0000,0x0000,0x0000,0x0000,0x0000,0x0000,0x0000,0x0000,0x0000,0x0000,0x0000,
    0x0000,0x0000,0x0000,0x0000,0x0000,0x0000,0x0000,0x7d06,0x7d06,0x7d06,0x7d06,0x7d06,
    0x7d06,0x7d06,0x7d06,0x5384,0x5384,0x5384,0x0000,0x0000,0x0000,0x0000,0x0000,0x0000,
    0x0000,0x0000,0x0000,0x0000,0x0000,0x0000,0x0000,0x0000,0x0000,0x0000,0x0000,0x0000,
    0x0000,0x0000,0x0000,0x0000,0x0000,0x0000,0x0000,0x0000,0x0000,0x0000,0x0000,0x0000,
    0x0000,0x0000,0x0000,0x0000,0x0000,0x0000,0x7d06,0x7d06,0x7d06,0x7d06,0x7d06,0x7d06,
    0x7d06,0x5384,0x5384,0x5384,0x0000,0x0000,0x0000,0x0000,0x0000,0x0000,0x0000,0x0000,
    0x0000,0x0000,0x0000,0x0000,0x0000,0x0000,0x0000,0x0000,0x0000,0x0000,0x0000,0x0000,
    0x0000,0x0000,0x0000,0x0000,0x0000,0x0000,0x0000,0x0000,0x0000,0x0000,0x0000,0x0000,
    0x0000,0x0000,0x0000,0x0000,0x0000,0x7d06,0x7d06,0x7d06,0x7d06,0x7d06,0x7d06,0x5384,
    0x5384,0x5384,0x0000,0x0000,0x0000,0x0000,0x0000,0x0000,0x0000,0x0000,0x0000,0x0000,
    0x0000,0x0000,0x0000,0x0000,0x0000,0x0000,0x0000,0x0000,0x0000,0x0000,0x0000,0x0000,
    0x0000,0x0000,0x0000,0x0000,0x0000,0x0000,0x0000,0x0000,0x0000,0x0000,0x0000,0x0000,
    0x0000,0x0000,0x0000,0x0000,0x7d06,0x7d06,0x7d06,0x7d06,0x7d06,0x5384,0x5384,0x5384,
    0x0000,0x0000,0x0000,0x0000,0x0000,0x0000,0x0000,0x0000,0x0000,0x0000,0x0000,0x0000,
    0x0000,0x0000,0x0000,0x0000,0x0000,0x0000,0x0000,0x0000,0x0000,0x0000,0x0000,0x0000,
    0x0000,0x0000,0x0000,0x0000,0x0000,0x0000,0x0000,0x0000,0x0000,0x0000,0x0000,0x0000,
    0x0000,0x0000,0x0000,0x0000,0x0000,0x0000,0x7d06,0x5384,0x5384,0x5384,0x0000,0x0000,
    0x0000,0x0000,0x0000,0x0000,0x0000,0x0000,0x0000,0x0000,0x0000,0x0000,0x0000,0x0000,
    0x0000,0x0000,0x0000,0x0000,0x0000,0x0000,0x0000,0x0000,0x0000,0x0000,0x0000,0x0000,
    0x0000,0x0000,0x0000,0x0000,0x0000,0x0000,0x0000,0x0000,0x0000,0x0000,0x0000,0x0000,
    0x0000,0x0000,0x0000,0x0000,0x7d06,0x7d06,0x5384,0x5384,0x0000,0x0000,0x0000,0x0000,
    0x0000,0x0000,0x0000,0x0000,0x0000,0x0000,0x0000,0x0000,0x0000,0x0000,0x0000,0x0000,
    0x0000,0x0000,0x0000,0x0000,0x0000,0x0000,0x0000,0x0000,0x0000,0x0000,0x0000,0x0000,
    0x0000,0x0000,0x0000,0x0000,0x0000,0x0000,0x0000,0x0000,0x0000,0x0000,0x0000,0x0000,
    0x0000,0x0000,0x0000,0x0000,0x5384,0x5384,0x0000,0x0000,0x0000,0x0000,0x0000,0x0000,
    0x0000,0x0000,0x0000,0x0000,0x0000,0x0000,0x0000,0x0000,0x0000,0x0000,0x0000,0x0000,
    0x0000,0x0000,0x0000,0x0000,0x0000,0x0000,0x0000,0x0000,0x0000,0x0000,0x0000,0x0000,
    0x0000,0x0000,0x0000,0x0000,0x0000,0x0000,0x0000,0x0000,0x0000,0x0000,0x0000,0x0000,
    0x0000,0x0000,0x5384,0x5384,0x0000,0x0000,0x0000,0x0000,0x0000,0x0000,0x0000,0x0000,
    0x0000,0x0000,0x0000,0x0000,0x0000,0x0000,0x0000,0x0000,0x0000,0x0000,0x0000,0x0000,
    0x0000,0x0000,0x0000,0x0000,0x0000,0x0000,0x0000,0x0000,0x0000,0x0000,0x0000,0x0000,
    0x0000,0x0000,0x0000,0x0000,0x0000,0x0000,0x0000,0x0000,0x0000,0x0000,0x0000,0x0000,
    0x5384,0x5384,0x0000,0x0000,0x0000,0x0000,0x0000,0x0000,0x0000,0x0000,0x0000,0x0000,
    0x0000,0x0000,0x0000,0x0000,0x0000,0x0000,0x0000,0x0000,0x0000,0x0000,0x0000,0x0000,
    0x0000,0x0000,0x0000,0x0000,0x0000,0x0000,0x0000,0x0000,0x0000,0x0000,0x0000,0x0000,
    0x0000,0x0000,0x0000,0x0000,0x0000,0x0000,0x0000,0x0000,0x0000,0x0000,0x5384,0x5384,
    0x0000,0x0000,0x0000,0x0000,0x0000,0x0000,0x0000,0x0000,0x0000,0x0000,0x0000,0x0000,
    0x0000,0x0000,0x0000,0x0000,0x0000,0x0000,0x0000,0x0000,0x0000,0x0000,0x0000,0x0000,
    0x0000,0x0000,0x0000,0x0000,0x0000,0x0000,0x0000,0x0000,0x0000,0x0000,0x0000,0x0000,
    0x0000,0x0000,0x0000,0x0000,0x0000,0x0000,0x0000,0x0000,0x7d06,0x7d06,0x9e89,0x9e89,
    0x0000,0x0000,0x0000,0x0000,0x0000,0x0000,0x0000,0x0000,0x0000,0x0000,0x0000,0x0000,
    0x0000,0x0000,0x0000,0x0000,0x0000,0x0000,0x0000,0x0000,0x0000,0x0000,0x0000,0x0000,
    0x0000,0x0000,0x0000,0x0000,0x0000,0x0000,0x0000,0x0000,0x0000,0x0000,0x0000,0x0000,
    0x0000,0x0000,0x0000,0x0000,0x0000,0x0000,0x7d06,0x7d06,0x9e89,0x9e89,0x0000,0x0000,
    0x0000,0x0000,0x0000,0x0000,0x0000,0x0000,0x0000,0x0000,0x0000,0x0000,0x0000,0x0000,
};
const sprite_t spr_dino_2 = { 46, 54, px_dino_2 };

static const uint16_t px_dino_3[2484] = {
    0x0000,0x0000,0x0000,0x0000,0x0000,0x0000,0x0000,0x0000,0x0000,0x0000,0x0000,0x0000,
    0x0000,0x0000,0x0000,0x0000,0x0000,0x0000,0x0000,0x0000,0x0000,0x0000,0x0000,0x0000,
    0x9e89,0x9e89,0x9e89,0x9e89,0x9e89,0x9e89,0x9e89,0x9e89,0x9e89,0x9e89,0x9e89,0x9e89,
    0x9e89,0x9e89,0x9e89,0x9e89,0x0000,0x0000,0x0000,0x0000,0x0000,0x0000,0x0000,0x0000,
    0x0000,0x0000,0x0000,0x0000,0x0000,0x0000,0x0000,0x0000,0x0000,0x0000,0x0000,0x0000,
    0x0000,0x0000,0x0000,0x0000,0x0000,0x0000,0x0000,0x0000,0x0000,0x0000,0x9e89,0x9e89,
    0x9e89,0x9e89,0x9e89,0x9e89,0x9e89,0x9e89,0x9e89,0x9e89,0x9e89,0x9e89,0x9e89,0x9e89,
    0x9e89,0x9e89,0x9e89,0x0000,0x0000,0x0000,0x0000,0x0000,0x0000,0x0000,0x0000,0x0000,
    0x0000,0x0000,0x0000,0x0000,0x0000,0x0000,0x0000,0x0000,0x0000,0x0000,0x0000,0x0000,
    0x0000,0x0000,0x0000,0x0000,0x0000,0x0000,0x9e89,0x9e89,0x7d06,0x7d06,0x7d06,0x7d06,
    0x7d06,0x7d06,0x7d06,0x7d06,0x7d06,0x7d06,0x7d06,0x7d06,0x7d06,0x7d06,0x7d06,0x7d06,
    0x9e89,0x9e89,0x0000,0x0000,0x0000,0x0000,0x0000,0x0000,0x0000,0x0000,0x0000,0x0000,
    0x0000,0x0000,0x0000,0x0000,0x0000,0x0000,0x0000,0x0000,0x0000,0x0000,0x0000,0x0000,
    0x0000,0x0000,0x0000,0x0000,0x9e89,0x9e89,0x7d06,0x7d06,0x7d06,0x7d06,0x7d06,0x7d06,
    0x7d06,0x7d06,0x7d06,0x7d06,0x7d06,0x7d06,0x7d06,0x7d06,0x7d06,0x7d06,0x9e89,0x9e89,
    0x9e89,0x0000,0x0000,0x0000,0x0000,0x0000,0x0000,0x0000,0x0000,0x0000,0x0000,0x0000,
    0x0000,0x0000,0x0000,0x0000,0x0000,0x0000,0x0000,0x0000,0x0000,0x0000,0x0000,0x0000,
    0x0000,0x0000,0x7d06,0x7d06,0x5384,0x5384,0x7d06,0x7d06,0x7d06,0x7d06,0x7d06,0x7d06,
    0x7d06,0x7d06,0x7d06,0x7d06,0x7d06,0x7d06,0x7d06,0x7d06,0x5384,0x5384,0x9e89,0x9e89,
    0x0000,0x0000,0x0000,0x0000,0x0000,0x0000,0x0000,0x0000,0x0000,0x0000,0x0000,0x0000,
    0x0000,0x0000,0x0000,0x0000,0x0000,0x0000,0x0000,0x0000,0x0000,0x0000,0x0000,0x0000,
    0x7d06,0x7d06,0x5384,0x5384,0x5384,0x7d06,0x7d06,0x7d06,0x7d06,0x7d06,0x7d06,0x7d06,
    0x7d06,0x7d06,0x7d06,0x7d06,0x7d06,0x7d06,0x5384,0x5384,0x5384,0x9e89,0x9e89,0x0000,
    0x0000,0x0000,0x0000,0x0000,0x0000,0x0000,0x0000,0x0000,0x0000,0x0000,0x0000,0x0000,
    0x0000,0x0000,0x0000,0x0000,0x0000,0x0000,0x0000,0x0000,0x0000,0x0000,0x7d06,0x7d06,
    0x7d06,0x7d06,0x9e89,0x9e89,0x7d06,0x7d06,0x7d06,0x7d06,0x7d06,0x7d06,0x7d06,0x7d06,
    0x7d06,0x7d06,0x7d06,0x7d06,0x5384,0x5384,0x5384,0x5384,0x9e89,0x9e89,0x0000,0x0000,
    0x0000,0x0000,0x0000,0x0000,0x0000,0x0000,0x0000,0x0000,0x0000,0x0000,0x0000,0x0000,
    0x0000,0x0000,0x0000,0x0000,0x0000,0x0000,0x0000,0x0000,0x7d06,0x7d06,0x7d06,0x7d06,
    0x9e89,0x9e89,0x7d06,0x7d06,0x7d06,0x7d06,0x7d06,0x7d06,0x7d06,0x7d06,0x7d06,0x7d06,
    0x7d06,0x7d06,0x5384,0x5384,0x5384,0x5384,0x5384,0x9e89,0x0000,0x0000,0x0000,0x0000,
    0x0000,0x0000,0x0000,0x0000,0x0000,0x0000,0x0000,0x0000,0x0000,0x0000,0x0000,0x0000,
    0x0000,0x0000,0x0000,0x0000,0x0000,0x0000,0x7d06,0x7d06,0x7d06,0x7d06,0x7d06,0x7d06,
    0x7d06,0x7d06,0x7d06,0x7d06,0x7d06,0x7d06,0x7d06,0x7d06,0x7d06,0x7d06,0x7d06,0x7d06,
    0x5384,0x5384,0x5384,0x5384,0x5384,0x5384,0x0000,0x0000,0x0000,0x0000,0x0000,0x0000,
    0x0000,0x0000,0x0000,0x0000,0x0000,0x0000,0x0000,0x0000,0x0000,0x0000,0x0000,0x0000,
    0x0000,0x0000,0x0000,0x0000,0x7d06,0x7d06,0x7d06,0x7d06,0x7d06,0x7d06,0x7d06,0x7d06,
    0x7d06,0x7d06,0x7d06,0x7d06,0x7d06,0x7d06,0x7d06,0x7d06,0x7d06,0x7d06,0x5384,0x5384,
    0x5384,0x5384,0x5384,0x5384,0x53e4,0x53e4,0x0000,0x0000,0x0000,0x0000,0x0000,0x0000,
    0x0000,0x0000,0x0000,0x0000,0x0000,0x0000,0x0000,0x0000,0x0000,0x0000,0x0000,0x0000,
    0x0000,0x0000,0x7d06,0x7d06,0x7d06,0x7d06,0x7d06,0x7d06,0x7d06,0x7d06,0x7d06,0x7d06,
    0x5384,0x5384,0x7d06,0x7d06,0x7d06,0x7d06,0x7d06,0x7d06,0x7d06,0x5384,0x5384,0x5384,
    0x5384,0x5384,0x53e4,0x53e4,0x0000,0x0000,0x0000,0x0000,0x0000,0x0000,0x0000,0x0000,
    0x0000,0x0000,0x0000,0x0000,0x0000,0x0000,0x0000,0x0000,0x0000,0x0000,0x0000,0x0000,
    0x7d06,0x7d06,0x7d06,0x7d06,0x7d06,0x7d06,0x7d06,0x7d06,0x7d06,0x7d06,0x5384,0x5384,
    0x7d06,0x7d06,0x7d06,0x7d06,0x7d06,0x7d06,0x7d06,0x7d06,0x5384,0x5384,0x5384,0x5384,
    0x42e3,0x42e3,0x53e4,0x53e4,0x0000,0x0000,0x0000,0x0000,0x0000,0x0000,0x0000,0x0000,
    0x0000,0x0000,0x0000,0x0000,0x0000,0x0000,0x0000,0x0000,0x0000,0x0000,0x7d06,0x7d06,
    0x7d06,0x7d06,0x7d06,0x7d06,0x7d06,0x7d06,0x7d06,0x7d06,0x7d06,0x7d06,0x9e89,0x9e89,
    0x9e89,0x9e89,0x9e89,0x9e89,0x7d06,0x7d06,0x7d06,0x5384,0x5384,0x5384,0x42e3,0x53e4,
    0x53e4,0x53e4,0x0000,0x0000,0x0000,0x0000,0x0000,0x0000,0x0000,0x0000,0x0000,0x0000,
    0x0000,0x0000,0x0000,0x0000,0x0000,0x0000,0x0000,0x0000,0x7d06,0x7d06,0x7d06,0x7d06,
    0x7d06,0x7d06,0x7d06,0x7d06,0x7d06,0x7d06,0x7d06,0x7d06,0x9e89,0x9e89,0x9e89,0x9e89,
    0x9e89,0x9e89,0x9e89,0x7d06,0x7d06,0x7d06,0x5384,0x5384,0x42e3,0x53e4,0x53e4,0x42e3,
    0x53e4,0x53e4,0x0000,0x0000,0x0000,0x0000,0x0000,0x0000,0x0000,0x0000,0x0000,0x0000,
    0x0000,0x0000,0x0000,0x0000,0x0000,0x0000,0x7d06,0x7d06,0x7d06,0x7d06,0x7d06,0x7d06,
    0x7d06,0x7d06,0x7d06,0x7d06,0x5384,0x5384,0x9e89,0x9e89,0x9e89,0x9e89,0x9e89,0x9e89,
    0x9e89,0x9e89,0x0000,0x0000,0x0000,0x0000,0x42e3,0x42e3,0x42e3,0x53e4,0x53e4,0x53e4,
    0x0000,0x0000,0x0000,0x0000,0x0000,0x0000,0x0000,0x0000,0x0000,0x0000,0x0000,0x0000,
    0x0000,0x0000,0x0000,0x0000,0x7d06,0x7d06,0x7d06,0x7d06,0x7d06,0x7d06,0x7d06,0x7d06,
    0x7d06,0x7d06,0x5384,0x5384,0x5384,0x9e89,0x9e89,0x9e89,0x9e89,0x9e89,0x9e89,0x9e89,
    0x9e89,0x0000,0x0000,0x0000,0x0000,0x42e3,0x42e3,0x53e4,0x53e4,0x42e3,0x53e4,0x53e4,
    0x0000,0x0000,0x0000,0x0000,0x0000,0x0000,0x0000,0x0000,0x0000,0x0000,0x0000,0x0000,
    0x9e89,0x9e89,0x7d06,0x7d06,0x7d06,0x7d06,0x9e89,0x9e89,0x9e89,0x9e89,0x7d06,0x7d06,
    0x5384,0x5384,0x5384,0x5384,0x9e89,0x9e89,0x9e89,0x9e89,0x9e89,0x9e89,0x9e89,0x9e89,
    0x0000,0x0000,0x0000,0x42e3,0x42e3,0x42e3,0x42e3,0x53e4,0x53e4,0x53e4,0x0000,0x0000,
    0x0000,0x0000,0x0000,0x0000,0x0000,0x0000,0x0000,0x0000,0x0000,0x53e4,0x9e89,0x9e89,
    0x7d06,0x7d06,0x7d06,0x7d06,0x9e89,0x9e89,0x9e89,0x9e89,0x9e89,0x7d06,0x5384,0x5384,
    0x5384,0x5384,0x5384,0x7d06,0x9e89,0x9e89,0x9e89,0x9e89,0x9e89,0x9e89,0x0000,0x0000,
    0x0000,0x42e3,0x8de8,0x8de8,0x8de8,0x8de8,0x53e4,0x42e3,0x53e4,0x53e4,0x0000,0x0000,
    0x0000,0x0000,0x0000,0x0000,0x0000,0x0000,0x9e89,0x9e89,0x7d06,0x7d06,0x7d06,0x7d06,
    0x7d06,0x7d06,0x7d06,0x7d06,0x5384,0x5384,0x9e89,0x7d06,0x5384,0x5384,0x5384,0x5384,
    0x5384,0x5384,0x0000,0x0000,0x0000,0x0000,0x0000,0x0000,0x0000,0x0000,0x0000,0x42e3,
    0x8de8,0x8de8,0x8de8,0x8de8,0x42e3,0x53e4,0x53e4,0x53e4,0x0000,0x0000,0x0000,0x0000,
    0x0000,0x0000,0x0000,0x53e4,0x9e89,0x9e89,0x7d06,0x7d06,0x7d06,0x7d06,0x7d06,0x7d06,
    0x7d06,0x7d06,0x5384,0x5384,0x5384,0x7d06,0x5384,0x5384,0x5384,0x5384,0x5384,0x5384,
    0x0000,0x0000,0x0000,0x0000,0x0000,0x0000,0x0000,0x0000,0x0000,0x42e3,0x6c86,0x6c86,
    0x6c86,0x6c86,0x8de8,0x8de8,0x53e4,0x2a02,0x0000,0x0000,0x0000,0x0000,0x9e89,0x9e89,
    0x9e89,0x9e89,0x7d06,0x7d06,0x7d06,0x7d06,0x7d06,0x7d06,0x7d06,0x7d06,0x7d06,0x7d06,
    0x7d06,0x7d06,0x9e89,0x9e89,0x9e89,0x9e89,0x9e89,0x9e89,0x5384,0x5384,0x0000,0x0000,
    0x0000,0x0000,0x0000,0x0000,0x0000,0x0000,0x0000,0x0000,0x6c86,0x6c86,0x6c86,0x6c86,
    0x8de8,0x8de8,0x2a02,0x2a02,0x53e4,0x0000,0x0000,0x0000,0x9e89,0x9e89,0x9e89,0x9e89,
    0x7d06,0x7d06,0x7d06,0x7d06,0x7d06,0x7d06,0x7d06,0x7d06,0x7d06,0x7d06,0x7d06,0x7d06,
    0x9e89,0x9e89,0x9e89,0x9e89,0x9e89,0x9e89,0x5384,0x5384,0x0000,0x0000,0x0000,0x0000,
    0x0000,0x0000,0x0000,0x0000,0x0000,0x0000,0x0000,0x42e3,0x6c86,0x6c86,0x6c86,0x6c86,
    0x8de8,0x8de8,0x8de8,0x8de8,0x8de8,0x8de8,0x7d06,0x7d06,0x7d06,0x7d06,0x7d06,0x7d06,
    0x7d06,0x7d06,0x7d06,0x7d06,0x7d06,0x7d06,0x7d06,0x5384,0x5384,0x7d06,0x7d06,0x7d06,
    0x5384,0x5384,0x5384,0x5384,0x5384,0x5384,0x0000,0x0000,0x0000,0x0000,0x0000,0x0000,
    0x0000,0x0000,0x0000,0x0000,0x0000,0x42e3,0x6c86,0x6c86,0x6c86,0x6c86,0x8de8,0x8de8,
    0x8de8,0x8de8,0x8de8,0x8de8,0x7d06,0x9e89,0x9e89,0x9e89,0x9e89,0x9e89,0x9e89,0x9e89,
    0x9e89,0x9e89,0x9e89,0x7d06,0x7d06,0x7d06,0x7d06,0x7d06,0x7d06,0x7d06,0x5384,0x5384,
    0x5384,0x5384,0x5384,0x5384,0x0000,0x0000,0x0000,0x0000,0x0000,0x0000,0x0000,0x0000,
    0x0000,0x0000,0x0000,0x42e3,0x6c86,0x6c86,0x6c86,0x6c86,0x7d06,0x7d06,0x7d06,0x7d06,
    0x7d06,0x7d06,0x7d06,0x9e89,0x9e89,0x9e89,0x9e89,0x9e89,0x9e89,0x9e89,0x9e89,0x9e89,
    0x9e89,0x7d06,0x7d06,0x7d06,0x7d06,0x7d06,0x7d06,0x7d06,0x5384,0x5384,0x2a02,0x2a02,
    0x5384,0x5384,0x0000,0x0000,0x0000,0x0000,0x0000,0x0000,0x0000,0x0000,0x0000,0x0000,
    0x0000,0x42e3,0x6c86,0x6c86,0x6c86,0x6c86,0x7d06,0x7d06,0x7d06,0x7d06,0x7d06,0x9e89,
    0x9e89,0x7d06,0x7d06,0x7d06,0x9e89,0x9e89,0x9e89,0x9e89,0x9e89,0x9e89,0x7d06,0x9e89,
    0x9e89,0x7d06,0x7d06,0x7d06,0x7d06,0x7d06,0x5384,0x5384,0x2a02,0x2a02,0x2a02,0x5384,
    0x0000,0x0000,0x0000,0x0000,0x0000,0x0000,0x0000,0x0000,0x0000,0x0000,0x0000,0x42e3,
    0x6c86,0x6c86,0x7d06,0x7d06,0x7d06,0x7d06,0x7d06,0x7d06,0x7d06,0x9e89,0x9e89,0x7d06,
    0x9e89,0x9e89,0x7d06,0x7d06,0x7d06,0x7d06,0x7d06,0x7d06,0x9e89,0x9e89,0x9e89,0x9e89,
    0x7d06,0x7d06,0x7d06,0x7d06,0x5384,0x5384,0x2a02,0x2a02,0x2a02,0x5384,0x0000,0x0000,
    0x0000,0x0000,0x0000,0x0000,0x0000,0x0000,0x0000,0x0000,0x0000,0x0000,0x6c86,0x6c86,
    0x7d06,0x7d06,0x7d06,0x7d06,0x7d06,0x7d06,0x7d06,0x7d06,0x7d06,0x7d06,0x9e89,0x9e89,
    0x7d06,0x7d06,0x7d06,0x7d06,0x7d06,0x7d06,0x9e89,0x9e89,0x9e89,0x9e89,0x9e89,0x7d06,
    0x7d06,0x7d06,0x5384,0x5384,0x2a02,0x2a02,0x2a02,0x5384,0x0000,0x0000,0x0000,0x0000,
    0x0000,0x0000,0x0000,0x0000,0x0000,0x0000,0x0000,0x0000,0x6c86,0x6c86,0x7d06,0x7d06,
    0x7d06,0x7d06,0x7d06,0x7d06,0x7d06,0x7d06,0x7d06,0x7d06,0x7d06,0x7d06,0x7d06,0x7d06,
    0x7d06,0x7d06,0x7d06,0x7d06,0x7d06,0x7d06,0x5384,0x5384,0x9e89,0x7d06,0x7d06,0x7d06,
    0x5384,0x5384,0x2a02,0x2a02,0x2a02,0x5384,0x9e89,0x9e89,0x9e89,0x9e89,0x9e89,0x9e89,
    0x0000,0x0000,0x0000,0x0000,0x0000,0x0000,0x6c86,0x6c86,0x7d06,0x7d06,0x7d06,0x7d06,
    0x7d06,0x7d06,0x7d06,0x7d06,0x7d06,0x7d06,0x7d06,0x7d06,0x7d06,0x7d06,0x7d06,0x7d06,
    0x7d06,0x7d06,0x7d06,0x7d06,0x5384,0x5384,0x5384,0x7d06,0x7d06,0x7d06,0x5384,0x5384,
    0x2a02,0x2a02,0x2a02,0x5384,0x9e89,0x9e89,0x9e89,0x9e89,0x9e89,0x9e89,0x0000,0x0000,
    0x0000,0x0000,0x0000,0x0000,0x0000,0x42e3,0x7d06,0x7d06,0x7d06,0x7d06,0x7d06,0x7d06,
    0x7d06,0x7d06,0x7d06,0x7d06,0x7d06,0x7d06,0x7d06,0x7d06,0x7d06,0x7d06,0x7d06,0x7d06,
    0x7d06,0x7d06,0x5384,0x5384,0x5384,0x7d06,0x5384,0x5384,0x7d06,0x2a02,0x2a02,0x2a02,
    0x2a02,0x5384,0x0000,0x0000,0x0000,0x0000,0x5384,0x5384,0x0000,0x0000,0x0000,0x0000,
    0x0000,0x0000,0x0000,0x0000,0x7d06,0x7d06,0x7d06,0x7d06,0x7d06,0x7d06,0x7d06,0x7d06,
    0x7d06,0x7d06,0x7d06,0x7d06,0x7d06,0x7d06,0x7d06,0x7d06,0x7d06,0x7d06,0x7d06,0x7d06,
    0x5384,0x5384,0x5384,0x7d06,0x5384,0x5384,0x7d06,0x2a02,0x2a02,0x2a02,0x2a02,0x5384,
    0x0000,0x0000,0x0000,0x0000,0x5384,0x5384,0x0000,0x0000,0x0000,0x0000,0x0000,0x0000,
    0x0000,0x0000,0x0000,0x42e3,0x7d06,0x7d06,0x7d06,0x7d06,0x7d06,0x7d06,0x7d06,0x7d06,
    0x7d06,0x7d06,0x7d06,0x7d06,0x7d06,0x7d06,0x7d06,0x7d06,0x7d06,0x7d06,0x5384,0x5384,
    0x5384,0x7d06,0x5384,0x5384,0x7d06,0x2a02,0x2a02,0x2a02,0x2a02,0x5384,0x0000,0x0000,
    0x0000,0x0000,0x0000,0x0000,0x0000,0x0000,0x0000,0x0000,0x0000,0x0000,0x0000,0x0000,
    0x0000,0x0000,0x7d06,0x7d06,0x7d06,0x7d06,0x7d06,0x7d06,0x7d06,0x7d06,0x7d06,0x7d06,
    0x7d06,0x7d06,0x7d06,0x7d06,0x7d06,0x7d06,0x7d06,0x7d06,0x5384,0x5384,0x5384,0x7d06,
    0x5384,0x5384,0x2a02,0x7d06,0x2a02,0x2a02,0x2a02,0x5384,0x0000,0x0000,0x0000,0x0000,
    0x0000,0x0000,0x0000,0x0000,0x0000,0x0000,0x0000,0x0000,0x0000,0x0000,0x0000,0x0000,
    0x0000,0x42e3,0x7d06,0x7d06,0x7d06,0x7d06,0x7d06,0x7d06,0x7d06,0x7d06,0x7d06,0x7d06,
    0x7d06,0x7d06,0x7d06,0x7d06,0x7d06,0x7d06,0x5384,0x5384,0x5384,0x5384,0x7d06,0x2a02,
    0x2a02,0x2a02,0x7d06,0x2a02,0x2a02,0x0000,0x0000,0x0000,0x0000,0x0000,0x0000,0x0000,
    0x0000,0x0000,0x0000,0x0000,0x0000,0x0000,0x0000,0x0000,0x0000,0x0000,0x0000,0x0000,
    0x7d06,0x7d06,0x7d06,0x7d06,0x7d06,0x7d06,0x7d06,0x7d06,0x7d06,0x7d06,0x7d06,0x7d06,
    0x7d06,0x7d06,0x7d06,0x7d06,0x5384,0x5384,0x5384,0x5384,0x2a02,0x7d06,0x2a02,0x2a02,
    0x2a02,0x5384,0x0000,0x0000,0x0000,0x0000,0x0000,0x0000,0x0000,0x0000,0x0000,0x0000,
    0x0000,0x0000,0x0000,0x0000,0x0000,0x0000,0x0000,0x0000,0x0000,0x0000,0x0000,0x42e3,
    0x42e3,0x42e3,0x42e3,0x42e3,0x42e3,0x42e3,0x42e3,0x42e3,0x42e3,0x7d06,0x7d06,0x7d06,
    0x7d06,0x7d06,0x5384,0x5384,0x5384,0x2a02,0x2a02,0x2a02,0x7d06,0x2a02,0x2a02,0x5384,
    0x0000,0x0000,0x0000,0x0000,0x0000,0x0000,0x0000,0x0000,0x0000,0x0000,0x0000,0x0000,
    0x0000,0x0000,0x0000,0x0000,0x0000,0x0000,0x0000,0x0000,0x0000,0x0000,0x42e3,0x42e3,
    0x42e3,0x42e3,0x42e3,0x42e3,0x42e3,0x42e3,0x42e3,0x42e3,0x7d06,0x7d06,0x7d06,0x7d06,
    0x5384,0x5384,0x5384,0x42e3,0x2a02,0x2a02,0x2a02,0x7d06,0x5384,0x5384,0x0000,0x0000,
    0x0000,0x0000,0x0000,0x0000,0x0000,0x0000,0x0000,0x0000,0x0000,0x0000,0x0000,0x0000,
    0x0000,0x0000,0x0000,0x0000,0x0000,0x0000,0x0000,0x0000,0x0000,0x42e3,0x42e3,0x42e3,
    0x42e3,0x42e3,0x9e89,0x9e89,0x9e89,0x9e89,0x7d06,0x7d06,0x5384,0x5384,0x7d06,0x5384,
    0x5384,0x42e3,0x42e3,0x2a02,0x2a02,0x5384,0x0000,0x0000,0x0000,0x0000,0x0000,0x0000,
    0x0000,0x0000,0x0000,0x0000,0x0000,0x0000,0x0000,0x0000,0x0000,0x0000,0x0000,0x0000,
    0x0000,0x0000,0x0000,0x0000,0x0000,0x0000,0x0000,0x0000,0x7d06,0x7d06,0x42e3,0x42e3,
    0x9e89,0x9e89,0x9e89,0x9e89,0x7d06,0x7d06,0x5384,0x5384,0x2a02,0x7d06,0x7d06,0x7d06,
    0x7d06,0x7d06,0x5384,0x5384,0x0000,0x0000,0x0000,0x0000,0x0000,0x0000,0x0000,0x0000,
    0x0000,0x0000,0x0000,0x0000,0x0000,0x0000,0x0000,0x0000,0x0000,0x0000,0x0000,0x0000,
    0x0000,0x0000,0x0000,0x0000,0x0000,0x0000,0x0000,0x0000,0x0000,0x42e3,0x5384,0x5384,
    0x42e3,0x42e3,0x42e3,0x42e3,0x42e3,0x2a02,0x2a02,0x7d06,0x7d06,0x5384,0x5384,0x0000,
    0x0000,0x0000,0x0000,0x0000,0x0000,0x0000,0x0000,0x0000,0x0000,0x0000,0x0000,0x0000,
    0x0000,0x0000,0x0000,0x0000,0x0000,0x0000,0x0000,0x0000,0x0000,0x0000,0x0000,0x0000,
    0x0000,0x0000,0x0000,0x0000,0x0000,0x0000,0x0000,0x7d06,0x5384,0x5384,0x7d06,0x7d06,
    0x7d06,0x7d06,0x7d06,0x7d06,0x7d06,0x5384,0x5384,0x0000,0x0000,0x0000,0x0000,0x0000,
    0x0000,0x0000,0x0000,0x0000,0x0000,0x0000,0x0000,0x0000,0x0000,0x0000,0x0000,0x0000,
    0x0000,0x0000,0x0000,0x0000,0x0000,0x0000,0x0000,0x0000,0x0000,0x0000,0x0000,0x0000,
    0x0000,0x0000,0x0000,0x0000,0x0000,0x7d06,0x7d06,0x7d06,0x7d06,0x7d06,0x7d06,0x7d06,
    0x7d06,0x7d06,0x7d06,0x5384,0x5384,0x0000,0x0000,0x0000,0x0000,0x0000,0x0000,0x0000,
    0x0000,0x0000,0x0000,0x0000,0x0000,0x0000,0x0000,0x0000,0x0000,0x0000,0x0000,0x0000,
    0x0000,0x0000,0x0000,0x0000,0x0000,0x0000,0x0000,0x0000,0x0000,0x0000,0x0000,0x0000,
    0x0000,0x0000,0x0000,0x0000,0x7d06,0x7d06,0x7d06,0x7d06,0x7d06,0x7d06,0x7d06,0x5384,
    0x5384,0x5384,0x0000,0x0000,0x0000,0x0000,0x0000,0x0000,0x0000,0x0000,0x0000,0x0000,
    0x0000,0x0000,0x0000,0x0000,0x0000,0x0000,0x0000,0x0000,0x0000,0x0000,0x0000,0x0000,
    0x0000,0x0000,0x0000,0x0000,0x0000,0x0000,0x0000,0x0000,0x0000,0x0000,0x0000,0x0000,
    0x0000,0x0000,0x0000,0x7d06,0x7d06,0x7d06,0x7d06,0x7d06,0x7d06,0x5384,0x5384,0x5384,
    0x0000,0x0000,0x0000,0x0000,0x0000,0x0000,0x0000,0x0000,0x0000,0x0000,0x0000,0x0000,
    0x0000,0x0000,0x0000,0x0000,0x0000,0x0000,0x0000,0x0000,0x0000,0x0000,0x0000,0x0000,
    0x0000,0x0000,0x0000,0x0000,0x0000,0x0000,0x0000,0x0000,0x0000,0x0000,0x0000,0x0000,
    0x0000,0x0000,0x7d06,0x7d06,0x7d06,0x5384,0x5384,0x7d06,0x5384,0x5384,0x0000,0x0000,
    0x0000,0x0000,0x0000,0x0000,0x0000,0x0000,0x0000,0x0000,0x0000,0x0000,0x0000,0x0000,
    0x0000,0x0000,0x0000,0x0000,0x0000,0x0000,0x0000,0x0000,0x0000,0x0000,0x0000,0x0000,
    0x0000,0x0000,0x0000,0x0000,0x0000,0x0000,0x0000,0x0000,0x0000,0x0000,0x0000,0x0000,
    0x0000,0x0000,0x0000,0x5384,0x5384,0x7d06,0x5384,0x5384,0x0000,0x0000,0x0000,0x0000,
    0x0000,0x0000,0x0000,0x0000,0x0000,0x0000,0x0000,0x0000,0x0000,0x0000,0x0000,0x0000,
    0x0000,0x0000,0x0000,0x0000,0x0000,0x0000,0x0000,0x0000,0x0000,0x0000,0x0000,0x0000,
    0x0000,0x0000,0x0000,0x0000,0x0000,0x0000,0x0000,0x0000,0x0000,0x0000,0x0000,0x0000,
    0x0000,0x0000,0x7d06,0x7d06,0x5384,0x5384,0x0000,0x0000,0x0000,0x0000,0x0000,0x0000,
    0x0000,0x0000,0x0000,0x0000,0x0000,0x0000,0x0000,0x0000,0x0000,0x0000,0x0000,0x0000,
    0x0000,0x0000,0x0000,0x0000,0x0000,0x0000,0x0000,0x0000,0x0000,0x0000,0x0000,0x0000,
    0x0000,0x0000,0x0000,0x0000,0x0000,0x0000,0x0000,0x0000,0x0000,0x0000,0x0000,0x0000,
    0x5384,0x5384,0x0000,0x0000,0x0000,0x0000,0x0000,0x0000,0x0000,0x0000,0x0000,0x0000,
    0x0000,0x0000,0x0000,0x0000,0x0000,0x0000,0x0000,0x0000,0x0000,0x0000,0x0000,0x0000,
    0x0000,0x0000,0x0000,0x0000,0x0000,0x0000,0x0000,0x0000,0x0000,0x0000,0x0000,0x0000,
    0x0000,0x0000,0x0000,0x0000,0x0000,0x0000,0x0000,0x0000,0x0000,0x0000,0x5384,0x5384,
    0x0000,0x0000,0x0000,0x0000,0x0000,0x0000,0x0000,0x0000,0x0000,0x0000,0x0000,0x0000,
    0x0000,0x0000,0x0000,0x0000,0x0000,0x0000,0x0000,0x0000,0x0000,0x0000,0x0000,0x0000,
    0x0000,0x0000,0x0000,0x0000,0x0000,0x0000,0x0000,0x0000,0x0000,0x0000,0x0000,0x0000,
    0x0000,0x0000,0x0000,0x0000,0x0000,0x0000,0x0000,0x0000,0x5384,0x5384,0x0000,0x0000,
    0x0000,0x0000,0x0000,0x0000,0x0000,0x0000,0x0000,0x0000,0x0000,0x0000,0x0000,0x0000,
    0x0000,0x0000,0x0000,0x0000,0x0000,0x0000,0x0000,0x0000,0x0000,0x0000,0x0000,0x0000,
    0x0000,0x0000,0x0000,0x0000,0x0000,0x0000,0x0000,0x0000,0x0000,0x0000,0x0000,0x0000,
    0x0000,0x0000,0x0000,0x0000,0x0000,0x0000,0x5384,0x5384,0x0000,0x0000,0x0000,0x0000,
    0x0000,0x0000,0x0000,0x0000,0x0000,0x0000,0x0000,0x0000,0x0000,0x0000,0x0000,0x0000,
    0x0000,0x0000,0x0000,0x0000,0x0000,0x0000,0x0000,0x0000,0x0000,0x0000,0x0000,0x0000,
    0x0000,0x0000,0x0000,0x0000,0x0000,0x0000,0x0000,0x0000,0x0000,0x0000,0x0000,0x0000,
    0x0000,0x0000,0x0000,0x0000,0x7d06,0x7d06,0x9e89,0x9e89,0x0000,0x0000,0x0000,0x0000,
    0x0000,0x0000,0x0000,0x0000,0x0000,0x0000,0x0000,0x0000,0x0000,0x0000,0x0000,0x0000,
    0x0000,0x0000,0x0000,0x0000,0x0000,0x0000,0x0000,0x0000,0x0000,0x0000,0x0000,0x0000,
    0x0000,0x0000,0x0000,0x0000,0x0000,0x0000,0x0000,0x0000,0x0000,0x0000,0x0000,0x0000,
    0x0000,0x0000,0x7d06,0x7d06,0x9e89,0x9e89,0x0000,0x0000,0x0000,0x0000,0x0000,0x0000,
    0x0000,0x0000,0x0000,0x0000,0x0000,0x0000,0x0000,0x0000,0x0000,0x0000,0x0000,0x0000,
};
const sprite_t spr_dino_3 = { 46, 54, px_dino_3 };

static const uint16_t px_dino_4[2392] = {
    0x0000,0x0000,0x0000,0x0000,0x0000,0x0000,0x0000,0x0000,0x0000,0x0000,0x0000,0x0000,
    0x0000,0x0000,0x0000,0x0000,0x0000,0x0000,0x0000,0x0000,0x0000,0x0000,0x0000,0x0000,
    0x9e89,0x9e89,0x9e89,0x9e89,0x9e89,0x9e89,0x9e89,0x9e89,0x9e89,0x9e89,0x9e89,0x9e89,
    0x9e89,0x9e89,0x9e89,0x9e89,0x0000,0x0000,0x0000,0x0000,0x0000,0x0000,0x0000,0x0000,
    0x0000,0x0000,0x0000,0x0000,0x0000,0x0000,0x0000,0x0000,0x0000,0x0000,0x0000,0x0000,
    0x0000,0x0000,0x0000,0x0000,0x0000,0x0000,0x0000,0x0000,0x0000,0x0000,0x9e89,0x9e89,
    0x9e89,0x9e89,0x9e89,0x9e89,0x9e89,0x9e89,0x9e89,0x9e89,0x9e89,0x9e89,0x9e89,0x9e89,
    0x9e89,0x9e89,0x9e89,0x0000,0x0000,0x0000,0x0000,0x0000,0x0000,0x0000,0x0000,0x0000,
    0x0000,0x0000,0x0000,0x0000,0x0000,0x0000,0x0000,0x0000,0x0000,0x0000,0x0000,0x0000,
    0x0000,0x0000,0x0000,0x0000,0x0000,0x0000,0x9e89,0x9e89,0x7d06,0x7d06,0x7d06,0x7d06,
    0x7d06,0x7d06,0x7d06,0x7d06,0x7d06,0x7d06,0x7d06,0x7d06,0x7d06,0x7d06,0x7d06,0x7d06,
    0x9e89,0x9e89,0x0000,0x0000,0x0000,0x0000,0x0000,0x0000,0x0000,0x0000,0x0000,0x0000,
    0x0000,0x0000,0x0000,0x0000,0x0000,0x0000,0x0000,0x0000,0x0000,0x0000,0x0000,0x0000,
    0x0000,0x0000,0x0000,0x0000,0x9e89,0x9e89,0x7d06,0x7d06,0x7d06,0x7d06,0x7d06,0x7d06,
    0x7d06,0x7d06,0x7d06,0x7d06,0x7d06,0x7d06,0x7d06,0x7d06,0x7d06,0x7d06,0x9e89,0x9e89,
    0x9e89,0x0000,0x0000,0x0000,0x0000,0x0000,0x0000,0x0000,0x0000,0x0000,0x0000,0x0000,
    0x0000,0x0000,0x0000,0x0000,0x0000,0x0000,0x0000,0x0000,0x0000,0x0000,0x0000,0x0000,
    0x0000,0x0000,0x7d06,0x7d06,0x5384,0x5384,0x7d06,0x7d06,0x7d06,0x7d06,0x7d06,0x7d06,
    0x7d06,0x7d06,0x7d06,0x7d06,0x7d06,0x7d06,0x7d06,0x7d06,0x5384,0x5384,0x9e89,0x9e89,
    0x0000,0x0000,0x0000,0x0000,0x0000,0x0000,0x0000,0x0000,0x0000,0x0000,0x0000,0x0000,
    0x0000,0x0000,0x0000,0x0000,0x0000,0x0000,0x0000,0x0000,0x0000,0x0000,0x0000,0x0000,
    0x7d06,0x7d06,0x5384,0x5384,0x5384,0x7d06,0x7d06,0x7d06,0x7d06,0x7d06,0x7d06,0x7d06,
    0x7d06,0x7d06,0x7d06,0x7d06,0x7d06,0x7d06,0x5384,0x5384,0x5384,0x9e89,0x9e89,0x0000,
    0x0000,0x0000,0x0000,0x0000,0x0000,0x0000,0x0000,0x0000,0x0000,0x0000,0x0000,0x0000,
    0x0000,0x0000,0x0000,0x0000,0x0000,0x0000,0x0000,0x0000,0x0000,0x0000,0x7d06,0x7d06,
    0x7d06,0x7d06,0x9e89,0x9e89,0x7d06,0x7d06,0x7d06,0x7d06,0x7d06,0x7d06,0x7d06,0x7d06,
    0x7d06,0x7d06,0x7d06,0x7d06,0x5384,0x5384,0x5384,0x5384,0x9e89,0x9e89,0x0000,0x0000,
    0x0000,0x0000,0x0000,0x0000,0x0000,0x0000,0x0000,0x0000,0x0000,0x0000,0x0000,0x0000,
    0x0000,0x0000,0x0000,0x0000,0x0000,0x0000,0x0000,0x0000,0x7d06,0x7d06,0x7d06,0x7d06,
    0x9e89,0x9e89,0x7d06,0x7d06,0x7d06,0x7d06,0x7d06,0x7d06,0x7d06,0x7d06,0x7d06,0x7d06,
    0x7d06,0x7d06,0x5384,0x5384,0x5384,0x5384,0x5384,0x9e89,0x53e4,0x53e4,0x0000,0x0000,
    0x0000,0x0000,0x0000,0x0000,0x0000,0x0000,0x0000,0x0000,0x0000,0x0000,0x0000,0x0000,
    0x0000,0x0000,0x0000,0x0000,0x0000,0x0000,0x7d06,0x7d06,0x7d06,0x7d06,0x7d06,0x7d06,
    0x7d06,0x7d06,0x7d06,0x7d06,0x7d06,0x7d06,0x7d06,0x7d06,0x7d06,0x7d06,0x7d06,0x7d06,
    0x5384,0x5384,0x5384,0x5384,0x5384,0x5384,0x53e4,0x53e4,0x0000,0x0000,0x0000,0x0000,
    0x0000,0x0000,0x0000,0x0000,0x0000,0x0000,0x0000,0x0000,0x0000,0x0000,0x0000,0x0000,
    0x0000,0x0000,0x0000,0x0000,0x7d06,0x7d06,0x7d06,0x7d06,0x7d06,0x7d06,0x7d06,0x7d06,
    0x7d06,0x7d06,0x7d06,0x7d06,0x7d06,0x7d06,0x7d06,0x7d06,0x7d06,0x7d06,0x5384,0x5384,
    0x5384,0x5384,0x5384,0x5384,0x42e3,0x42e3,0x53e4,0x53e4,0x0000,0x0000,0x0000,0x0000,
    0x0000,0x0000,0x0000,0x0000,0x0000,0x0000,0x0000,0x0000,0x0000,0x0000,0x0000,0x0000,
    0x0000,0x0000,0x7d06,0x7d06,0x7d06,0x7d06,0x7d06,0x7d06,0x7d06,0x7d06,0x7d06,0x7d06,
    0x5384,0x5384,0x7d06,0x7d06,0x7d06,0x7d06,0x7d06,0x7d06,0x7d06,0x5384,0x5384,0x5384,
    0x5384,0x5384,0x42e3,0x53e4,0x53e4,0x53e4,0x0000,0x0000,0x0000,0x0000,0x0000,0x0000,
    0x0000,0x0000,0x0000,0x0000,0x0000,0x0000,0x0000,0x0000,0x0000,0x0000,0x0000,0x0000,
    0x7d06,0x7d06,0x7d06,0x7d06,0x7d06,0x7d06,0x7d06,0x7d06,0x7d06,0x7d06,0x5384,0x5384,
    0x7d06,0x7d06,0x7d06,0x7d06,0x7d06,0x7d06,0x7d06,0x7d06,0x5384,0x5384,0x5384,0x5384,
    0x42e3,0x53e4,0x53e4,0x42e3,0x53e4,0x53e4,0x0000,0x0000,0x0000,0x0000,0x0000,0x0000,
    0x0000,0x0000,0x0000,0x0000,0x0000,0x0000,0x0000,0x0000,0x0000,0x0000,0x7d06,0x7d06,
    0x7d06,0x7d06,0x7d06,0x7d06,0x7d06,0x7d06,0x7d06,0x7d06,0x7d06,0x7d06,0x9e89,0x9e89,
    0x9e89,0x9e89,0x9e89,0x9e89,0x7d06,0x7d06,0x7d06,0x5384,0x5384,0x5384,0x42e3,0x42e3,
    0x42e3,0x53e4,0x53e4,0x53e4,0x0000,0x0000,0x0000,0x0000,0x0000,0x0000,0x0000,0x0000,
    0x0000,0x0000,0x0000,0x0000,0x0000,0x0000,0x0000,0x0000,0x7d06,0x7d06,0x7d06,0x7d06,
    0x7d06,0x7d06,0x7d06,0x7d06,0x7d06,0x7d06,0x7d06,0x7d06,0x9e89,0x9e89,0x9e89,0x9e89,
    0x9e89,0x9e89,0x9e89,0x7d06,0x7d06,0x7d06,0x5384,0x5384,0x42e3,0x42e3,0x42e3,0x53e4,
    0x53e4,0x42e3,0x53e4,0x53e4,0x0000,0x0000,0x0000,0x0000,0x0000,0x0000,0x0000,0x0000,
    0x0000,0x0000,0x0000,0x0000,0x0000,0x0000,0x7d06,0x7d06,0x7d06,0x7d06,0x7d06,0x7d06,
    0x7d06,0x7d06,0x7d06,0x7d06,0x5384,0x5384,0x9e89,0x9e89,0x9e89,0x9e89,0x9e89,0x9e89,
    0x9e89,0x9e89,0x0000,0x0000,0x0000,0x0000,0x42e3,0x42e3,0x42e3,0x42e3,0x42e3,0x53e4,
    0x53e4,0x53e4,0x0000,0x0000,0x0000,0x0000,0x0000,0x0000,0x0000,0x0000,0x0000,0x0000,
    0x0000,0x0000,0x0000,0x0000,0x7d06,0x7d06,0x7d06,0x7d06,0x7d06,0x7d06,0x7d06,0x7d06,
    0x7d06,0x7d06,0x5384,0x5384,0x5384,0x9e89,0x9e89,0x9e89,0x9e89,0x9e89,0x9e89,0x9e89,
    0x9e89,0x0000,0x0000,0x0000,0x0000,0x42e3,0x8de8,0x8de8,0x8de8,0x8de8,0x53e4,0x42e3,
    0x53e4,0x53e4,0x0000,0x0000,0x0000,0x0000,0x0000,0x0000,0x0000,0x0000,0x0000,0x0000,
    0x9e89,0x9e89,0x7d06,0x7d06,0x7d06,0x7d06,0x7d06,0x7d06,0x9e89,0x9e89,0x9e89,0x9e89,
    0x5384,0x5384,0x5384,0x5384,0x9e89,0x9e89,0x9e89,0x9e89,0x9e89,0x9e89,0x9e89,0x9e89,
    0x0000,0x0000,0x0000,0x42e3,0x8de8,0x8de8,0x8de8,0x8de8,0x42e3,0x53e4,0x53e4,0x53e4,
    0x0000,0x0000,0x0000,0x0000,0x0000,0x0000,0x0000,0x0000,0x0000,0x53e4,0x9e89,0x9e89,
    0x7d06,0x7d06,0x7d06,0x7d06,0x7d06,0x7d06,0x9e89,0x9e89,0x9e89,0x9e89,0x9e89,0x5384,
    0x5384,0x5384,0x5384,0x7d06,0x9e89,0x9e89,0x9e89,0x9e89,0x9e89,0x9e89,0x0000,0x0000,
    0x0000,0x42e3,0x6c86,0x6c86,0x6c86,0x6c86,0x8de8,0x8de8,0x53e4,0x2a02,0x0000,0x0000,
    0x0000,0x0000,0x0000,0x0000,0x0000,0x0000,0x9e89,0x9e89,0x7d06,0x7d06,0x7d06,0x7d06,
    0x7d06,0x7d06,0x7d06,0x7d06,0x7d06,0x7d06,0x5384,0x5384,0x9e89,0x5384,0x5384,0x5384,
    0x5384,0x5384,0x0000,0x0000,0x0000,0x0000,0x0000,0x0000,0x0000,0x0000,0x0000,0x42e3,
    0x6c86,0x6c86,0x6c86,0x6c86,0x8de8,0x8de8,0x2a02,0x2a02,0x53e4,0x0000,0x0000,0x0000,
    0x0000,0x0000,0x0000,0x53e4,0x9e89,0x9e89,0x7d06,0x7d06,0x7d06,0x7d06,0x7d06,0x7d06,
    0x7d06,0x7d06,0x7d06,0x7d06,0x5384,0x5384,0x5384,0x5384,0x5384,0x5384,0x5384,0x5384,
    0x0000,0x0000,0x0000,0x0000,0x0000,0x0000,0x0000,0x0000,0x0000,0x42e3,0x6c86,0x6c86,
    0x6c86,0x6c86,0x4b24,0x4b24,0x2a02,0x42e3,0x53e4,0x53e4,0x0000,0x0000,0x9e89,0x9e89,
    0x9e89,0x9e89,0x7d06,0x7d06,0x7d06,0x7d06,0x7d06,0x7d06,0x7d06,0x7d06,0x7d06,0x7d06,
    0x7d06,0x7d06,0x7d06,0x7d06,0x9e89,0x9e89,0x9e89,0x9e89,0x9e89,0x9e89,0x0000,0x0000,
    0x0000,0x0000,0x0000,0x0000,0x0000,0x0000,0x0000,0x0000,0x6c86,0x6c86,0x6c86,0x6c86,
    0x4b24,0x4b24,0x2a02,0x42e3,0x53e4,0x53e4,0x0000,0x0000,0x9e89,0x9e89,0x9e89,0x9e89,
    0x7d06,0x7d06,0x7d06,0x7d06,0x7d06,0x7d06,0x7d06,0x7d06,0x7d06,0x7d06,0x7d06,0x7d06,
    0x7d06,0x7d06,0x9e89,0x9e89,0x9e89,0x9e89,0x9e89,0x9e89,0x0000,0x0000,0x0000,0x0000,
    0x0000,0x0000,0x0000,0x0000,0x0000,0x0000,0x0000,0x42e3,0x6c86,0x6c86,0x6c86,0x6c86,
    0x8de8,0x8de8,0x8de8,0x8de8,0x8de8,0x8de8,0x7d06,0x7d06,0x7d06,0x7d06,0x7d06,0x7d06,
    0x7d06,0x7d06,0x7d06,0x7d06,0x7d06,0x7d06,0x7d06,0x7d06,0x7d06,0x5384,0x5384,0x7d06,
    0x5384,0x5384,0x5384,0x5384,0x5384,0x5384,0x0000,0x0000,0x0000,0x0000,0x0000,0x0000,
    0x0000,0x0000,0x0000,0x0000,0x0000,0x42e3,0x6c86,0x6c86,0x6c86,0x6c86,0x8de8,0x8de8,
    0x8de8,0x8de8,0x8de8,0x8de8,0x7d06,0x7d06,0x7d06,0x7d06,0x7d06,0x7d06,0x7d06,0x7d06,
    0x7d06,0x7d06,0x7d06,0x7d06,0x7d06,0x7d06,0x7d06,0x7d06,0x7d06,0x7d06,0x5384,0x5384,
    0x2a02,0x5384,0x5384,0x5384,0x0000,0x0000,0x0000,0x0000,0x0000,0x0000,0x0000,0x0000,
    0x0000,0x0000,0x0000,0x42e3,0x6c86,0x6c86,0x6c86,0x6c86,0x7d06,0x7d06,0x7d06,0x7d06,
    0x7d06,0x7d06,0x7d06,0x7d06,0x7d06,0x7d06,0x7d06,0x7d06,0x7d06,0x7d06,0x7d06,0x7d06,
    0x7d06,0x7d06,0x7d06,0x7d06,0x7d06,0x7d06,0x7d06,0x7d06,0x5384,0x5384,0x2a02,0x2a02,
    0x5384,0x5384,0x0000,0x0000,0x0000,0x0000,0x0000,0x0000,0x0000,0x0000,0x0000,0x0000,
    0x0000,0x42e3,0x6c86,0x6c86,0x6c86,0x6c86,0x7d06,0x7d06,0x7d06,0x7d06,0x7d06,0x7d06,
    0x7d06,0x9e89,0x9e89,0x9e89,0x9e89,0x9e89,0x9e89,0x9e89,0x9e89,0x9e89,0x9e89,0x7d06,
    0x7d06,0x7d06,0x7d06,0x7d06,0x7d06,0x7d06,0x5384,0x5384,0x2a02,0x2a02,0x2a02,0x5384,
    0x0000,0x0000,0x0000,0x0000,0x0000,0x0000,0x0000,0x0000,0x0000,0x0000,0x0000,0x42e3,
    0x6c86,0x6c86,0x7d06,0x7d06,0x7d06,0x7d06,0x7d06,0x7d06,0x7d06,0x7d06,0x7d06,0x9e89,
    0x9e89,0x9e89,0x9e89,0x9e89,0x9e89,0x9e89,0x9e89,0x9e89,0x9e89,0x7d06,0x7d06,0x7d06,
    0x7d06,0x7d06,0x7d06,0x7d06,0x5384,0x5384,0x2a02,0x2a02,0x2a02,0x5384,0x0000,0x0000,
    0x0000,0x0000,0x0000,0x0000,0x0000,0x0000,0x0000,0x0000,0x0000,0x0000,0x6c86,0x6c86,
    0x7d06,0x7d06,0x7d06,0x7d06,0x7d06,0x7d06,0x7d06,0x9e89,0x9e89,0x7d06,0x7d06,0x7d06,
    0x7d06,0x7d06,0x7d06,0x7d06,0x7d06,0x5384,0x5384,0x7d06,0x7d06,0x7d06,0x7d06,0x7d06,
    0x7d06,0x7d06,0x5384,0x5384,0x2a02,0x2a02,0x2a02,0x5384,0x0000,0x0000,0x0000,0x0000,
    0x0000,0x0000,0x0000,0x0000,0x0000,0x0000,0x0000,0x0000,0x6c86,0x6c86,0x7d06,0x7d06,
    0x7d06,0x7d06,0x7d06,0x7d06,0x7d06,0x9e89,0x9e89,0x7d06,0x7d06,0x7d06,0x9e89,0x9e89,
    0x9e89,0x9e89,0x9e89,0x9e89,0x9e89,0x9e89,0x9e89,0x9e89,0x7d06,0x7d06,0x7d06,0x7d06,
    0x5384,0x5384,0x2a02,0x2a02,0x2a02,0x5384,0x9e89,0x9e89,0x9e89,0x9e89,0x9e89,0x9e89,
    0x0000,0x0000,0x0000,0x0000,0x0000,0x0000,0x6c86,0x6c86,0x7d06,0x7d06,0x7d06,0x7d06,
    0x7d06,0x7d06,0x7d06,0x7d06,0x7d06,0x7d06,0x7d06,0x7d06,0x9e89,0x9e89,0x9e89,0x9e89,
    0x9e89,0x9e89,0x9e89,0x9e89,0x9e89,0x9e89,0x9e89,0x7d06,0x7d06,0x7d06,0x5384,0x5384,
    0x2a02,0x2a02,0x2a02,0x5384,0x9e89,0x9e89,0x9e89,0x9e89,0x9e89,0x9e89,0x0000,0x0000,
    0x0000,0x0000,0x0000,0x0000,0x0000,0x42e3,0x7d06,0x7d06,0x7d06,0x7d06,0x7d06,0x7d06,
    0x7d06,0x7d06,0x7d06,0x7d06,0x7d06,0x7d06,0x7d06,0x7d06,0x7d06,0x7d06,0x7d06,0x7d06,
    0x7d06,0x7d06,0x5384,0x5384,0x9e89,0x7d06,0x5384,0x5384,0x7d06,0x2a02,0x2a02,0x2a02,
    0x2a02,0x5384,0x0000,0x0000,0x0000,0x0000,0x5384,0x5384,0x0000,0x0000,0x0000,0x0000,
    0x0000,0x0000,0x0000,0x0000,0x7d06,0x7d06,0x7d06,0x7d06,0x7d06,0x7d06,0x7d06,0x7d06,
    0x7d06,0x7d06,0x7d06,0x7d06,0x7d06,0x7d06,0x7d06,0x7d06,0x7d06,0x7d06,0x7d06,0x7d06,
    0x5384,0x5384,0x5384,0x7d06,0x5384,0x5384,0x7d06,0x2a02,0x2a02,0x2a02,0x2a02,0x5384,
    0x0000,0x0000,0x0000,0x0000,0x5384,0x5384,0x0000,0x0000,0x0000,0x0000,0x0000,0x0000,
    0x0000,0x0000,0x0000,0x42e3,0x7d06,0x7d06,0x7d06,0x7d06,0x7d06,0x7d06,0x7d06,0x7d06,
    0x7d06,0x7d06,0x7d06,0x7d06,0x7d06,0x7d06,0x7d06,0x7d06,0x7d06,0x7d06,0x5384,0x5384,
    0x5384,0x7d06,0x5384,0x5384,0x7d06,0x2a02,0x2a02,0x2a02,0x2a02,0x5384,0x0000,0x0000,
    0x0000,0x0000,0x0000,0x0000,0x0000,0x0000,0x0000,0x0000,0x0000,0x0000,0x0000,0x0000,
    0x0000,0x0000,0x7d06,0x7d06,0x7d06,0x7d06,0x7d06,0x7d06,0x7d06,0x7d06,0x7d06,0x7d06,
    0x7d06,0x7d06,0x7d06,0x7d06,0x7d06,0x7d06,0x7d06,0x7d06,0x5384,0x5384,0x5384,0x7d06,
    0x5384,0x5384,0x2a02,0x7d06,0x2a02,0x2a02,0x2a02,0x5384,0x0000,0x0000,0x0000,0x0000,
    0x0000,0x0000,0x0000,0x0000,0x0000,0x0000,0x0000,0x0000,0x0000,0x0000,0x0000,0x0000,
    0x0000,0x42e3,0x7d06,0x7d06,0x7d06,0x7d06,0x7d06,0x7d06,0x7d06,0x7d06,0x7d06,0x7d06,
    0x7d06,0x7d06,0x7d06,0x7d06,0x7d06,0x7d06,0x5384,0x5384,0x5384,0x5384,0x7d06,0x2a02,
    0x2a02,0x2a02,0x7d06,0x2a02,0x2a02,0x0000,0x0000,0x0000,0x0000,0x0000,0x0000,0x0000,
    0x0000,0x0000,0x0000,0x0000,0x0000,0x0000,0x0000,0x0000,0x0000,0x0000,0x0000,0x0000,
    0x7d06,0x7d06,0x7d06,0x7d06,0x7d06,0x7d06,0x7d06,0x7d06,0x7d06,0x7d06,0x7d06,0x7d06,
    0x7d06,0x7d06,0x7d06,0x7d06,0x5384,0x5384,0x5384,0x5384,0x2a02,0x7d06,0x2a02,0x2a02,
    0x2a02,0x5384,0x0000,0x0000,0x0000,0x0000,0x0000,0x0000,0x0000,0x0000,0x0000,0x0000,
    0x0000,0x0000,0x0000,0x0000,0x0000,0x0000,0x0000,0x0000,0x0000,0x0000,0x0000,0x42e3,
    0x42e3,0x42e3,0x42e3,0x42e3,0x42e3,0x42e3,0x7d06,0x7d06,0x7d06,0x7d06,0x7d06,0x7d06,
    0x7d06,0x7d06,0x5384,0x5384,0x5384,0x2a02,0x2a02,0x2a02,0x7d06,0x2a02,0x2a02,0x5384,
    0x0000,0x0000,0x0000,0x0000,0x0000,0x0000,0x0000,0x0000,0x0000,0x0000,0x0000,0x0000,
    0x0000,0x0000,0x0000,0x0000,0x0000,0x0000,0x0000,0x0000,0x0000,0x0000,0x42e3,0x42e3,
    0x42e3,0x42e3,0x42e3,0x42e3,0x7d06,0x7d06,0x7d06,0x7d06,0x7d06,0x7d06,0x7d06,0x7d06,
    0x5384,0x5384,0x42e3,0x42e3,0x2a02,0x2a02,0x2a02,0x7d06,0x5384,0x5384,0x0000,0x0000,
    0x0000,0x0000,0x0000,0x0000,0x0000,0x0000,0x0000,0x0000,0x0000,0x0000,0x0000,0x0000,
    0x0000,0x0000,0x0000,0x0000,0x0000,0x0000,0x0000,0x0000,0x0000,0x42e3,0x42e3,0x42e3,
    0x42e3,0x42e3,0x42e3,0x7d06,0x7d06,0x7d06,0x7d06,0x7d06,0x7d06,0x5384,0x5384,0x5384,
    0x42e3,0x42e3,0x42e3,0x2a02,0x2a02,0x5384,0x0000,0x0000,0x0000,0x0000,0x0000,0x0000,
    0x0000,0x0000,0x0000,0x0000,0x0000,0x0000,0x0000,0x0000,0x0000,0x0000,0x0000,0x0000,
    0x0000,0x0000,0x0000,0x0000,0x0000,0x0000,0x0000,0x0000,0x7d06,0x7d06,0x42e3,0x42e3,
    0x42e3,0x42e3,0x42e3,0x42e3,0x42e3,0x42e3,0x2a02,0x2a02,0x5384,0x5384,0x7d06,0x7d06,
    0x7d06,0x7d06,0x5384,0x5384,0x0000,0x0000,0x0000,0x0000,0x0000,0x0000,0x0000,0x0000,
    0x0000,0x0000,0x0000,0x0000,0x0000,0x0000,0x0000,0x0000,0x0000,0x0000,0x0000,0x0000,
    0x0000,0x0000,0x0000,0x0000,0x0000,0x0000,0x0000,0x0000,0x0000,0x42e3,0x42e3,0x42e3,
    0x42e3,0x42e3,0x42e3,0x42e3,0x42e3,0x2a02,0x5384,0x5384,0x5384,0x0000,0x0000,0x0000,
    0x0000,0x0000,0x0000,0x0000,0x0000,0x0000,0x0000,0x0000,0x0000,0x0000,0x0000,0x0000,
    0x0000,0x0000,0x0000,0x0000,0x0000,0x0000,0x0000,0x0000,0x0000,0x0000,0x0000,0x0000,
    0x0000,0x0000,0x0000,0x0000,0x0000,0x0000,0x0000,0x0000,0x7d06,0x7d06,0x7d06,0x7d06,
    0x7d06,0x7d06,0x7d06,0x5384,0x5384,0x5384,0x0000,0x0000,0x0000,0x0000,0x0000,0x0000,
    0x0000,0x0000,0x0000,0x0000,0x0000,0x0000,0x0000,0x0000,0x0000,0x0000,0x0000,0x0000,
    0x0000,0x0000,0x0000,0x0000,0x0000,0x0000,0x0000,0x0000,0x0000,0x0000,0x0000,0x0000,
    0x0000,0x0000,0x0000,0x0000,0x0000,0x0000,0x7d06,0x7d06,0x7d06,0x7d06,0x7d06,0x7d06,
    0x7d06,0x5384,0x7d06,0x7d06,0x9e89,0x9e89,0x0000,0x0000,0x0000,0x0000,0x0000,0x0000,
    0x0000,0x0000,0x0000,0x0000,0x0000,0x0000,0x0000,0x0000,0x0000,0x0000,0x0000,0x0000,
    0x0000,0x0000,0x0000,0x0000,0x0000,0x0000,0x0000,0x0000,0x0000,0x0000,0x0000,0x0000,
    0x0000,0x0000,0x0000,0x0000,0x7d06,0x7d06,0x7d06,0x7d06,0x7d06,0x7d06,0x7d06,0x5384,
    0x7d06,0x7d06,0x9e89,0x9e89,0x0000,0x0000,0x0000,0x0000,0x0000,0x0000,0x0000,0x0000,
    0x0000,0x0000,0x0000,0x0000,0x0000,0x0000,0x0000,0x0000,0x0000,0x0000,0x0000,0x0000,
    0x0000,0x0000,0x0000,0x0000,0x0000,0x0000,0x0000,0x0000,0x0000,0x0000,0x0000,0x0000,
    0x0000,0x0000,0x0000,0x7d06,0x7d06,0x7d06,0x7d06,0x7d06,0x7d06,0x5384,0x5384,0x5384,
    0x0000,0x0000,0x0000,0x0000,0x0000,0x0000,0x0000,0x0000,0x0000,0x0000,0x0000,0x0000,
    0x0000,0x0000,0x0000,0x0000,0x0000,0x0000,0x0000,0x0000,0x0000,0x0000,0x0000,0x0000,
    0x0000,0x0000,0x0000,0x0000,0x0000,0x0000,0x0000,0x0000,0x0000,0x0000,0x0000,0x0000,
    0x0000,0x0000,0x7d06,0x7d06,0x7d06,0x7d06,0x7d06,0x7d06,0x5384,0x5384,0x0000,0x0000,
    0x0000,0x0000,0x0000,0x0000,0x0000,0x0000,0x0000,0x0000,0x0000,0x0000,0x0000,0x0000,
    0x0000,0x0000,0x0000,0x0000,0x0000,0x0000,0x0000,0x0000,0x0000,0x0000,0x0000,0x0000,
    0x0000,0x0000,0x0000,0x0000,0x0000,0x0000,0x0000,0x0000,0x0000,0x0000,0x0000,0x0000,
    0x0000,0x0000,0x0000,0x0000,0x7d06,0x7d06,0x5384,0x5384,0x0000,0x0000,0x0000,0x0000,
    0x0000,0x0000,0x0000,0x0000,0x0000,0x0000,0x0000,0x0000,0x0000,0x0000,0x0000,0x0000,
    0x0000,0x0000,0x0000,0x0000,0x0000,0x0000,0x0000,0x0000,0x0000,0x0000,0x0000,0x0000,
    0x0000,0x0000,0x0000,0x0000,0x0000,0x0000,0x0000,0x0000,0x0000,0x0000,0x0000,0x0000,
    0x0000,0x0000,0x7d06,0x7d06,0x5384,0x5384,0x0000,0x0000,0x0000,0x0000,0x0000,0x0000,
    0x0000,0x0000,0x0000,0x0000,0x0000,0x0000,0x0000,0x0000,0x0000,0x0000,0x0000,0x0000,
    0x0000,0x0000,0x0000,0x0000,0x0000,0x0000,0x0000,0x0000,0x0000,0x0000,0x0000,0x0000,
    0x0000,0x0000,0x0000,0x0000,0x0000,0x0000,0x9e89,0x9e89,0x9e89,0x9e89,0x9e89,0x9e89,
    0x5384,0x5384,0x0000,0x0000,0x0000,0x0000,0x0000,0x0000,0x0000,0x0000,0x0000,0x0000,
    0x0000,0x0000,0x0000,0x0000,0x0000,0x0000,0x0000,0x0000,0x0000,0x0000,0x0000,0x0000,
    0x0000,0x0000,0x0000,0x0000,0x0000,0x0000,0x0000,0x0000,0x0000,0x0000,0x0000,0x0000,
    0x0000,0x0000,0x0000,0x0000,0x9e89,0x9e89,0x9e89,0x9e89,0x9e89,0x9e89,0x5384,0x5384,
    0x0000,0x0000,0x0000,0x0000,0x0000,0x0000,0x0000,0x0000,0x0000,0x0000,0x0000,0x0000,
    0x0000,0x0000,0x0000,0x0000,0x0000,0x0000,0x0000,0x0000,0x0000,0x0000,0x0000,0x0000,
    0x0000,0x0000,0x0000,0x0000,0x0000,0x0000,0x0000,0x0000,0x0000,0x0000,0x0000,0x0000,
    0x0000,0x0000,0x5384,0x5384,0x0000,0x0000,0x0000,0x0000,0x0000,0x0000,0x0000,0x0000,
    0x0000,0x0000,0x0000,0x0000,0x0000,0x0000,0x0000,0x0000,0x0000,0x0000,0x0000,0x0000,
    0x0000,0x0000,0x0000,0x0000,0x0000,0x0000,0x0000,0x0000,0x0000,0x0000,0x0000,0x0000,
    0x0000,0x0000,0x0000,0x0000,0x0000,0x0000,0x0000,0x0000,0x0000,0x0000,0x0000,0x0000,
    0x5384,0x5384,0x0000,0x0000,0x0000,0x0000,0x0000,0x0000,0x0000,0x0000,0x0000,0x0000,
    0x0000,0x0000,0x0000,0x0000,0x0000,0x0000,0x0000,0x0000,0x0000,0x0000,0x0000,0x0000,
    0x0000,0x0000,0x0000,0x0000,
};
const sprite_t spr_dino_4 = { 46, 52, px_dino_4 };

static const uint16_t px_dino_5[2208] = {
    0x0000,0x0000,0x0000,0x0000,0x0000,0x0000,0x0000,0x0000,0x0000,0x0000,0x0000,0x0000,
    0x0000,0x0000,0x0000,0x0000,0x0000,0x0000,0x0000,0x0000,0x0000,0x0000,0x0000,0x0000,
    0x9e89,0x9e89,0x9e89,0x9e89,0x9e89,0x9e89,0x9e89,0x9e89,0x9e89,0x9e89,0x9e89,0x9e89,
    0x9e89,0x9e89,0x9e89,0x9e89,0x0000,0x0000,0x0000,0x0000,0x0000,0x0000,0x0000,0x0000,
    0x0000,0x0000,0x0000,0x0000,0x0000,0x0000,0x0000,0x0000,0x0000,0x0000,0x0000,0x0000,
    0x0000,0x0000,0x0000,0x0000,0x0000,0x0000,0x0000,0x0000,0x0000,0x0000,0x9e89,0x9e89,
    0x9e89,0x9e89,0x9e89,0x9e89,0x9e89,0x9e89,0x9e89,0x9e89,0x9e89,0x9e89,0x9e89,0x9e89,
    0x9e89,0x9e89,0x9e89,0x0000,0x0000,0x0000,0x0000,0x0000,0x0000,0x0000,0x0000,0x0000,
    0x0000,0x0000,0x0000,0x0000,0x0000,0x0000,0x0000,0x0000,0x0000,0x0000,0x0000,0x0000,
    0x0000,0x0000,0x0000,0x0000,0x0000,0x0000,0x9e89,0x9e89,0x7d06,0x7d06,0x7d06,0x7d06,
    0x7d06,0x7d06,0x7d06,0x7d06,0x7d06,0x7d06,0x7d06,0x7d06,0x7d06,0x7d06,0x7d06,0x7d06,
    0x9e89,0x9e89,0x0000,0x0000,0x0000,0x0000,0x0000,0x0000,0x0000,0x0000,0x0000,0x0000,
    0x0000,0x0000,0x0000,0x0000,0x0000,0x0000,0x0000,0x0000,0x0000,0x0000,0x0000,0x0000,
    0x0000,0x0000,0x0000,0x0000,0x9e89,0x9e89,0x7d06,0x7d06,0x7d06,0x7d06,0x7d06,0x7d06,
    0x7d06,0x7d06,0x7d06,0x7d06,0x7d06,0x7d06,0x7d06,0x7d06,0x7d06,0x7d06,0x9e89,0x9e89,
    0x9e89,0x0000,0x0000,0x0000,0x0000,0x0000,0x0000,0x0000,0x0000,0x0000,0x0000,0x0000,
    0x0000,0x0000,0x0000,0x0000,0x0000,0x0000,0x0000,0x0000,0x0000,0x0000,0x0000,0x0000,
    0x0000,0x0000,0x7d06,0x7d06,0x5384,0x5384,0x7d06,0x7d06,0x7d06,0x7d06,0x7d06,0x7d06,
    0x7d06,0x7d06,0x7d06,0x7d06,0x7d06,0x7d06,0x7d06,0x7d06,0x5384,0x5384,0x9e89,0x9e89,
    0x0000,0x0000,0x0000,0x0000,0x0000,0x0000,0x0000,0x0000,0x0000,0x0000,0x0000,0x0000,
    0x0000,0x0000,0x0000,0x0000,0x0000,0x0000,0x0000,0x0000,0x0000,0x0000,0x0000,0x0000,
    0x7d06,0x7d06,0x5384,0x5384,0x5384,0x7d06,0x7d06,0x7d06,0x7d06,0x7d06,0x7d06,0x7d06,
    0x7d06,0x7d06,0x7d06,0x7d06,0x7d06,0x7d06,0x5384,0x5384,0x5384,0x9e89,0x9e89,0x0000,
    0x0000,0x0000,0x0000,0x0000,0x0000,0x0000,0x0000,0x0000,0x0000,0x0000,0x0000,0x0000,
    0x0000,0x0000,0x0000,0x0000,0x0000,0x0000,0x0000,0x0000,0x0000,0x0000,0x7d06,0x7d06,
    0x7d06,0x7d06,0x9e89,0x9e89,0x7d06,0x7d06,0x7d06,0x7d06,0x7d06,0x7d06,0x7d06,0x7d06,
    0x7d06,0x7d06,0x7d06,0x7d06,0x5384,0x5384,0x5384,0x5384,0x9e89,0x9e89,0x0000,0x0000,
    0x0000,0x0000,0x0000,0x0000,0x0000,0x0000,0x0000,0x0000,0x0000,0x0000,0x0000,0x0000,
    0x0000,0x0000,0x0000,0x0000,0x0000,0x0000,0x0000,0x0000,0x7d06,0x7d06,0x7d06,0x7d06,
    0x9e89,0x9e89,0x7d06,0x7d06,0x7d06,0x7d06,0x7d06,0x7d06,0x7d06,0x7d06,0x7d06,0x7d06,
    0x7d06,0x7d06,0x5384,0x5384,0x5384,0x5384,0x5384,0x9e89,0x0000,0x0000,0x0000,0x0000,
    0x0000,0x0000,0x0000,0x0000,0x0000,0x0000,0x0000,0x0000,0x0000,0x0000,0x0000,0x0000,
    0x0000,0x0000,0x0000,0x0000,0x0000,0x0000,0x7d06,0x7d06,0x7d06,0x7d06,0x7d06,0x7d06,
    0x7d06,0x7d06,0x7d06,0x7d06,0x7d06,0x7d06,0x7d06,0x7d06,0x7d06,0x7d06,0x7d06,0x7d06,
    0x5384,0x5384,0x5384,0x5384,0x5384,0x5384,0x0000,0x0000,0x0000,0x0000,0x0000,0x0000,
    0x0000,0x0000,0x0000,0x0000,0x0000,0x0000,0x0000,0x0000,0x0000,0x0000,0x0000,0x0000,
    0x0000,0x0000,0x0000,0x0000,0x7d06,0x7d06,0x7d06,0x7d06,0x7d06,0x7d06,0x7d06,0x7d06,
    0x7d06,0x7d06,0x7d06,0x7d06,0x7d06,0x7d06,0x7d06,0x7d06,0x7d06,0x7d06,0x5384,0x5384,
    0x5384,0x5384,0x5384,0x5384,0x53e4,0x53e4,0x0000,0x0000,0x0000,0x0000,0x0000,0x0000,
    0x0000,0x0000,0x0000,0x0000,0x0000,0x0000,0x0000,0x0000,0x0000,0x0000,0x0000,0x0000,
    0x0000,0x0000,0x7d06,0x7d06,0x7d06,0x7d06,0x7d06,0x7d06,0x7d06,0x7d06,0x7d06,0x7d06,
    0x5384,0x5384,0x7d06,0x7d06,0x7d06,0x7d06,0x7d06,0x7d06,0x7d06,0x5384,0x5384,0x5384,
    0x5384,0x5384,0x53e4,0x53e4,0x0000,0x0000,0x0000,0x0000,0x0000,0x0000,0x0000,0x0000,
    0x0000,0x0000,0x0000,0x0000,0x0000,0x0000,0x0000,0x0000,0x0000,0x0000,0x0000,0x0000,
    0x7d06,0x7d06,0x7d06,0x7d06,0x7d06,0x7d06,0x7d06,0x7d06,0x7d06,0x7d06,0x5384,0x5384,
    0x7d06,0x7d06,0x7d06,0x7d06,0x7d06,0x7d06,0x7d06,0x7d06,0x5384,0x5384,0x5384,0x5384,
    0x42e3,0x42e3,0x53e4,0x53e4,0x0000,0x0000,0x0000,0x0000,0x0000,0x0000,0x0000,0x0000,
    0x0000,0x0000,0x0000,0x0000,0x0000,0x0000,0x0000,0x0000,0x0000,0x0000,0x7d06,0x7d06,
    0x7d06,0x7d06,0x7d06,0x7d06,0x7d06,0x7d06,0x7d06,0x7d06,0x7d06,0x7d06,0x9e89,0x9e89,
    0x9e89,0x9e89,0x9e89,0x9e89,0x7d06,0x7d06,0x7d06,0x5384,0x5384,0x5384,0x42e3,0x53e4,
    0x53e4,0x53e4,0x0000,0x0000,0x0000,0x0000,0x0000,0x0000,0x0000,0x0000,0x0000,0x0000,
    0x0000,0x0000,0x0000,0x0000,0x0000,0x0000,0x0000,0x0000,0x7d06,0x7d06,0x7d06,0x7d06,
    0x7d06,0x7d06,0x7d06,0x7d06,0x7d06,0x7d06,0x7d06,0x7d06,0x9e89,0x9e89,0x9e89,0x9e89,
    0x9e89,0x9e89,0x9e89,0x7d06,0x7d06,0x7d06,0x5384,0x5384,0x42e3,0x53e4,0x53e4,0x42e3,
    0x53e4,0x53e4,0x0000,0x0000,0x0000,0x0000,0x0000,0x0000,0x0000,0x0000,0x0000,0x0000,
    0x0000,0x0000,0x0000,0x0000,0x0000,0x0000,0x7d06,0x7d06,0x7d06,0x7d06,0x7d06,0x7d06,
    0x7d06,0x7d06,0x7d06,0x7d06,0x5384,0x5384,0x9e89,0x9e89,0x9e89,0x9e89,0x9e89,0x9e89,
    0x9e89,0x9e89,0x0000,0x0000,0x0000,0x0000,0x42e3,0x42e3,0x42e3,0x53e4,0x53e4,0x53e4,
    0x0000,0x0000,0x0000,0x0000,0x0000,0x0000,0x0000,0x0000,0x0000,0x0000,0x0000,0x0000,
    0x0000,0x0000,0x0000,0x0000,0x7d06,0x7d06,0x7d06,0x7d06,0x7d06,0x7d06,0x7d06,0x7d06,
    0x7d06,0x7d06,0x5384,0x5384,0x5384,0x9e89,0x9e89,0x9e89,0x9e89,0x9e89,0x9e89,0x9e89,
    0x9e89,0x0000,0x0000,0x0000,0x0000,0x42e3,0x42e3,0x53e4,0x53e4,0x42e3,0x53e4,0x53e4,
    0x0000,0x0000,0x0000,0x0000,0x0000,0x0000,0x0000,0x0000,0x0000,0x0000,0x0000,0x0000,
    0x9e89,0x9e89,0x7d06,0x7d06,0x7d06,0x7d06,0x7d06,0x7d06,0x9e89,0x9e89,0x9e89,0x9e89,
    0x5384,0x5384,0x5384,0x5384,0x9e89,0x9e89,0x9e89,0x9e89,0x9e89,0x9e89,0x9e89,0x9e89,
    0x0000,0x0000,0x0000,0x42e3,0x42e3,0x42e3,0x42e3,0x53e4,0x53e4,0x53e4,0x0000,0x0000,
    0x0000,0x0000,0x0000,0x0000,0x0000,0x0000,0x0000,0x0000,0x0000,0x53e4,0x9e89,0x9e89,
    0x7d06,0x7d06,0x7d06,0x7d06,0x7d06,0x7d06,0x9e89,0x9e89,0x9e89,0x9e89,0x9e89,0x5384,
    0x5384,0x5384,0x5384,0x7d06,0x9e89,0x9e89,0x9e89,0x9e89,0x9e89,0x9e89,0x0000,0x0000,
    0x0000,0x42e3,0x8de8,0x8de8,0x8de8,0x8de8,0x53e4,0x42e3,0x53e4,0x53e4,0x0000,0x0000,
    0x0000,0x0000,0x0000,0x0000,0x0000,0x0000,0x9e89,0x9e89,0x7d06,0x7d06,0x7d06,0x7d06,
    0x7d06,0x7d06,0x7d06,0x7d06,0x7d06,0x7d06,0x5384,0x5384,0x9e89,0x5384,0x5384,0x5384,
    0x5384,0x5384,0x0000,0x0000,0x0000,0x0000,0x0000,0x0000,0x0000,0x0000,0x0000,0x42e3,
    0x8de8,0x8de8,0x8de8,0x8de8,0x42e3,0x53e4,0x53e4,0x53e4,0x0000,0x0000,0x0000,0x0000,
    0x0000,0x0000,0x0000,0x53e4,0x9e89,0x9e89,0x7d06,0x7d06,0x7d06,0x7d06,0x7d06,0x7d06,
    0x7d06,0x7d06,0x7d06,0x7d06,0x5384,0x5384,0x5384,0x5384,0x5384,0x5384,0x5384,0x5384,
    0x0000,0x0000,0x0000,0x0000,0x0000,0x0000,0x0000,0x0000,0x0000,0x42e3,0x6c86,0x6c86,
    0x6c86,0x6c86,0x8de8,0x8de8,0x53e4,0x2a02,0x0000,0x0000,0x0000,0x0000,0x9e89,0x9e89,
    0x9e89,0x9e89,0x7d06,0x7d06,0x7d06,0x7d06,0x7d06,0x7d06,0x7d06,0x7d06,0x7d06,0x7d06,
    0x7d06,0x7d06,0x7d06,0x7d06,0x9e89,0x9e89,0x9e89,0x9e89,0x9e89,0x9e89,0x0000,0x0000,
    0x0000,0x0000,0x0000,0x0000,0x0000,0x0000,0x0000,0x0000,0x6c86,0x6c86,0x6c86,0x6c86,
    0x8de8,0x8de8,0x2a02,0x2a02,0x53e4,0x0000,0x0000,0x0000,0x9e89,0x9e89,0x9e89,0x9e89,
    0x7d06,0x7d06,0x7d06,0x7d06,0x7d06,0x7d06,0x7d06,0x7d06,0x7d06,0x7d06,0x7d06,0x7d06,
    0x7d06,0x7d06,0x9e89,0x9e89,0x9e89,0x9e89,0x9e89,0x9e89,0x0000,0x0000,0x0000,0x0000,
    0x0000,0x0000,0x0000,0x0000,0x0000,0x0000,0x0000,0x42e3,0x6c86,0x6c86,0x6c86,0x6c86,
    0x8de8,0x8de8,0x8de8,0x8de8,0x8de8,0x8de8,0x7d06,0x7d06,0x7d06,0x7d06,0x7d06,0x7d06,
    0x7d06,0x7d06,0x7d06,0x7d06,0x7d06,0x7d06,0x7d06,0x7d06,0x7d06,0x5384,0x5384,0x7d06,
    0x5384,0x5384,0x5384,0x5384,0x5384,0x5384,0x0000,0x0000,0x0000,0x0000,0x0000,0x0000,
    0x0000,0x0000,0x0000,0x0000,0x0000,0x42e3,0x6c86,0x6c86,0x6c86,0x6c86,0x8de8,0x8de8,
    0x8de8,0x8de8,0x8de8,0x8de8,0x7d06,0x7d06,0x7d06,0x7d06,0x7d06,0x7d06,0x7d06,0x7d06,
    0x7d06,0x7d06,0x7d06,0x7d06,0x7d06,0x7d06,0x7d06,0x7d06,0x7d06,0x7d06,0x5384,0x5384,
    0x2a02,0x5384,0x5384,0x5384,0x0000,0x0000,0x0000,0x0000,0x0000,0x0000,0x0000,0x0000,
    0x0000,0x0000,0x0000,0x42e3,0x6c86,0x6c86,0x6c86,0x6c86,0x7d06,0x7d06,0x7d06,0x7d06,
    0x7d06,0x7d06,0x7d06,0x7d06,0x7d06,0x7d06,0x7d06,0x7d06,0x7d06,0x7d06,0x7d06,0x7d06,
    0x7d06,0x7d06,0x7d06,0x7d06,0x7d06,0x7d06,0x7d06,0x7d06,0x5384,0x5384,0x2a02,0x2a02,
    0x5384,0x5384,0x0000,0x0000,0x0000,0x0000,0x0000,0x0000,0x0000,0x0000,0x0000,0x0000,
    0x0000,0x0000,0x6c86,0x6c86,0x6c86,0x6c86,0x7d06,0x7d06,0x7d06,0x7d06,0x7d06,0x9e89,
    0x9e89,0x9e89,0x9e89,0x9e89,0x9e89,0x9e89,0x9e89,0x9e89,0x9e89,0x9e89,0x9e89,0x7d06,
    0x7d06,0x7d06,0x7d06,0x7d06,0x7d06,0x7d06,0x5384,0x5384,0x2a02,0x2a02,0x2a02,0x5384,
    0x0000,0x0000,0x0000,0x0000,0x0000,0x0000,0x0000,0x0000,0x0000,0x0000,0x0000,0x0000,
    0x6c86,0x6c86,0x7d06,0x7d06,0x7d06,0x7d06,0x7d06,0x7d06,0x7d06,0x9e89,0x9e89,0x9e89,
    0x9e89,0x9e89,0x9e89,0x9e89,0x9e89,0x9e89,0x9e89,0x9e89,0x9e89,0x7d06,0x7d06,0x7d06,
    0x7d06,0x7d06,0x7d06,0x7d06,0x5384,0x5384,0x2a02,0x2a02,0x2a02,0x5384,0x0000,0x0000,
    0x0000,0x0000,0x0000,0x0000,0x0000,0x0000,0x0000,0x0000,0x0000,0x0000,0x6c86,0x6c86,
    0x7d06,0x7d06,0x7d06,0x7d06,0x7d06,0x7d06,0x7d06,0x7d06,0x9e89,0x9e89,0x9e89,0x9e89,
    0x9e89,0x9e89,0x9e89,0x9e89,0x7d06,0x5384,0x5384,0x7d06,0x7d06,0x7d06,0x7d06,0x7d06,
    0x7d06,0x7d06,0x5384,0x5384,0x2a02,0x2a02,0x2a02,0x5384,0x0000,0x0000,0x0000,0x0000,
    0x0000,0x0000,0x0000,0x0000,0x0000,0x0000,0x0000,0x0000,0x6c86,0x6c86,0x7d06,0x7d06,
    0x7d06,0x7d06,0x7d06,0x7d06,0x7d06,0x7d06,0x7d06,0x7d06,0x7d06,0x7d06,0x7d06,0x7d06,
    0x7d06,0x7d06,0x9e89,0x9e89,0x5384,0x7d06,0x7d06,0x7d06,0x7d06,0x7d06,0x7d06,0x7d06,
    0x5384,0x5384,0x2a02,0x2a02,0x2a02,0x5384,0x9e89,0x9e89,0x9e89,0x9e89,0x9e89,0x9e89,
    0x0000,0x0000,0x0000,0x0000,0x0000,0x0000,0x6c86,0x6c86,0x7d06,0x7d06,0x7d06,0x7d06,
    0x7d06,0x7d06,0x7d06,0x7d06,0x7d06,0x7d06,0x7d06,0x7d06,0x7d06,0x7d06,0x7d06,0x7d06,
    0x9e89,0x9e89,0x5384,0x7d06,0x7d06,0x7d06,0x7d06,0x7d06,0x7d06,0x7d06,0x5384,0x5384,
    0x2a02,0x2a02,0x2a02,0x5384,0x9e89,0x9e89,0x9e89,0x9e89,0x9e89,0x9e89,0x0000,0x0000,
    0x0000,0x0000,0x0000,0x0000,0x0000,0x42e3,0x7d06,0x7d06,0x7d06,0x7d06,0x7d06,0x7d06,
    0x7d06,0x7d06,0x7d06,0x7d06,0x7d06,0x7d06,0x7d06,0x7d06,0x7d06,0x7d06,0x5384,0x5384,
    0x5384,0x7d06,0x7d06,0x7d06,0x7d06,0x7d06,0x5384,0x5384,0x7d06,0x2a02,0x2a02,0x2a02,
    0x2a02,0x5384,0x0000,0x0000,0x0000,0x0000,0x5384,0x5384,0x0000,0x0000,0x0000,0x0000,
    0x0000,0x0000,0x0000,0x0000,0x7d06,0x7d06,0x7d06,0x7d06,0x7d06,0x7d06,0x7d06,0x7d06,
    0x7d06,0x7d06,0x7d06,0x7d06,0x7d06,0x7d06,0x7d06,0x7d06,0x5384,0x5384,0x5384,0x7d06,
    0x7d06,0x7d06,0x7d06,0x7d06,0x5384,0x5384,0x7d06,0x2a02,0x2a02,0x2a02,0x2a02,0x5384,
    0x0000,0x0000,0x0000,0x0000,0x5384,0x5384,0x0000,0x0000,0x0000,0x0000,0x0000,0x0000,
    0x0000,0x0000,0x0000,0x42e3,0x7d06,0x7d06,0x7d06,0x7d06,0x7d06,0x7d06,0x7d06,0x7d06,
    0x7d06,0x7d06,0x7d06,0x7d06,0x7d06,0x7d06,0x5384,0x5384,0x5384,0x7d06,0x7d06,0x7d06,
    0x7d06,0x7d06,0x5384,0x5384,0x7d06,0x2a02,0x2a02,0x2a02,0x2a02,0x5384,0x0000,0x0000,
    0x0000,0x0000,0x0000,0x0000,0x0000,0x0000,0x0000,0x0000,0x0000,0x0000,0x0000,0x0000,
    0x0000,0x0000,0x7d06,0x7d06,0x7d06,0x7d06,0x7d06,0x7d06,0x7d06,0x7d06,0x7d06,0x7d06,
    0x7d06,0x7d06,0x7d06,0x7d06,0x5384,0x5384,0x5384,0x7d06,0x7d06,0x7d06,0x7d06,0x7d06,
    0x5384,0x5384,0x2a02,0x7d06,0x2a02,0x2a02,0x2a02,0x5384,0x0000,0x0000,0x0000,0x0000,
    0x0000,0x0000,0x0000,0x0000,0x0000,0x0000,0x0000,0x0000,0x0000,0x0000,0x0000,0x0000,
    0x0000,0x42e3,0x7d06,0x7d06,0x7d06,0x7d06,0x7d06,0x7d06,0x7d06,0x7d06,0x7d06,0x7d06,
    0x7d06,0x7d06,0x5384,0x5384,0x5384,0x7d06,0x7d06,0x7d06,0x5384,0x5384,0x7d06,0x2a02,
    0x2a02,0x2a02,0x7d06,0x2a02,0x2a02,0x0000,0x0000,0x0000,0x0000,0x0000,0x0000,0x0000,
    0x0000,0x0000,0x0000,0x0000,0x0000,0x0000,0x0000,0x0000,0x0000,0x0000,0x0000,0x0000,
    0x7d06,0x7d06,0x7d06,0x7d06,0x7d06,0x7d06,0x7d06,0x7d06,0x7d06,0x7d06,0x7d06,0x7d06,
    0x5384,0x5384,0x5384,0x7d06,0x7d06,0x7d06,0x5384,0x5384,0x2a02,0x7d06,0x2a02,0x2a02,
    0x2a02,0x5384,0x0000,0x0000,0x0000,0x0000,0x0000,0x0000,0x0000,0x0000,0x0000,0x0000,
    0x0000,0x0000,0x0000,0x0000,0x0000,0x0000,0x0000,0x0000,0x0000,0x0000,0x0000,0x42e3,
    0x42e3,0x42e3,0x42e3,0x7d06,0x7d06,0x7d06,0x7d06,0x7d06,0x7d06,0x7d06,0x5384,0x5384,
    0x5384,0x42e3,0x42e3,0x42e3,0x42e3,0x2a02,0x2a02,0x2a02,0x7d06,0x2a02,0x2a02,0x5384,
    0x0000,0x0000,0x0000,0x0000,0x0000,0x0000,0x0000,0x0000,0x0000,0x0000,0x0000,0x0000,
    0x0000,0x0000,0x0000,0x0000,0x0000,0x0000,0x0000,0x0000,0x0000,0x0000,0x42e3,0x42e3,
    0x42e3,0x42e3,0x7d06,0x7d06,0x7d06,0x7d06,0x7d06,0x7d06,0x5384,0x5384,0x2a02,0x7d06,
    0x42e3,0x42e3,0x42e3,0x42e3,0x2a02,0x2a02,0x2a02,0x7d06,0x5384,0x5384,0x0000,0x0000,
    0x0000,0x0000,0x0000,0x0000,0x0000,0x0000,0x0000,0x0000,0x0000,0x0000,0x0000,0x0000,
    0x0000,0x0000,0x0000,0x0000,0x0000,0x0000,0x0000,0x0000,0x0000,0x42e3,0x42e3,0x42e3,
    0x42e3,0x7d06,0x7d06,0x7d06,0x7d06,0x5384,0x5384,0x5384,0x2a02,0x2a02,0x7d06,0x42e3,
    0x42e3,0x42e3,0x42e3,0x2a02,0x2a02,0x5384,0x0000,0x0000,0x0000,0x0000,0x0000,0x0000,
    0x0000,0x0000,0x0000,0x0000,0x0000,0x0000,0x0000,0x0000,0x0000,0x0000,0x0000,0x0000,
    0x0000,0x0000,0x0000,0x0000,0x0000,0x0000,0x0000,0x0000,0x7d06,0x7d06,0x42e3,0x42e3,
    0x42e3,0x42e3,0x42e3,0x42e3,0x5384,0x5384,0x2a02,0x2a02,0x2a02,0x7d06,0x7d06,0x7d06,
    0x7d06,0x7d06,0x5384,0x5384,0x0000,0x0000,0x0000,0x0000,0x0000,0x0000,0x0000,0x0000,
    0x0000,0x0000,0x0000,0x0000,0x0000,0x0000,0x0000,0x0000,0x0000,0x0000,0x0000,0x0000,
    0x0000,0x0000,0x0000,0x0000,0x0000,0x0000,0x0000,0x0000,0x0000,0x42e3,0x42e3,0x42e3,
    0x42e3,0x42e3,0x5384,0x5384,0x42e3,0x2a02,0x2a02,0x5384,0x5384,0x5384,0x0000,0x0000,
    0x0000,0x0000,0x0000,0x0000,0x0000,0x0000,0x0000,0x0000,0x0000,0x0000,0x0000,0x0000,
    0x0000,0x0000,0x0000,0x0000,0x0000,0x0000,0x0000,0x0000,0x0000,0x0000,0x0000,0x0000,
    0x0000,0x0000,0x0000,0x0000,0x0000,0x0000,0x0000,0x0000,0x0000,0x0000,0x0000,0x7d06,
    0x5384,0x5384,0x7d06,0x7d06,0x7d06,0x5384,0x5384,0x5384,0x0000,0x0000,0x0000,0x0000,
    0x0000,0x0000,0x0000,0x0000,0x0000,0x0000,0x0000,0x0000,0x0000,0x0000,0x0000,0x0000,
    0x0000,0x0000,0x0000,0x0000,0x0000,0x0000,0x0000,0x0000,0x0000,0x0000,0x0000,0x0000,
    0x0000,0x0000,0x0000,0x0000,0x0000,0x0000,0x0000,0x0000,0x0000,0x7d06,0x7d06,0x7d06,
    0x9e89,0x9e89,0x7d06,0x5384,0x5384,0x5384,0x0000,0x0000,0x0000,0x0000,0x0000,0x0000,
    0x0000,0x0000,0x0000,0x0000,0x0000,0x0000,0x0000,0x0000,0x0000,0x0000,0x0000,0x0000,
    0x0000,0x0000,0x0000,0x0000,0x0000,0x0000,0x0000,0x0000,0x0000,0x0000,0x0000,0x0000,
    0x0000,0x0000,0x0000,0x0000,0x0000,0x0000,0x0000,0x0000,0x7d06,0x7d06,0x9e89,0x9e89,
    0x7d06,0x5384,0x5384,0x5384,0x0000,0x0000,0x0000,0x0000,0x0000,0x0000,0x0000,0x0000,
    0x0000,0x0000,0x0000,0x0000,0x0000,0x0000,0x0000,0x0000,0x0000,0x0000,0x0000,0x0000,
    0x0000,0x0000,0x0000,0x0000,0x0000,0x0000,0x0000,0x0000,0x0000,0x0000,0x0000,0x0000,
    0x9e89,0x9e89,0x9e89,0x9e89,0x9e89,0x9e89,0x7d06,0x7d06,0x7d06,0x7d06,0x7d06,0x5384,
    0x5384,0x5384,0x0000,0x0000,0x0000,0x0000,0x0000,0x0000,0x0000,0x0000,0x0000,0x0000,
    0x0000,0x0000,0x0000,0x0000,0x0000,0x0000,0x0000,0x0000,0x0000,0x0000,0x0000,0x0000,
    0x0000,0x0000,0x0000,0x0000,0x0000,0x0000,0x0000,0x0000,0x0000,0x0000,0x9e89,0x9e89,
    0x9e89,0x9e89,0x9e89,0x9e89,0x7d06,0x7d06,0x7d06,0x7d06,0x7d06,0x7d06,0x5384,0x5384,
    0x0000,0x0000,0x0000,0x0000,0x0000,0x0000,0x0000,0x0000,0x0000,0x0000,0x0000,0x0000,
    0x0000,0x0000,0x0000,0x0000,0x0000,0x0000,0x0000,0x0000,0x0000,0x0000,0x0000,0x0000,
    0x0000,0x0000,0x0000,0x0000,0x0000,0x0000,0x0000,0x0000,0x5384,0x5384,0x0000,0x0000,
    0x0000,0x0000,0x0000,0x0000,0x0000,0x0000,0x0000,0x0000,0x0000,0x0000,0x0000,0x0000,
    0x0000,0x0000,0x0000,0x0000,0x0000,0x0000,0x0000,0x0000,0x0000,0x0000,0x0000,0x0000,
    0x0000,0x0000,0x0000,0x0000,0x0000,0x0000,0x0000,0x0000,0x0000,0x0000,0x0000,0x0000,
    0x0000,0x0000,0x0000,0x0000,0x0000,0x0000,0x5384,0x5384,0x0000,0x0000,0x0000,0x0000,
    0x0000,0x0000,0x0000,0x0000,0x0000,0x0000,0x0000,0x0000,0x0000,0x0000,0x0000,0x0000,
    0x0000,0x0000,0x0000,0x0000,0x0000,0x0000,0x0000,0x0000,0x0000,0x0000,0x0000,0x0000,
};
const sprite_t spr_dino_5 = { 46, 48, px_dino_5 };

static const uint16_t px_dino_6[2208] = {
    0x0000,0x0000,0x0000,0x0000,0x0000,0x0000,0x0000,0x0000,0x0000,0x0000,0x0000,0x0000,
    0x0000,0x0000,0x0000,0x0000,0x0000,0x0000,0x0000,0x0000,0x0000,0x0000,0x0000,0x0000,
    0x9e89,0x9e89,0x9e89,0x9e89,0x9e89,0x9e89,0x9e89,0x9e89,0x9e89,0x9e89,0x9e89,0x9e89,
    0x9e89,0x9e89,0x9e89,0x9e89,0x0000,0x0000,0x0000,0x0000,0x0000,0x0000,0x0000,0x0000,
    0x0000,0x0000,0x0000,0x0000,0x0000,0x0000,0x0000,0x0000,0x0000,0x0000,0x0000,0x0000,
    0x0000,0x0000,0x0000,0x0000,0x0000,0x0000,0x0000,0x0000,0x0000,0x0000,0x9e89,0x9e89,
    0x9e89,0x9e89,0x9e89,0x9e89,0x9e89,0x9e89,0x9e89,0x9e89,0x9e89,0x9e89,0x9e89,0x9e89,
    0x9e89,0x9e89,0x9e89,0x0000,0x0000,0x0000,0x0000,0x0000,0x0000,0x0000,0x0000,0x0000,
    0x0000,0x0000,0x0000,0x0000,0x0000,0x0000,0x0000,0x0000,0x0000,0x0000,0x0000,0x0000,
    0x0000,0x0000,0x0000,0x0000,0x0000,0x0000,0x9e89,0x9e89,0x7d06,0x7d06,0x7d06,0x7d06,
    0x7d06,0x7d06,0x7d06,0x7d06,0x7d06,0x7d06,0x7d06,0x7d06,0x7d06,0x7d06,0x7d06,0x7d06,
    0x9e89,0x9e89,0x0000,0x0000,0x0000,0x0000,0x0000,0x0000,0x0000,0x0000,0x0000,0x0000,
    0x0000,0x0000,0x0000,0x0000,0x0000,0x0000,0x0000,0x0000,0x0000,0x0000,0x0000,0x0000,
    0x0000,0x0000,0x0000,0x0000,0x9e89,0x9e89,0x7d06,0x7d06,0x7d06,0x7d06,0x7d06,0x7d06,
    0x7d06,0x7d06,0x7d06,0x7d06,0x7d06,0x7d06,0x7d06,0x7d06,0x7d06,0x7d06,0x9e89,0x9e89,
    0x9e89,0x0000,0x0000,0x0000,0x0000,0x0000,0x0000,0x0000,0x0000,0x0000,0x0000,0x0000,
    0x0000,0x0000,0x0000,0x0000,0x0000,0x0000,0x0000,0x0000,0x0000,0x0000,0x0000,0x0000,
    0x0000,0x0000,0x7d06,0x7d06,0x5384,0x5384,0x7d06,0x7d06,0x7d06,0x7d06,0x7d06,0x7d06,
    0x7d06,0x7d06,0x7d06,0x7d06,0x7d06,0x7d06,0x7d06,0x7d06,0x5384,0x5384,0x9e89,0x9e89,
    0x0000,0x0000,0x0000,0x0000,0x0000,0x0000,0x0000,0x0000,0x0000,0x0000,0x0000,0x0000,
    0x0000,0x0000,0x0000,0x0000,0x0000,0x0000,0x0000,0x0000,0x0000,0x0000,0x0000,0x0000,
    0x7d06,0x7d06,0x5384,0x5384,0x5384,0x7d06,0x7d06,0x7d06,0x7d06,0x7d06,0x7d06,0x7d06,
    0x7d06,0x7d06,0x7d06,0x7d06,0x7d06,0x7d06,0x5384,0x5384,0x5384,0x9e89,0x9e89,0x0000,
    0x0000,0x0000,0x0000,0x0000,0x0000,0x0000,0x0000,0x0000,0x0000,0x0000,0x0000,0x0000,
    0x0000,0x0000,0x0000,0x0000,0x0000,0x0000,0x0000,0x0000,0x0000,0x0000,0x7d06,0x7d06,
    0x7d06,0x7d06,0x9e89,0x9e89,0x7d06,0x7d06,0x7d06,0x7d06,0x7d06,0x7d06,0x7d06,0x7d06,
    0x7d06,0x7d06,0x7d06,0x7d06,0x5384,0x5384,0x5384,0x5384,0x9e89,0x9e89,0x0000,0x0000,
    0x0000,0x0000,0x0000,0x0000,0x0000,0x0000,0x0000,0x0000,0x0000,0x0000,0x0000,0x0000,
    0x0000,0x0000,0x0000,0x0000,0x0000,0x0000,0x0000,0x0000,0x7d06,0x7d06,0x7d06,0x7d06,
    0x9e89,0x9e89,0x7d06,0x7d06,0x7d06,0x7d06,0x7d06,0x7d06,0x7d06,0x7d06,0x7d06,0x7d06,
    0x7d06,0x7d06,0x5384,0x5384,0x5384,0x5384,0x5384,0x9e89,0x0000,0x0000,0x0000,0x0000,
    0x0000,0x0000,0x0000,0x0000,0x0000,0x0000,0x0000,0x0000,0x0000,0x0000,0x0000,0x0000,
    0x0000,0x0000,0x0000,0x0000,0x0000,0x0000,0x7d06,0x7d06,0x7d06,0x7d06,0x7d06,0x7d06,
    0x7d06,0x7d06,0x7d06,0x7d06,0x7d06,0x7d06,0x7d06,0x7d06,0x7d06,0x7d06,0x7d06,0x7d06,
    0x5384,0x5384,0x5384,0x5384,0x5384,0x5384,0x0000,0x0000,0x0000,0x0000,0x0000,0x0000,
    0x0000,0x0000,0x0000,0x0000,0x0000,0x0000,0x0000,0x0000,0x0000,0x0000,0x0000,0x0000,
    0x0000,0x0000,0x0000,0x0000,0x7d06,0x7d06,0x7d06,0x7d06,0x7d06,0x7d06,0x7d06,0x7d06,
    0x7d06,0x7d06,0x7d06,0x7d06,0x7d06,0x7d06,0x7d06,0x7d06,0x7d06,0x7d06,0x5384,0x5384,
    0x5384,0x5384,0x5384,0x5384,0x53e4,0x53e4,0x0000,0x0000,0x0000,0x0000,0x0000,0x0000,
    0x0000,0x0000,0x0000,0x0000,0x0000,0x0000,0x0000,0x0000,0x0000,0x0000,0x0000,0x0000,
    0x0000,0x0000,0x7d06,0x7d06,0x7d06,0x7d06,0x7d06,0x7d06,0x7d06,0x7d06,0x7d06,0x7d06,
    0x5384,0x5384,0x7d06,0x7d06,0x7d06,0x7d06,0x7d06,0x7d06,0x7d06,0x5384,0x5384,0x5384,
    0x5384,0x5384,0x53e4,0x53e4,0x0000,0x0000,0x0000,0x0000,0x0000,0x0000,0x0000,0x0000,
    0x0000,0x0000,0x0000,0x0000,0x0000,0x0000,0x0000,0x0000,0x0000,0x0000,0x0000,0x0000,
    0x7d06,0x7d06,0x7d06,0x7d06,0x7d06,0x7d06,0x7d06,0x7d06,0x7d06,0x7d06,0x5384,0x5384,
    0x7d06,0x7d06,0x7d06,0x7d06,0x7d06,0x7d06,0x7d06,0x7d06,0x5384,0x5384,0x5384,0x5384,
    0x42e3,0x42e3,0x53e4,0x53e4,0x0000,0x0000,0x0000,0x0000,0x0000,0x0000,0x0000,0x0000,
    0x0000,0x0000,0x0000,0x0000,0x0000,0x0000,0x0000,0x0000,0x0000,0x0000,0x7d06,0x7d06,
    0x7d06,0x7d06,0x7d06,0x7d06,0x7d06,0x7d06,0x7d06,0x7d06,0x7d06,0x7d06,0x9e89,0x9e89,
    0x9e89,0x9e89,0x9e89,0x9e89,0x7d06,0x7d06,0x7d06,0x5384,0x5384,0x5384,0x42e3,0x53e4,
    0x53e4,0x53e4,0x0000,0x0000,0x0000,0x0000,0x0000,0x0000,0x0000,0x0000,0x0000,0x0000,
    0x0000,0x0000,0x0000,0x0000,0x0000,0x0000,0x0000,0x0000,0x7d06,0x7d06,0x7d06,0x7d06,
    0x7d06,0x7d06,0x7d06,0x7d06,0x7d06,0x7d06,0x7d06,0x7d06,0x9e89,0x9e89,0x9e89,0x9e89,
    0x9e89,0x9e89,0x9e89,0x7d06,0x7d06,0x7d06,0x5384,0x5384,0x42e3,0x53e4,0x53e4,0x42e3,
    0x53e4,0x53e4,0x0000,0x0000,0x0000,0x0000,0x0000,0x0000,0x0000,0x0000,0x0000,0x0000,
    0x0000,0x0000,0x0000,0x0000,0x0000,0x0000,0x7d06,0x7d06,0x7d06,0x7d06,0x7d06,0x7d06,
    0x7d06,0x7d06,0x7d06,0x7d06,0x5384,0x5384,0x9e89,0x9e89,0x9e89,0x9e89,0x9e89,0x9e89,
    0x9e89,0x9e89,0x0000,0x0000,0x0000,0x0000,0x42e3,0x42e3,0x42e3,0x53e4,0x53e4,0x53e4,
    0x0000,0x0000,0x0000,0x0000,0x0000,0x0000,0x0000,0x0000,0x0000,0x0000,0x0000,0x0000,
    0x0000,0x0000,0x0000,0x0000,0x7d06,0x7d06,0x7d06,0x7d06,0x7d06,0x7d06,0x7d06,0x7d06,
    0x7d06,0x7d06,0x5384,0x5384,0x5384,0x9e89,0x9e89,0x9e89,0x9e89,0x9e89,0x9e89,0x9e89,
    0x9e89,0x0000,0x0000,0x0000,0x0000,0x42e3,0x42e3,0x53e4,0x53e4,0x42e3,0x53e4,0x53e4,
    0x0000,0x0000,0x0000,0x0000,0x0000,0x0000,0x0000,0x0000,0x0000,0x0000,0x0000,0x0000,
    0x9e89,0x9e89,0x7d06,0x7d06,0x7d06,0x7d06,0x9e89,0x9e89,0x9e89,0x9e89,0x7d06,0x7d06,
    0x5384,0x5384,0x5384,0x5384,0x9e89,0x9e89,0x9e89,0x9e89,0x9e89,0x9e89,0x9e89,0x9e89,
    0x0000,0x0000,0x0000,0x42e3,0x42e3,0x42e3,0x42e3,0x53e4,0x53e4,0x53e4,0x0000,0x0000,
    0x0000,0x0000,0x0000,0x0000,0x0000,0x0000,0x0000,0x0000,0x0000,0x53e4,0x9e89,0x9e89,
    0x7d06,0x7d06,0x7d06,0x7d06,0x9e89,0x9e89,0x9e89,0x9e89,0x9e89,0x7d06,0x5384,0x5384,
    0x5384,0x5384,0x5384,0x7d06,0x9e89,0x9e89,0x9e89,0x9e89,0x9e89,0x9e89,0x0000,0x0000,
    0x0000,0x42e3,0x8de8,0x8de8,0x8de8,0x8de8,0x53e4,0x42e3,0x53e4,0x53e4,0x0000,0x0000,
    0x0000,0x0000,0x0000,0x0000,0x0000,0x0000,0x9e89,0x9e89,0x7d06,0x7d06,0x7d06,0x7d06,
    0x7d06,0x7d06,0x7d06,0x7d06,0x5384,0x5384,0x9e89,0x7d06,0x5384,0x5384,0x5384,0x5384,
    0x5384,0x5384,0x0000,0x0000,0x0000,0x0000,0x0000,0x0000,0x0000,0x0000,0x0000,0x42e3,
    0x8de8,0x8de8,0x8de8,0x8de8,0x42e3,0x53e4,0x53e4,0x53e4,0x0000,0x0000,0x0000,0x0000,
    0x0000,0x0000,0x0000,0x53e4,0x9e89,0x9e89,0x7d06,0x7d06,0x7d06,0x7d06,0x7d06,0x7d06,
    0x7d06,0x7d06,0x5384,0x5384,0x5384,0x7d06,0x5384,0x5384,0x5384,0x5384,0x5384,0x5384,
    0x0000,0x0000,0x0000,0x0000,0x0000,0x0000,0x0000,0x0000,0x0000,0x42e3,0x6c86,0x6c86,
    0x6c86,0x6c86,0x8de8,0x8de8,0x53e4,0x2a02,0x0000,0x0000,0x0000,0x0000,0x9e89,0x9e89,
    0x9e89,0x9e89,0x7d06,0x7d06,0x7d06,0x7d06,0x7d06,0x7d06,0x7d06,0x7d06,0x7d06,0x7d06,
    0x7d06,0x7d06,0x9e89,0x9e89,0x9e89,0x9e89,0x9e89,0x9e89,0x5384,0x5384,0x0000,0x0000,
    0x0000,0x0000,0x0000,0x0000,0x0000,0x0000,0x0000,0x0000,0x6c86,0x6c86,0x6c86,0x6c86,
    0x8de8,0x8de8,0x2a02,0x2a02,0x53e4,0x0000,0x0000,0x0000,0x9e89,0x9e89,0x9e89,0x9e89,
    0x7d06,0x7d06,0x7d06,0x7d06,0x7d06,0x7d06,0x7d06,0x7d06,0x7d06,0x7d06,0x7d06,0x7d06,
    0x9e89,0x9e89,0x9e89,0x9e89,0x9e89,0x9e89,0x5384,0x5384,0x0000,0x0000,0x0000,0x0000,
    0x0000,0x0000,0x0000,0x0000,0x0000,0x0000,0x6c86,0x6c86,0x6c86,0x6c86,0x6c86,0x6c86,
    0x8de8,0x8de8,0x8de8,0x8de8,0x8de8,0x8de8,0x7d06,0x7d06,0x7d06,0x7d06,0x7d06,0x7d06,
    0x7d06,0x7d06,0x7d06,0x7d06,0x7d06,0x7d06,0x7d06,0x5384,0x5384,0x7d06,0x7d06,0x7d06,
    0x5384,0x5384,0x5384,0x5384,0x5384,0x5384,0x0000,0x0000,0x0000,0x0000,0x0000,0x0000,
    0x0000,0x0000,0x0000,0x0000,0x6c86,0x6c86,0x6c86,0x6c86,0x6c86,0x6c86,0x8de8,0x8de8,
    0x8de8,0x8de8,0x8de8,0x8de8,0x7d06,0x7d06,0x7d06,0x7d06,0x7d06,0x7d06,0x7d06,0x7d06,
    0x7d06,0x7d06,0x7d06,0x7d06,0x7d06,0x7d06,0x7d06,0x7d06,0x7d06,0x7d06,0x5384,0x5384,
    0x5384,0x5384,0x5384,0x5384,0x0000,0x0000,0x0000,0x0000,0x0000,0x0000,0x0000,0x0000,
    0x0000,0x0000,0x0000,0x42e3,0x6c86,0x6c86,0x6c86,0x6c86,0x7d06,0x7d06,0x7d06,0x7d06,
    0x7d06,0x7d06,0x7d06,0x7d06,0x7d06,0x7d06,0x7d06,0x7d06,0x7d06,0x7d06,0x7d06,0x7d06,
    0x7d06,0x7d06,0x7d06,0x7d06,0x7d06,0x7d06,0x7d06,0x7d06,0x5384,0x5384,0x2a02,0x2a02,
    0x5384,0x5384,0x0000,0x0000,0x0000,0x0000,0x0000,0x0000,0x0000,0x0000,0x0000,0x0000,
    0x0000,0x42e3,0x6c86,0x6c86,0x6c86,0x6c86,0x7d06,0x7d06,0x7d06,0x7d06,0x7d06,0x9e89,
    0x9e89,0x9e89,0x9e89,0x9e89,0x9e89,0x9e89,0x9e89,0x9e89,0x9e89,0x9e89,0x9e89,0x7d06,
    0x7d06,0x7d06,0x7d06,0x7d06,0x7d06,0x7d06,0x5384,0x5384,0x2a02,0x2a02,0x2a02,0x5384,
    0x0000,0x0000,0x0000,0x0000,0x0000,0x0000,0x0000,0x0000,0x0000,0x0000,0x0000,0x42e3,
    0x6c86,0x6c86,0x7d06,0x7d06,0x7d06,0x7d06,0x7d06,0x7d06,0x9e89,0x9e89,0x9e89,0x9e89,
    0x9e89,0x9e89,0x9e89,0x9e89,0x9e89,0x9e89,0x9e89,0x9e89,0x9e89,0x7d06,0x7d06,0x7d06,
    0x7d06,0x7d06,0x7d06,0x7d06,0x5384,0x5384,0x2a02,0x2a02,0x2a02,0x5384,0x0000,0x0000,
    0x0000,0x0000,0x0000,0x0000,0x0000,0x0000,0x0000,0x0000,0x0000,0x0000,0x6c86,0x6c86,
    0x7d06,0x7d06,0x7d06,0x7d06,0x7d06,0x9e89,0x9e89,0x9e89,0x9e89,0x9e89,0x9e89,0x9e89,
    0x9e89,0x9e89,0x9e89,0x9e89,0x7d06,0x5384,0x5384,0x7d06,0x7d06,0x7d06,0x7d06,0x7d06,
    0x7d06,0x7d06,0x5384,0x5384,0x2a02,0x2a02,0x2a02,0x5384,0x0000,0x0000,0x0000,0x0000,
    0x0000,0x0000,0x0000,0x0000,0x0000,0x0000,0x0000,0x0000,0x6c86,0x6c86,0x7d06,0x7d06,
    0x7d06,0x7d06,0x7d06,0x9e89,0x7d06,0x7d06,0x7d06,0x7d06,0x7d06,0x7d06,0x7d06,0x7d06,
    0x5384,0x5384,0x7d06,0x5384,0x5384,0x7d06,0x7d06,0x7d06,0x7d06,0x7d06,0x7d06,0x7d06,
    0x5384,0x5384,0x2a02,0x2a02,0x2a02,0x5384,0x9e89,0x9e89,0x9e89,0x9e89,0x9e89,0x9e89,
    0x0000,0x0000,0x0000,0x0000,0x0000,0x0000,0x6c86,0x6c86,0x7d06,0x7d06,0x7d06,0x7d06,
    0x7d06,0x7d06,0x7d06,0x7d06,0x7d06,0x7d06,0x7d06,0x7d06,0x7d06,0x7d06,0x5384,0x5384,
    0x7d06,0x5384,0x5384,0x7d06,0x7d06,0x7d06,0x7d06,0x7d06,0x7d06,0x7d06,0x5384,0x5384,
    0x2a02,0x2a02,0x2a02,0x5384,0x9e89,0x9e89,0x9e89,0x9e89,0x9e89,0x9e89,0x0000,0x0000,
    0x0000,0x0000,0x0000,0x0000,0x0000,0x42e3,0x7d06,0x7d06,0x7d06,0x7d06,0x7d06,0x7d06,
    0x7d06,0x7d06,0x7d06,0x7d06,0x7d06,0x7d06,0x7d06,0x7d06,0x5384,0x5384,0x7d06,0x5384,
    0x5384,0x7d06,0x7d06,0x7d06,0x7d06,0x7d06,0x5384,0x5384,0x7d06,0x2a02,0x2a02,0x2a02,
    0x2a02,0x5384,0x0000,0x0000,0x0000,0x0000,0x5384,0x5384,0x0000,0x0000,0x0000,0x0000,
    0x0000,0x0000,0x0000,0x0000,0x7d06,0x7d06,0x7d06,0x7d06,0x7d06,0x7d06,0x7d06,0x7d06,
    0x7d06,0x7d06,0x7d06,0x7d06,0x7d06,0x7d06,0x5384,0x5384,0x7d06,0x5384,0x5384,0x7d06,
    0x7d06,0x7d06,0x7d06,0x7d06,0x5384,0x5384,0x7d06,0x2a02,0x2a02,0x2a02,0x2a02,0x5384,
    0x0000,0x0000,0x0000,0x0000,0x5384,0x5384,0x0000,0x0000,0x0000,0x0000,0x0000,0x0000,
    0x0000,0x0000,0x0000,0x42e3,0x7d06,0x7d06,0x7d06,0x7d06,0x7d06,0x7d06,0x7d06,0x7d06,
    0x7d06,0x7d06,0x7d06,0x7d06,0x5384,0x5384,0x7d06,0x5384,0x5384,0x7d06,0x7d06,0x7d06,
    0x7d06,0x7d06,0x5384,0x5384,0x7d06,0x2a02,0x2a02,0x2a02,0x2a02,0x5384,0x0000,0x0000,
    0x0000,0x0000,0x0000,0x0000,0x0000,0x0000,0x0000,0x0000,0x0000,0x0000,0x0000,0x0000,
    0x0000,0x0000,0x7d06,0x7d06,0x7d06,0x7d06,0x7d06,0x7d06,0x7d06,0x7d06,0x7d06,0x7d06,
    0x7d06,0x7d06,0x5384,0x5384,0x7d06,0x5384,0x5384,0x7d06,0x7d06,0x7d06,0x7d06,0x7d06,
    0x5384,0x5384,0x2a02,0x7d06,0x2a02,0x2a02,0x2a02,0x5384,0x0000,0x0000,0x0000,0x0000,
    0x0000,0x0000,0x0000,0x0000,0x0000,0x0000,0x0000,0x0000,0x0000,0x0000,0x0000,0x0000,
    0x0000,0x42e3,0x7d06,0x7d06,0x7d06,0x7d06,0x7d06,0x7d06,0x7d06,0x7d06,0x7d06,0x7d06,
    0x5384,0x5384,0x7d06,0x5384,0x5384,0x7d06,0x7d06,0x7d06,0x5384,0x5384,0x7d06,0x2a02,
    0x2a02,0x2a02,0x7d06,0x2a02,0x2a02,0x0000,0x0000,0x0000,0x0000,0x0000,0x0000,0x0000,
    0x0000,0x0000,0x0000,0x0000,0x0000,0x0000,0x0000,0x0000,0x0000,0x0000,0x0000,0x0000,
    0x7d06,0x7d06,0x7d06,0x7d06,0x7d06,0x7d06,0x7d06,0x7d06,0x7d06,0x7d06,0x5384,0x5384,
    0x5384,0x7d06,0x7d06,0x7d06,0x7d06,0x7d06,0x5384,0x5384,0x2a02,0x7d06,0x2a02,0x2a02,
    0x2a02,0x5384,0x0000,0x0000,0x0000,0x0000,0x0000,0x0000,0x0000,0x0000,0x0000,0x0000,
    0x0000,0x0000,0x0000,0x0000,0x0000,0x0000,0x0000,0x0000,0x0000,0x0000,0x0000,0x42e3,
    0x42e3,0x7d06,0x7d06,0x7d06,0x7d06,0x7d06,0x7d06,0x7d06,0x5384,0x5384,0x5384,0x7d06,
    0x7d06,0x42e3,0x42e3,0x42e3,0x42e3,0x2a02,0x2a02,0x2a02,0x7d06,0x2a02,0x2a02,0x5384,
    0x0000,0x0000,0x0000,0x0000,0x0000,0x0000,0x0000,0x0000,0x0000,0x0000,0x0000,0x0000,
    0x0000,0x0000,0x0000,0x0000,0x0000,0x0000,0x0000,0x0000,0x0000,0x0000,0x42e3,0x42e3,
    0x7d06,0x7d06,0x7d06,0x7d06,0x7d06,0x7d06,0x5384,0x5384,0x5384,0x2a02,0x2a02,0x7d06,
    0x42e3,0x42e3,0x42e3,0x42e3,0x2a02,0x2a02,0x2a02,0x7d06,0x5384,0x5384,0x0000,0x0000,
    0x0000,0x0000,0x0000,0x0000,0x0000,0x0000,0x0000,0x0000,0x0000,0x0000,0x0000,0x0000,
    0x0000,0x0000,0x0000,0x0000,0x0000,0x0000,0x0000,0x0000,0x0000,0x42e3,0x42e3,0x7d06,
    0x7d06,0x7d06,0x7d06,0x7d06,0x5384,0x5384,0x5384,0x2a02,0x2a02,0x2a02,0x7d06,0x42e3,
    0x42e3,0x42e3,0x42e3,0x2a02,0x2a02,0x5384,0x0000,0x0000,0x0000,0x0000,0x0000,0x0000,
    0x0000,0x0000,0x0000,0x0000,0x0000,0x0000,0x0000,0x0000,0x0000,0x0000,0x0000,0x0000,
    0x0000,0x0000,0x0000,0x0000,0x0000,0x0000,0x0000,0x0000,0x7d06,0x7d06,0x42e3,0x42e3,
    0x7d06,0x7d06,0x5384,0x5384,0x5384,0x42e3,0x2a02,0x2a02,0x2a02,0x7d06,0x7d06,0x7d06,
    0x7d06,0x7d06,0x5384,0x5384,0x0000,0x0000,0x0000,0x0000,0x0000,0x0000,0x0000,0x0000,
    0x0000,0x0000,0x0000,0x0000,0x0000,0x0000,0x0000,0x0000,0x0000,0x0000,0x0000,0x0000,
    0x0000,0x0000,0x0000,0x0000,0x0000,0x0000,0x0000,0x0000,0x0000,0x42e3,0x42e3,0x42e3,
    0x5384,0x5384,0x5384,0x42e3,0x42e3,0x2a02,0x2a02,0x7d06,0x7d06,0x7d06,0x7d06,0x5384,
    0x5384,0x5384,0x0000,0x0000,0x0000,0x0000,0x0000,0x0000,0x0000,0x0000,0x0000,0x0000,
    0x0000,0x0000,0x0000,0x0000,0x0000,0x0000,0x0000,0x0000,0x0000,0x0000,0x0000,0x0000,
    0x0000,0x0000,0x0000,0x0000,0x0000,0x0000,0x0000,0x0000,0x0000,0x0000,0x5384,0x5384,
    0x0000,0x7d06,0x7d06,0x7d06,0x7d06,0x7d06,0x7d06,0x7d06,0x7d06,0x5384,0x5384,0x5384,
    0x0000,0x0000,0x0000,0x0000,0x0000,0x0000,0x0000,0x0000,0x0000,0x0000,0x0000,0x0000,
    0x0000,0x0000,0x0000,0x0000,0x0000,0x0000,0x0000,0x0000,0x0000,0x0000,0x0000,0x0000,
    0x0000,0x0000,0x0000,0x0000,0x0000,0x0000,0x0000,0x0000,0x5384,0x5384,0x0000,0x7d06,
    0x7d06,0x7d06,0x7d06,0x7d06,0x7d06,0x7d06,0x7d06,0x5384,0x5384,0x5384,0x0000,0x0000,
    0x0000,0x0000,0x0000,0x0000,0x0000,0x0000,0x0000,0x0000,0x0000,0x0000,0x0000,0x0000,
    0x0000,0x0000,0x0000,0x0000,0x0000,0x0000,0x0000,0x0000,0x0000,0x0000,0x0000,0x0000,
    0x0000,0x0000,0x0000,0x0000,0x0000,0x0000,0x5384,0x5384,0x0000,0x0000,0x7d06,0x7d06,
    0x7d06,0x7d06,0x7d06,0x5384,0x5384,0x7d06,0x5384,0x5384,0x0000,0x0000,0x0000,0x0000,
    0x0000,0x0000,0x0000,0x0000,0x0000,0x0000,0x0000,0x0000,0x0000,0x0000,0x0000,0x0000,
    0x0000,0x0000,0x0000,0x0000,0x0000,0x0000,0x0000,0x0000,0x0000,0x0000,0x0000,0x0000,
    0x0000,0x0000,0x0000,0x0000,0x7d06,0x7d06,0x9e89,0x9e89,0x7d06,0x7d06,0x7d06,0x7d06,
    0x7d06,0x5384,0x5384,0x5384,0x0000,0x0000,0x0000,0x0000,0x0000,0x0000,0x0000,0x0000,
    0x0000,0x0000,0x0000,0x0000,0x0000,0x0000,0x0000,0x0000,0x0000,0x0000,0x0000,0x0000,
    0x0000,0x0000,0x0000,0x0000,0x0000,0x0000,0x0000,0x0000,0x0000,0x0000,0x0000,0x0000,
    0x0000,0x0000,0x7d06,0x7d06,0x9e89,0x9e89,0x7d06,0x7d06,0x7d06,0x7d06,0x7d06,0x7d06,
    0x5384,0x5384,0x0000,0x0000,0x0000,0x0000,0x0000,0x0000,0x0000,0x0000,0x0000,0x0000,
    0x0000,0x0000,0x0000,0x0000,0x0000,0x0000,0x0000,0x0000,0x0000,0x0000,0x0000,0x0000,
    0x0000,0x0000,0x0000,0x0000,0x0000,0x0000,0x0000,0x0000,0x0000,0x0000,0x9e89,0x9e89,
    0x0000,0x0000,0x0000,0x0000,0x0000,0x0000,0x0000,0x0000,0x0000,0x0000,0x0000,0x0000,
    0x0000,0x0000,0x0000,0x0000,0x0000,0x0000,0x0000,0x0000,0x0000,0x0000,0x0000,0x0000,
    0x0000,0x0000,0x0000,0x0000,0x0000,0x0000,0x0000,0x0000,0x0000,0x0000,0x0000,0x0000,
    0x0000,0x0000,0x0000,0x0000,0x0000,0x0000,0x0000,0x0000,0x9e89,0x9e89,0x0000,0x0000,
    0x0000,0x0000,0x0000,0x0000,0x0000,0x0000,0x0000,0x0000,0x0000,0x0000,0x0000,0x0000,
    0x0000,0x0000,0x0000,0x0000,0x0000,0x0000,0x0000,0x0000,0x0000,0x0000,0x0000,0x0000,
};
const sprite_t spr_dino_6 = { 46, 48, px_dino_6 };

static const uint16_t px_dino_7[2300] = {
    0x0000,0x0000,0x0000,0x0000,0x0000,0x0000,0x0000,0x0000,0x0000,0x0000,0x0000,0x0000,
    0x0000,0x0000,0x0000,0x0000,0x0000,0x0000,0x0000,0x0000,0x0000,0x0000,0x0000,0x0000,
    0x9e89,0x9e89,0x9e89,0x9e89,0x9e89,0x9e89,0x9e89,0x9e89,0x9e89,0x9e89,0x9e89,0x9e89,
    0x9e89,0x9e89,0x9e89,0x9e89,0x0000,0x0000,0x0000,0x0000,0x0000,0x0000,0x0000,0x0000,
    0x0000,0x0000,0x0000,0x0000,0x0000,0x0000,0x0000,0x0000,0x0000,0x0000,0x0000,0x0000,
    0x0000,0x0000,0x0000,0x0000,0x0000,0x0000,0x0000,0x0000,0x0000,0x0000,0x9e89,0x9e89,
    0x9e89,0x9e89,0x9e89,0x9e89,0x9e89,0x9e89,0x9e89,0x9e89,0x9e89,0x9e89,0x9e89,0x9e89,
    0x9e89,0x9e89,0x9e89,0x0000,0x0000,0x0000,0x0000,0x0000,0x0000,0x0000,0x0000,0x0000,
    0x0000,0x0000,0x0000,0x0000,0x0000,0x0000,0x0000,0x0000,0x0000,0x0000,0x0000,0x0000,
    0x0000,0x0000,0x0000,0x0000,0x0000,0x0000,0x9e89,0x9e89,0x7d06,0x7d06,0x7d06,0x7d06,
    0x7d06,0x7d06,0x7d06,0x7d06,0x7d06,0x7d06,0x7d06,0x7d06,0x7d06,0x7d06,0x7d06,0x7d06,
    0x9e89,0x9e89,0x0000,0x0000,0x0000,0x0000,0x0000,0x0000,0x0000,0x0000,0x0000,0x0000,
    0x0000,0x0000,0x0000,0x0000,0x0000,0x0000,0x0000,0x0000,0x0000,0x0000,0x0000,0x0000,
    0x0000,0x0000,0x0000,0x0000,0x9e89,0x9e89,0x7d06,0x7d06,0x7d06,0x7d06,0x7d06,0x7d06,
    0x7d06,0x7d06,0x7d06,0x7d06,0x7d06,0x7d06,0x7d06,0x7d06,0x7d06,0x7d06,0x9e89,0x9e89,
    0x9e89,0x0000,0x0000,0x0000,0x0000,0x0000,0x0000,0x0000,0x0000,0x0000,0x0000,0x0000,
    0x0000,0x0000,0x0000,0x0000,0x0000,0x0000,0x0000,0x0000,0x0000,0x0000,0x0000,0x0000,
    0x0000,0x0000,0x7d06,0x7d06,0x5384,0x5384,0x7d06,0x7d06,0x7d06,0x7d06,0x7d06,0x7d06,
    0x7d06,0x7d06,0x7d06,0x7d06,0x7d06,0x7d06,0x7d06,0x7d06,0x5384,0x5384,0x9e89,0x9e89,
    0x0000,0x0000,0x0000,0x0000,0x0000,0x0000,0x0000,0x0000,0x0000,0x0000,0x0000,0x0000,
    0x0000,0x0000,0x0000,0x0000,0x0000,0x0000,0x0000,0x0000,0x0000,0x0000,0x0000,0x0000,
    0x7d06,0x7d06,0x5384,0x5384,0x5384,0x7d06,0x7d06,0x7d06,0x7d06,0x7d06,0x7d06,0x7d06,
    0x7d06,0x7d06,0x7d06,0x7d06,0x7d06,0x7d06,0x5384,0x5384,0x5384,0x9e89,0x9e89,0x0000,
    0x0000,0x0000,0x0000,0x0000,0x0000,0x0000,0x0000,0x0000,0x0000,0x0000,0x0000,0x0000,
    0x0000,0x0000,0x0000,0x0000,0x0000,0x0000,0x0000,0x0000,0x0000,0x0000,0x7d06,0x7d06,
    0x7d06,0x7d06,0x9e89,0x9e89,0x7d06,0x7d06,0x7d06,0x7d06,0x7d06,0x7d06,0x7d06,0x7d06,
    0x7d06,0x7d06,0x7d06,0x7d06,0x5384,0x5384,0x5384,0x5384,0x9e89,0x9e89,0x0000,0x0000,
    0x0000,0x0000,0x0000,0x0000,0x0000,0x0000,0x0000,0x0000,0x0000,0x0000,0x0000,0x0000,
    0x0000,0x0000,0x0000,0x0000,0x0000,0x0000,0x0000,0x0000,0x7d06,0x7d06,0x7d06,0x7d06,
    0x9e89,0x9e89,0x7d06,0x7d06,0x7d06,0x7d06,0x7d06,0x7d06,0x7d06,0x7d06,0x7d06,0x7d06,
    0x7d06,0x7d06,0x5384,0x5384,0x5384,0x5384,0x5384,0x9e89,0x0000,0x0000,0x0000,0x0000,
    0x0000,0x0000,0x0000,0x0000,0x0000,0x0000,0x0000,0x0000,0x0000,0x0000,0x0000,0x0000,
    0x0000,0x0000,0x0000,0x0000,0x0000,0x0000,0x7d06,0x7d06,0x7d06,0x7d06,0x7d06,0x7d06,
    0x7d06,0x7d06,0x7d06,0x7d06,0x7d06,0x7d06,0x7d06,0x7d06,0x7d06,0x7d06,0x7d06,0x7d06,
    0x5384,0x5384,0x5384,0x5384,0x5384,0x5384,0x0000,0x0000,0x0000,0x0000,0x0000,0x0000,
    0x0000,0x0000,0x0000,0x0000,0x0000,0x0000,0x0000,0x0000,0x0000,0x0000,0x0000,0x0000,
    0x0000,0x0000,0x0000,0x0000,0x7d06,0x7d06,0x7d06,0x7d06,0x7d06,0x7d06,0x7d06,0x7d06,
    0x7d06,0x7d06,0x7d06,0x7d06,0x7d06,0x7d06,0x7d06,0x7d06,0x7d06,0x7d06,0x5384,0x5384,
    0x5384,0x5384,0x5384,0x5384,0x53e4,0x53e4,0x0000,0x0000,0x0000,0x0000,0x0000,0x0000,
    0x0000,0x0000,0x0000,0x0000,0x0000,0x0000,0x0000,0x0000,0x0000,0x0000,0x0000,0x0000,
    0x0000,0x0000,0x7d06,0x7d06,0x7d06,0x7d06,0x7d06,0x7d06,0x7d06,0x7d06,0x7d06,0x7d06,
    0x5384,0x5384,0x7d06,0x7d06,0x7d06,0x7d06,0x7d06,0x7d06,0x7d06,0x5384,0x5384,0x5384,
    0x5384,0x5384,0x53e4,0x53e4,0x0000,0x0000,0x0000,0x0000,0x0000,0x0000,0x0000,0x0000,
    0x0000,0x0000,0x0000,0x0000,0x0000,0x0000,0x0000,0x0000,0x0000,0x0000,0x0000,0x0000,
    0x7d06,0x7d06,0x7d06,0x7d06,0x7d06,0x7d06,0x7d06,0x7d06,0x7d06,0x7d06,0x5384,0x5384,
    0x7d06,0x7d06,0x7d06,0x7d06,0x7d06,0x7d06,0x7d06,0x7d06,0x5384,0x5384,0x5384,0x5384,
    0x42e3,0x42e3,0x53e4,0x53e4,0x0000,0x0000,0x0000,0x0000,0x0000,0x0000,0x0000,0x0000,
    0x0000,0x0000,0x0000,0x0000,0x0000,0x0000,0x0000,0x0000,0x0000,0x0000,0x7d06,0x7d06,
    0x7d06,0x7d06,0x7d06,0x7d06,0x7d06,0x7d06,0x7d06,0x7d06,0x7d06,0x7d06,0x9e89,0x9e89,
    0x9e89,0x9e89,0x9e89,0x9e89,0x7d06,0x7d06,0x7d06,0x5384,0x5384,0x5384,0x42e3,0x53e4,
    0x53e4,0x53e4,0x0000,0x0000,0x0000,0x0000,0x0000,0x0000,0x0000,0x0000,0x0000,0x0000,
    0x0000,0x0000,0x0000,0x0000,0x0000,0x0000,0x0000,0x0000,0x7d06,0x7d06,0x7d06,0x7d06,
    0x7d06,0x7d06,0x7d06,0x7d06,0x7d06,0x7d06,0x7d06,0x7d06,0x9e89,0x9e89,0x9e89,0x9e89,
    0x9e89,0x9e89,0x9e89,0x7d06,0x7d06,0x7d06,0x5384,0x5384,0x42e3,0x53e4,0x53e4,0x42e3,
    0x53e4,0x53e4,0x0000,0x0000,0x0000,0x0000,0x0000,0x0000,0x0000,0x0000,0x0000,0x0000,
    0x0000,0x0000,0x0000,0x0000,0x0000,0x0000,0x7d06,0x7d06,0x7d06,0x7d06,0x7d06,0x7d06,
    0x7d06,0x7d06,0x7d06,0x7d06,0x5384,0x5384,0x9e89,0x9e89,0x9e89,0x9e89,0x9e89,0x9e89,
    0x9e89,0x9e89,0x0000,0x0000,0x0000,0x0000,0x42e3,0x42e3,0x42e3,0x53e4,0x53e4,0x53e4,
    0x0000,0x0000,0x0000,0x0000,0x0000,0x0000,0x0000,0x0000,0x0000,0x0000,0x0000,0x0000,
    0x0000,0x0000,0x0000,0x0000,0x7d06,0x7d06,0x7d06,0x7d06,0x7d06,0x7d06,0x7d06,0x7d06,
    0x7d06,0x7d06,0x5384,0x5384,0x5384,0x9e89,0x9e89,0x9e89,0x9e89,0x9e89,0x9e89,0x9e89,
    0x9e89,0x0000,0x0000,0x0000,0x0000,0x42e3,0x42e3,0x53e4,0x53e4,0x42e3,0x53e4,0x53e4,
    0x0000,0x0000,0x0000,0x0000,0x0000,0x0000,0x0000,0x0000,0x0000,0x0000,0x0000,0x0000,
    0x9e89,0x9e89,0x7d06,0x7d06,0x7d06,0x7d06,0x9e89,0x9e89,0x9e89,0x9e89,0x7d06,0x7d06,
    0x5384,0x5384,0x5384,0x5384,0x9e89,0x9e89,0x9e89,0x9e89,0x9e89,0x9e89,0x9e89,0x9e89,
    0x0000,0x0000,0x0000,0x42e3,0x42e3,0x42e3,0x42e3,0x53e4,0x53e4,0x53e4,0x0000,0x0000,
    0x0000,0x0000,0x0000,0x0000,0x0000,0x0000,0x0000,0x0000,0x0000,0x53e4,0x9e89,0x9e89,
    0x7d06,0x7d06,0x7d06,0x7d06,0x9e89,0x9e89,0x9e89,0x9e89,0x9e89,0x7d06,0x5384,0x5384,
    0x5384,0x5384,0x5384,0x7d06,0x9e89,0x9e89,0x9e89,0x9e89,0x9e89,0x9e89,0x0000,0x0000,
    0x0000,0x42e3,0x8de8,0x8de8,0x8de8,0x8de8,0x53e4,0x42e3,0x53e4,0x53e4,0x0000,0x0000,
    0x0000,0x0000,0x0000,0x0000,0x0000,0x0000,0x9e89,0x9e89,0x7d06,0x7d06,0x7d06,0x7d06,
    0x7d06,0x7d06,0x7d06,0x7d06,0x5384,0x5384,0x9e89,0x7d06,0x5384,0x5384,0x5384,0x5384,
    0x5384,0x5384,0x0000,0x0000,0x0000,0x0000,0x0000,0x0000,0x0000,0x0000,0x0000,0x42e3,
    0x8de8,0x8de8,0x8de8,0x8de8,0x42e3,0x53e4,0x53e4,0x53e4,0x0000,0x0000,0x0000,0x0000,
    0x0000,0x0000,0x0000,0x53e4,0x9e89,0x9e89,0x7d06,0x7d06,0x7d06,0x7d06,0x7d06,0x7d06,
    0x7d06,0x7d06,0x5384,0x5384,0x5384,0x7d06,0x5384,0x5384,0x5384,0x5384,0x5384,0x5384,
    0x0000,0x0000,0x0000,0x0000,0x0000,0x0000,0x0000,0x0000,0x0000,0x42e3,0x6c86,0x6c86,
    0x6c86,0x6c86,0x8de8,0x8de8,0x53e4,0x2a02,0x0000,0x0000,0x0000,0x0000,0x9e89,0x9e89,
    0x9e89,0x9e89,0x7d06,0x7d06,0x7d06,0x7d06,0x7d06,0x7d06,0x7d06,0x7d06,0x7d06,0x7d06,
    0x7d06,0x7d06,0x9e89,0x9e89,0x9e89,0x9e89,0x9e89,0x9e89,0x5384,0x5384,0x0000,0x0000,
    0x0000,0x0000,0x0000,0x0000,0x0000,0x0000,0x0000,0x0000,0x6c86,0x6c86,0x6c86,0x6c86,
    0x8de8,0x8de8,0x2a02,0x2a02,0x53e4,0x0000,0x0000,0x0000,0x9e89,0x9e89,0x9e89,0x9e89,
    0x7d06,0x7d06,0x7d06,0x7d06,0x7d06,0x7d06,0x7d06,0x7d06,0x7d06,0x7d06,0x7d06,0x7d06,
    0x9e89,0x9e89,0x9e89,0x9e89,0x9e89,0x9e89,0x5384,0x5384,0x0000,0x0000,0x0000,0x0000,
    0x0000,0x0000,0x0000,0x0000,0x0000,0x0000,0x0000,0x42e3,0x6c86,0x6c86,0x6c86,0x6c86,
    0x8de8,0x8de8,0x8de8,0x8de8,0x8de8,0x8de8,0x7d06,0x7d06,0x7d06,0x7d06,0x7d06,0x7d06,
    0x7d06,0x7d06,0x7d06,0x7d06,0x7d06,0x7d06,0x7d06,0x5384,0x5384,0x7d06,0x7d06,0x7d06,
    0x5384,0x5384,0x5384,0x5384,0x5384,0x5384,0x0000,0x0000,0x0000,0x0000,0x0000,0x0000,
    0x0000,0x0000,0x0000,0x0000,0x0000,0x42e3,0x6c86,0x6c86,0x6c86,0x6c86,0x8de8,0x8de8,
    0x8de8,0x8de8,0x8de8,0x8de8,0x7d06,0x7d06,0x7d06,0x7d06,0x7d06,0x7d06,0x7d06,0x7d06,
    0x7d06,0x7d06,0x7d06,0x7d06,0x7d06,0x7d06,0x7d06,0x7d06,0x7d06,0x7d06,0x5384,0x5384,
    0x5384,0x5384,0x5384,0x5384,0x0000,0x0000,0x0000,0x0000,0x0000,0x0000,0x0000,0x0000,
    0x0000,0x0000,0x0000,0x42e3,0x6c86,0x6c86,0x6c86,0x6c86,0x7d06,0x7d06,0x7d06,0x7d06,
    0x7d06,0x7d06,0x7d06,0x7d06,0x7d06,0x7d06,0x7d06,0x7d06,0x7d06,0x7d06,0x7d06,0x7d06,
    0x7d06,0x7d06,0x7d06,0x7d06,0x7d06,0x7d06,0x7d06,0x7d06,0x5384,0x5384,0x2a02,0x2a02,
    0x5384,0x5384,0x0000,0x0000,0x0000,0x0000,0x0000,0x0000,0x0000,0x0000,0x0000,0x0000,
    0x0000,0x0000,0x6c86,0x6c86,0x6c86,0x6c86,0x7d06,0x7d06,0x7d06,0x7d06,0x7d06,0x9e89,
    0x9e89,0x9e89,0x9e89,0x9e89,0x9e89,0x9e89,0x9e89,0x9e89,0x9e89,0x7d06,0x7d06,0x7d06,
    0x7d06,0x7d06,0x7d06,0x7d06,0x7d06,0x7d06,0x5384,0x5384,0x2a02,0x2a02,0x2a02,0x5384,
    0x0000,0x0000,0x0000,0x0000,0x0000,0x0000,0x0000,0x0000,0x0000,0x0000,0x0000,0x0000,
    0x6c86,0x6c86,0x7d06,0x7d06,0x7d06,0x7d06,0x9e89,0x9e89,0x9e89,0x9e89,0x9e89,0x9e89,
    0x9e89,0x9e89,0x9e89,0x9e89,0x9e89,0x9e89,0x9e89,0x7d06,0x7d06,0x7d06,0x7d06,0x7d06,
    0x7d06,0x7d06,0x7d06,0x7d06,0x5384,0x5384,0x2a02,0x2a02,0x2a02,0x5384,0x0000,0x0000,
    0x0000,0x0000,0x0000,0x0000,0x0000,0x0000,0x0000,0x0000,0x0000,0x0000,0x6c86,0x6c86,
    0x7d06,0x7d06,0x7d06,0x7d06,0x9e89,0x9e89,0x9e89,0x9e89,0x9e89,0x9e89,0x9e89,0x9e89,
    0x7d06,0x7d06,0x7d06,0x7d06,0x7d06,0x9e89,0x9e89,0x7d06,0x7d06,0x7d06,0x7d06,0x7d06,
    0x7d06,0x7d06,0x5384,0x5384,0x2a02,0x2a02,0x2a02,0x5384,0x0000,0x0000,0x0000,0x0000,
    0x0000,0x0000,0x0000,0x0000,0x0000,0x0000,0x0000,0x0000,0x6c86,0x6c86,0x7d06,0x7d06,
    0x7d06,0x7d06,0x7d06,0x7d06,0x7d06,0x7d06,0x7d06,0x7d06,0x7d06,0x7d06,0x9e89,0x9e89,
    0x7d06,0x7d06,0x7d06,0x9e89,0x9e89,0x7d06,0x7d06,0x7d06,0x7d06,0x7d06,0x7d06,0x7d06,
    0x5384,0x5384,0x2a02,0x2a02,0x2a02,0x5384,0x9e89,0x9e89,0x9e89,0x9e89,0x9e89,0x9e89,
    0x0000,0x0000,0x0000,0x0000,0x0000,0x0000,0x6c86,0x6c86,0x7d06,0x7d06,0x7d06,0x7d06,
    0x7d06,0x7d06,0x7d06,0x7d06,0x7d06,0x7d06,0x7d06,0x7d06,0x9e89,0x9e89,0x7d06,0x7d06,
    0x7d06,0x5384,0x5384,0x7d06,0x7d06,0x7d06,0x7d06,0x7d06,0x7d06,0x7d06,0x5384,0x5384,
    0x2a02,0x2a02,0x2a02,0x5384,0x9e89,0x9e89,0x9e89,0x9e89,0x9e89,0x9e89,0x0000,0x0000,
    0x0000,0x0000,0x0000,0x0000,0x0000,0x42e3,0x7d06,0x7d06,0x7d06,0x7d06,0x7d06,0x7d06,
    0x7d06,0x7d06,0x7d06,0x7d06,0x7d06,0x7d06,0x5384,0x5384,0x7d06,0x7d06,0x7d06,0x5384,
    0x5384,0x7d06,0x7d06,0x7d06,0x7d06,0x7d06,0x5384,0x5384,0x7d06,0x2a02,0x2a02,0x2a02,
    0x2a02,0x5384,0x0000,0x0000,0x0000,0x0000,0x5384,0x5384,0x0000,0x0000,0x0000,0x0000,
    0x0000,0x0000,0x0000,0x0000,0x7d06,0x7d06,0x7d06,0x7d06,0x7d06,0x7d06,0x7d06,0x7d06,
    0x7d06,0x7d06,0x7d06,0x7d06,0x5384,0x5384,0x7d06,0x7d06,0x7d06,0x5384,0x5384,0x7d06,
    0x7d06,0x7d06,0x7d06,0x7d06,0x5384,0x5384,0x7d06,0x2a02,0x2a02,0x2a02,0x2a02,0x5384,
    0x0000,0x0000,0x0000,0x0000,0x5384,0x5384,0x0000,0x0000,0x0000,0x0000,0x0000,0x0000,
    0x0000,0x0000,0x0000,0x42e3,0x7d06,0x7d06,0x7d06,0x7d06,0x7d06,0x7d06,0x7d06,0x7d06,
    0x7d06,0x7d06,0x5384,0x5384,0x7d06,0x7d06,0x7d06,0x5384,0x5384,0x7d06,0x7d06,0x7d06,
    0x7d06,0x7d06,0x5384,0x5384,0x7d06,0x2a02,0x2a02,0x2a02,0x2a02,0x5384,0x0000,0x0000,
    0x0000,0x0000,0x0000,0x0000,0x0000,0x0000,0x0000,0x0000,0x0000,0x0000,0x0000,0x0000,
    0x0000,0x0000,0x7d06,0x7d06,0x7d06,0x7d06,0x7d06,0x7d06,0x7d06,0x7d06,0x7d06,0x7d06,
    0x5384,0x5384,0x7d06,0x7d06,0x7d06,0x5384,0x5384,0x7d06,0x7d06,0x7d06,0x7d06,0x7d06,
    0x5384,0x5384,0x2a02,0x7d06,0x2a02,0x2a02,0x2a02,0x5384,0x0000,0x0000,0x0000,0x0000,
    0x0000,0x0000,0x0000,0x0000,0x0000,0x0000,0x0000,0x0000,0x0000,0x0000,0x0000,0x0000,
    0x0000,0x42e3,0x7d06,0x7d06,0x7d06,0x7d06,0x7d06,0x7d06,0x7d06,0x7d06,0x5384,0x5384,
    0x7d06,0x7d06,0x7d06,0x5384,0x5384,0x7d06,0x7d06,0x7d06,0x5384,0x5384,0x7d06,0x2a02,
    0x2a02,0x2a02,0x7d06,0x2a02,0x2a02,0x0000,0x0000,0x0000,0x0000,0x0000,0x0000,0x0000,
    0x0000,0x0000,0x0000,0x0000,0x0000,0x0000,0x0000,0x0000,0x0000,0x0000,0x0000,0x0000,
    0x7d06,0x7d06,0x7d06,0x7d06,0x7d06,0x7d06,0x7d06,0x7d06,0x5384,0x5384,0x7d06,0x5384,
    0x5384,0x7d06,0x7d06,0x7d06,0x7d06,0x7d06,0x5384,0x5384,0x2a02,0x7d06,0x2a02,0x2a02,
    0x2a02,0x5384,0x0000,0x0000,0x0000,0x0000,0x0000,0x0000,0x0000,0x0000,0x0000,0x0000,
    0x0000,0x0000,0x0000,0x0000,0x0000,0x0000,0x0000,0x0000,0x0000,0x0000,0x0000,0x7d06,
    0x7d06,0x7d06,0x7d06,0x7d06,0x7d06,0x7d06,0x5384,0x5384,0x7d06,0x5384,0x5384,0x7d06,
    0x7d06,0x42e3,0x42e3,0x42e3,0x42e3,0x2a02,0x2a02,0x2a02,0x7d06,0x2a02,0x2a02,0x5384,
    0x0000,0x0000,0x0000,0x0000,0x0000,0x0000,0x0000,0x0000,0x0000,0x0000,0x0000,0x0000,
    0x0000,0x0000,0x0000,0x0000,0x0000,0x0000,0x0000,0x0000,0x0000,0x0000,0x7d06,0x7d06,
    0x7d06,0x7d06,0x7d06,0x7d06,0x5384,0x5384,0x5384,0x42e3,0x42e3,0x2a02,0x2a02,0x7d06,
    0x42e3,0x42e3,0x42e3,0x42e3,0x2a02,0x2a02,0x2a02,0x7d06,0x5384,0x5384,0x0000,0x0000,
    0x0000,0x0000,0x0000,0x0000,0x0000,0x0000,0x0000,0x0000,0x0000,0x0000,0x0000,0x0000,
    0x0000,0x0000,0x0000,0x0000,0x0000,0x0000,0x0000,0x0000,0x0000,0x7d06,0x7d06,0x7d06,
    0x7d06,0x7d06,0x5384,0x5384,0x5384,0x42e3,0x42e3,0x2a02,0x2a02,0x2a02,0x7d06,0x42e3,
    0x42e3,0x42e3,0x42e3,0x2a02,0x2a02,0x5384,0x5384,0x5384,0x0000,0x0000,0x0000,0x0000,
    0x0000,0x0000,0x0000,0x0000,0x0000,0x0000,0x0000,0x0000,0x0000,0x0000,0x0000,0x0000,
    0x0000,0x0000,0x0000,0x0000,0x0000,0x0000,0x0000,0x0000,0x7d06,0x7d06,0x7d06,0x7d06,
    0x5384,0x5384,0x42e3,0x42e3,0x42e3,0x42e3,0x2a02,0x2a02,0x2a02,0x7d06,0x7d06,0x7d06,
    0x7d06,0x7d06,0x5384,0x5384,0x5384,0x5384,0x0000,0x0000,0x0000,0x0000,0x0000,0x0000,
    0x0000,0x0000,0x0000,0x0000,0x0000,0x0000,0x0000,0x0000,0x0000,0x0000,0x0000,0x0000,
    0x0000,0x0000,0x0000,0x0000,0x0000,0x0000,0x0000,0x0000,0x5384,0x5384,0x5384,0x42e3,
    0x42e3,0x42e3,0x42e3,0x42e3,0x42e3,0x2a02,0x2a02,0x7d06,0x7d06,0x7d06,0x7d06,0x7d06,
    0x7d06,0x5384,0x5384,0x5384,0x0000,0x0000,0x0000,0x0000,0x0000,0x0000,0x0000,0x0000,
    0x0000,0x0000,0x0000,0x0000,0x0000,0x0000,0x0000,0x0000,0x0000,0x0000,0x0000,0x0000,
    0x0000,0x0000,0x0000,0x0000,0x0000,0x0000,0x5384,0x5384,0x0000,0x0000,0x0000,0x0000,
    0x0000,0x0000,0x0000,0x0000,0x7d06,0x7d06,0x7d06,0x7d06,0x7d06,0x7d06,0x7d06,0x5384,
    0x5384,0x5384,0x0000,0x0000,0x0000,0x0000,0x0000,0x0000,0x0000,0x0000,0x0000,0x0000,
    0x0000,0x0000,0x0000,0x0000,0x0000,0x0000,0x0000,0x0000,0x0000,0x0000,0x0000,0x0000,
    0x0000,0x0000,0x0000,0x0000,0x5384,0x5384,0x0000,0x0000,0x0000,0x0000,0x0000,0x0000,
    0x0000,0x0000,0x0000,0x7d06,0x7d06,0x7d06,0x7d06,0x7d06,0x7d06,0x5384,0x5384,0x5384,
    0x0000,0x0000,0x0000,0x0000,0x0000,0x0000,0x0000,0x0000,0x0000,0x0000,0x0000,0x0000,
    0x0000,0x0000,0x0000,0x0000,0x0000,0x0000,0x0000,0x0000,0x0000,0x0000,0x0000,0x0000,
    0x0000,0x0000,0x5384,0x5384,0x0000,0x0000,0x0000,0x0000,0x0000,0x0000,0x0000,0x0000,
    0x0000,0x0000,0x7d06,0x7d06,0x7d06,0x7d06,0x7d06,0x5384,0x5384,0x5384,0x0000,0x0000,
    0x0000,0x0000,0x0000,0x0000,0x0000,0x0000,0x0000,0x0000,0x0000,0x0000,0x0000,0x0000,
    0x0000,0x0000,0x0000,0x0000,0x0000,0x0000,0x0000,0x0000,0x0000,0x0000,0x0000,0x0000,
    0x7d06,0x7d06,0x9e89,0x9e89,0x0000,0x0000,0x0000,0x0000,0x0000,0x0000,0x0000,0x0000,
    0x0000,0x0000,0x7d06,0x7d06,0x7d06,0x5384,0x5384,0x5384,0x0000,0x0000,0x0000,0x0000,
    0x0000,0x0000,0x0000,0x0000,0x0000,0x0000,0x0000,0x0000,0x0000,0x0000,0x0000,0x0000,
    0x0000,0x0000,0x0000,0x0000,0x0000,0x0000,0x0000,0x0000,0x0000,0x0000,0x7d06,0x7d06,
    0x9e89,0x9e89,0x0000,0x0000,0x0000,0x0000,0x0000,0x0000,0x0000,0x0000,0x0000,0x0000,
    0x7d06,0x7d06,0x7d06,0x7d06,0x5384,0x5384,0x0000,0x0000,0x0000,0x0000,0x0000,0x0000,
    0x0000,0x0000,0x0000,0x0000,0x0000,0x0000,0x0000,0x0000,0x0000,0x0000,0x0000,0x0000,
    0x0000,0x0000,0x0000,0x0000,0x0000,0x0000,0x0000,0x0000,0x0000,0x0000,0x0000,0x0000,
    0x0000,0x0000,0x0000,0x0000,0x0000,0x0000,0x9e89,0x9e89,0x9e89,0x9e89,0x7d06,0x7d06,
    0x5384,0x5384,0x0000,0x0000,0x0000,0x0000,0x0000,0x0000,0x0000,0x0000,0x0000,0x0000,
    0x0000,0x0000,0x0000,0x0000,0x0000,0x0000,0x0000,0x0000,0x0000,0x0000,0x0000,0x0000,
    0x0000,0x0000,0x0000,0x0000,0x0000,0x0000,0x0000,0x0000,0x0000,0x0000,0x0000,0x0000,
    0x0000,0x0000,0x0000,0x0000,0x9e89,0x9e89,0x9e89,0x9e89,0x7d06,0x7d06,0x5384,0x5384,
    0x0000,0x0000,0x0000,0x0000,0x0000,0x0000,0x0000,0x0000,0x0000,0x0000,0x0000,0x0000,
    0x0000,0x0000,0x0000,0x0000,0x0000,0x0000,0x0000,0x0000,0x0000,0x0000,0x0000,0x0000,
    0x0000,0x0000,0x0000,0x0000,0x0000,0x0000,0x0000,0x0000,0x0000,0x0000,0x0000,0x0000,
    0x0000,0x0000,0x5384,0x5384,0x0000,0x0000,0x0000,0x0000,0x0000,0x0000,0x0000,0x0000,
    0x0000,0x0000,0x0000,0x0000,0x0000,0x0000,0x0000,0x0000,0x0000,0x0000,0x0000,0x0000,
    0x0000,0x0000,0x0000,0x0000,0x0000,0x0000,0x0000,0x0000,0x0000,0x0000,0x0000,0x0000,
    0x0000,0x0000,0x0000,0x0000,0x0000,0x0000,0x0000,0x0000,0x0000,0x0000,0x0000,0x0000,
    0x5384,0x5384,0x0000,0x0000,0x0000,0x0000,0x0000,0x0000,0x0000,0x0000,0x0000,0x0000,
    0x0000,0x0000,0x0000,0x0000,0x0000,0x0000,0x0000,0x0000,
};
const sprite_t spr_dino_7 = { 46, 50, px_dino_7 };

static const uint16_t px_dino_down_0[2244] = {
    0x0000,0x0000,0x0000,0x0000,0x0000,0x0000,0x0000,0x0000,0x0000,0x0000,0x0000,0x0000,
    0x0000,0x0000,0x0000,0x0000,0x0000,0x0000,0x0000,0x0000,0x0000,0x0000,0x0000,0x0000,
    0x0000,0x0000,0x0000,0x0000,0x0000,0x0000,0x0000,0x0000,0x0000,0x0000,0x0000,0x0000,
    0x0000,0x0000,0x0000,0x0000,0x0000,0x0000,0x0000,0x0000,0x9e89,0x9e89,0x9e89,0x9e89,
    0x9e89,0x9e89,0x9e89,0x9e89,0x9e89,0x9e89,0x9e89,0x9e89,0x9e89,0x9e89,0x9e89,0x9e89,
    0x0000,0x0000,0x0000,0x0000,0x0000,0x0000,0x0000,0x0000,0x0000,0x0000,0x0000,0x0000,
    0x0000,0x0000,0x0000,0x0000,0x0000,0x0000,0x0000,0x0000,0x0000,0x0000,0x0000,0x0000,
    0x0000,0x0000,0x0000,0x0000,0x0000,0x0000,0x0000,0x0000,0x0000,0x0000,0x0000,0x0000,
    0x0000,0x0000,0x0000,0x0000,0x0000,0x0000,0x0000,0x0000,0x0000,0x0000,0x0000,0x0000,
    0x0000,0x0000,0x9e89,0x9e89,0x9e89,0x9e89,0x9e89,0x9e89,0x9e89,0x9e89,0x9e89,0x9e89,
    0x9e89,0x9e89,0x9e89,0x9e89,0x9e89,0x9e89,0x9e89,0x0000,0x0000,0x0000,0x0000,0x0000,
    0x0000,0x0000,0x0000,0x0000,0x9e89,0x9e89,0x9e89,0x9e89,0x9e89,0x9e89,0x8de8,0x8de8,
    0x8de8,0x8de8,0x0000,0x0000,0x0000,0x0000,0x0000,0x0000,0x0000,0x0000,0x9e89,0x9e89,
    0x9e89,0x9e89,0x9e89,0x9e89,0x9e89,0x9e89,0x9e89,0x9e89,0x9e89,0x9e89,0x9e89,0x9e89,
    0x9e89,0x9e89,0x0000,0x0000,0x0000,0x0000,0x9e89,0x9e89,0x7d06,0x7d06,0x7d06,0x7d06,
    0x7d06,0x7d06,0x7d06,0x7d06,0x7d06,0x7d06,0x7d06,0x7d06,0x7d06,0x7d06,0x7d06,0x7d06,
    0x9e89,0x9e89,0x0000,0x0000,0x0000,0x0000,0x0000,0x0000,0x0000,0x53e4,0x9e89,0x9e89,
    0x9e89,0x9e89,0x9e89,0x9e89,0x8de8,0x8de8,0x8de8,0x8de8,0x53e4,0x0000,0x0000,0x0000,
    0x0000,0x0000,0x0000,0x0000,0x9e89,0x9e89,0x9e89,0x9e89,0x9e89,0x9e89,0x9e89,0x9e89,
    0x9e89,0x9e89,0x9e89,0x9e89,0x9e89,0x9e89,0x9e89,0x9e89,0x53e4,0x0000,0x0000,0x0000,
    0x9e89,0x9e89,0x7d06,0x7d06,0x7d06,0x7d06,0x7d06,0x7d06,0x7d06,0x7d06,0x7d06,0x7d06,
    0x7d06,0x7d06,0x7d06,0x7d06,0x7d06,0x7d06,0x9e89,0x9e89,0x9e89,0x0000,0x0000,0x0000,
    0x53e4,0x53e4,0x53e4,0x53e4,0x7d06,0x7d06,0x6c86,0x6c86,0x6c86,0x6c86,0x6c86,0x6c86,
    0x6c86,0x6c86,0x8de8,0x8de8,0x8de8,0x8de8,0x8de8,0x8de8,0x8de8,0x8de8,0x7d06,0x7d06,
    0x7d06,0x7d06,0x7d06,0x7d06,0x7d06,0x7d06,0x7d06,0x7d06,0x7d06,0x7d06,0x7d06,0x7d06,
    0x7d06,0x7d06,0x9e89,0x9e89,0x9e89,0x9e89,0x7d06,0x7d06,0x5384,0x5384,0x7d06,0x7d06,
    0x7d06,0x7d06,0x7d06,0x7d06,0x7d06,0x7d06,0x7d06,0x7d06,0x7d06,0x7d06,0x7d06,0x7d06,
    0x5384,0x5384,0x9e89,0x9e89,0x0000,0x0000,0x53e4,0x53e4,0x53e4,0x42e3,0x7d06,0x7d06,
    0x6c86,0x6c86,0x6c86,0x6c86,0x6c86,0x6c86,0x6c86,0x6c86,0x8de8,0x8de8,0x8de8,0x8de8,
    0x8de8,0x8de8,0x8de8,0x8de8,0x7d06,0x7d06,0x7d06,0x7d06,0x7d06,0x7d06,0x7d06,0x7d06,
    0x7d06,0x7d06,0x7d06,0x7d06,0x7d06,0x7d06,0x7d06,0x7d06,0x9e89,0x9e89,0x9e89,0x9e89,
    0x7d06,0x7d06,0x5384,0x5384,0x5384,0x7d06,0x7d06,0x7d06,0x7d06,0x7d06,0x7d06,0x7d06,
    0x7d06,0x7d06,0x7d06,0x7d06,0x7d06,0x7d06,0x5384,0x5384,0x5384,0x9e89,0x9e89,0x0000,
    0x0000,0x53e4,0x53e4,0x42e3,0x42e3,0x42e3,0x7d06,0x7d06,0x6c86,0x6c86,0x6c86,0x6c86,
    0x6c86,0x6c86,0x6c86,0x6c86,0x7d06,0x7d06,0x7d06,0x7d06,0x7d06,0x7d06,0x7d06,0x7d06,
    0x7d06,0x7d06,0x7d06,0x7d06,0x7d06,0x7d06,0x7d06,0x7d06,0x7d06,0x7d06,0x7d06,0x7d06,
    0x7d06,0x7d06,0x7d06,0x7d06,0x7d06,0x7d06,0x7d06,0x7d06,0x7d06,0x7d06,0x9e89,0x9e89,
    0x7d06,0x7d06,0x7d06,0x7d06,0x7d06,0x7d06,0x7d06,0x7d06,0x7d06,0x7d06,0x7d06,0x7d06,
    0x5384,0x5384,0x5384,0x5384,0x9e89,0x9e89,0x0000,0x0000,0x42e3,0x42e3,0x42e3,0x42e3,
    0x7d06,0x7d06,0x6c86,0x6c86,0x6c86,0x6c86,0x6c86,0x6c86,0x6c86,0x6c86,0x7d06,0x7d06,
    0x7d06,0x9e89,0x9e89,0x9e89,0x9e89,0x9e89,0x9e89,0x9e89,0x9e89,0x9e89,0x9e89,0x9e89,
    0x9e89,0x7d06,0x7d06,0x7d06,0x7d06,0x7d06,0x7d06,0x7d06,0x7d06,0x7d06,0x7d06,0x7d06,
    0x7d06,0x7d06,0x7d06,0x7d06,0x9e89,0x9e89,0x7d06,0x7d06,0x7d06,0x7d06,0x7d06,0x7d06,
    0x7d06,0x7d06,0x7d06,0x7d06,0x7d06,0x7d06,0x5384,0x5384,0x5384,0x5384,0x5384,0x9e89,
    0x0000,0x0000,0x0000,0x53e4,0x42e3,0x42e3,0x42e3,0x42e3,0x7d06,0x7d06,0x6c86,0x6c86,
    0x6c86,0x6c86,0x7d06,0x7d06,0x7d06,0x7d06,0x9e89,0x9e89,0x9e89,0x9e89,0x9e89,0x9e89,
    0x9e89,0x9e89,0x9e89,0x9e89,0x9e89,0x9e89,0x9e89,0x7d06,0x7d06,0x7d06,0x7d06,0x7d06,
    0x7d06,0x7d06,0x7d06,0x7d06,0x7d06,0x7d06,0x7d06,0x7d06,0x7d06,0x7d06,0x7d06,0x7d06,
    0x7d06,0x7d06,0x7d06,0x7d06,0x7d06,0x7d06,0x7d06,0x7d06,0x7d06,0x7d06,0x7d06,0x7d06,
    0x5384,0x5384,0x5384,0x5384,0x5384,0x5384,0x0000,0x0000,0x0000,0x0000,0x42e3,0x42e3,
    0x42e3,0x42e3,0x7d06,0x7d06,0x6c86,0x6c86,0x6c86,0x6c86,0x7d06,0x7d06,0x7d06,0x7d06,
    0x9e89,0x9e89,0x9e89,0x9e89,0x9e89,0x9e89,0x9e89,0x9e89,0x9e89,0x9e89,0x7d06,0x5384,
    0x5384,0x7d06,0x7d06,0x7d06,0x7d06,0x7d06,0x7d06,0x7d06,0x7d06,0x7d06,0x7d06,0x7d06,
    0x7d06,0x7d06,0x7d06,0x7d06,0x7d06,0x7d06,0x7d06,0x7d06,0x7d06,0x7d06,0x7d06,0x7d06,
    0x7d06,0x7d06,0x7d06,0x7d06,0x7d06,0x7d06,0x5384,0x5384,0x5384,0x5384,0x5384,0x5384,
    0x0000,0x0000,0x0000,0x0000,0x0000,0x0000,0x0000,0x42e3,0x42e3,0x42e3,0x7d06,0x7d06,
    0x6c86,0x6c86,0x7d06,0x7d06,0x7d06,0x7d06,0x7d06,0x7d06,0x7d06,0x7d06,0x7d06,0x7d06,
    0x7d06,0x7d06,0x5384,0x5384,0x7d06,0x5384,0x5384,0x7d06,0x7d06,0x7d06,0x7d06,0x7d06,
    0x7d06,0x7d06,0x7d06,0x7d06,0x7d06,0x7d06,0x7d06,0x7d06,0x7d06,0x7d06,0x7d06,0x7d06,
    0x7d06,0x7d06,0x7d06,0x7d06,0x7d06,0x7d06,0x7d06,0x7d06,0x7d06,0x7d06,0x7d06,0x7d06,
    0x5384,0x5384,0x5384,0x5384,0x5384,0x5384,0x0000,0x0000,0x0000,0x0000,0x0000,0x0000,
    0x0000,0x0000,0x0000,0x0000,0x7d06,0x7d06,0x6c86,0x6c86,0x7d06,0x7d06,0x7d06,0x7d06,
    0x7d06,0x7d06,0x7d06,0x7d06,0x7d06,0x7d06,0x7d06,0x7d06,0x5384,0x5384,0x7d06,0x5384,
    0x5384,0x7d06,0x7d06,0x7d06,0x7d06,0x7d06,0x7d06,0x7d06,0x7d06,0x7d06,0x7d06,0x7d06,
    0x7d06,0x7d06,0x7d06,0x7d06,0x7d06,0x7d06,0x7d06,0x7d06,0x7d06,0x7d06,0x7d06,0x7d06,
    0x7d06,0x7d06,0x7d06,0x7d06,0x7d06,0x7d06,0x5384,0x5384,0x5384,0x5384,0x5384,0x5384,
    0x0000,0x0000,0x0000,0x0000,0x0000,0x0000,0x0000,0x0000,0x0000,0x0000,0x0000,0x42e3,
    0x7d06,0x7d06,0x7d06,0x7d06,0x7d06,0x7d06,0x7d06,0x7d06,0x7d06,0x7d06,0x7d06,0x7d06,
    0x7d06,0x7d06,0x5384,0x5384,0x7d06,0x5384,0x5384,0x7d06,0x7d06,0x7d06,0x7d06,0x7d06,
    0x9e89,0x9e89,0x9e89,0x9e89,0x42e3,0x42e3,0x42e3,0x7d06,0x7d06,0x7d06,0x7d06,0x7d06,
    0x7d06,0x7d06,0x7d06,0x7d06,0x5384,0x5384,0x7d06,0x7d06,0x7d06,0x7d06,0x7d06,0x7d06,
    0x7d06,0x5384,0x5384,0x5384,0x5384,0x5384,0x0000,0x0000,0x0000,0x0000,0x0000,0x0000,
    0x0000,0x0000,0x0000,0x0000,0x0000,0x0000,0x7d06,0x7d06,0x7d06,0x7d06,0x7d06,0x7d06,
    0x7d06,0x7d06,0x7d06,0x7d06,0x7d06,0x7d06,0x7d06,0x7d06,0x5384,0x5384,0x7d06,0x5384,
    0x5384,0x7d06,0x7d06,0x7d06,0x7d06,0x7d06,0x9e89,0x9e89,0x9e89,0x9e89,0x9e89,0x2a02,
    0x2a02,0x42e3,0x7d06,0x7d06,0x7d06,0x7d06,0x7d06,0x7d06,0x7d06,0x7d06,0x5384,0x5384,
    0x7d06,0x7d06,0x7d06,0x7d06,0x7d06,0x7d06,0x7d06,0x7d06,0x5384,0x5384,0x5384,0x5384,
    0x0000,0x0000,0x0000,0x0000,0x0000,0x0000,0x0000,0x0000,0x0000,0x0000,0x0000,0x0000,
    0x0000,0x42e3,0x7d06,0x7d06,0x7d06,0x7d06,0x7d06,0x7d06,0x7d06,0x7d06,0x7d06,0x7d06,
    0x7d06,0x7d06,0x5384,0x5384,0x7d06,0x5384,0x5384,0x7d06,0x7d06,0x7d06,0x7d06,0x7d06,
    0x7d06,0x7d06,0x5384,0x5384,0x9e89,0x2a02,0x2a02,0x2a02,0x42e3,0x7d06,0x7d06,0x7d06,
    0x7d06,0x7d06,0x7d06,0x7d06,0x7d06,0x7d06,0x9e89,0x9e89,0x9e89,0x9e89,0x9e89,0x9e89,
    0x7d06,0x7d06,0x7d06,0x5384,0x5384,0x5384,0x0000,0x0000,0x0000,0x0000,0x0000,0x0000,
    0x0000,0x0000,0x0000,0x0000,0x0000,0x0000,0x0000,0x0000,0x7d06,0x7d06,0x7d06,0x7d06,
    0x7d06,0x7d06,0x7d06,0x7d06,0x7d06,0x7d06,0x7d06,0x7d06,0x5384,0x5384,0x7d06,0x5384,
    0x5384,0x7d06,0x7d06,0x7d06,0x7d06,0x7d06,0x7d06,0x7d06,0x5384,0x5384,0x5384,0x42e3,
    0x2a02,0x2a02,0x2a02,0x7d06,0x7d06,0x7d06,0x7d06,0x7d06,0x7d06,0x7d06,0x7d06,0x7d06,
    0x9e89,0x9e89,0x9e89,0x9e89,0x9e89,0x9e89,0x9e89,0x7d06,0x7d06,0x7d06,0x5384,0x5384,
    0x0000,0x0000,0x0000,0x0000,0x0000,0x0000,0x0000,0x0000,0x0000,0x0000,0x0000,0x0000,
    0x0000,0x0000,0x0000,0x42e3,0x7d06,0x7d06,0x7d06,0x7d06,0x7d06,0x7d06,0x7d06,0x7d06,
    0x7d06,0x7d06,0x5384,0x5384,0x7d06,0x5384,0x5384,0x7d06,0x7d06,0x7d06,0x7d06,0x7d06,
    0x7d06,0x7d06,0x7d06,0x7d06,0x9e89,0x9e89,0x9e89,0x9e89,0x9e89,0x9e89,0x0000,0x7d06,
    0x7d06,0x7d06,0x7d06,0x7d06,0x7d06,0x9e89,0x9e89,0x9e89,0x9e89,0x9e89,0x9e89,0x9e89,
    0x9e89,0x9e89,0x0000,0x0000,0x0000,0x0000,0x0000,0x0000,0x0000,0x0000,0x0000,0x0000,
    0x0000,0x0000,0x0000,0x0000,0x0000,0x0000,0x0000,0x0000,0x0000,0x0000,0x7d06,0x7d06,
    0x7d06,0x7d06,0x7d06,0x7d06,0x7d06,0x7d06,0x7d06,0x7d06,0x5384,0x5384,0x5384,0x7d06,
    0x7d06,0x7d06,0x7d06,0x7d06,0x7d06,0x7d06,0x7d06,0x7d06,0x7d06,0x7d06,0x9e89,0x9e89,
    0x9e89,0x9e89,0x9e89,0x9e89,0x9e89,0x9e89,0x7d06,0x7d06,0x7d06,0x7d06,0x7d06,0x7d06,
    0x9e89,0x9e89,0x9e89,0x9e89,0x9e89,0x9e89,0x9e89,0x9e89,0x9e89,0x0000,0x0000,0x0000,
    0x0000,0x0000,0x0000,0x0000,0x0000,0x0000,0x0000,0x0000,0x0000,0x0000,0x0000,0x0000,
    0x0000,0x0000,0x0000,0x0000,0x0000,0x42e3,0x42e3,0x42e3,0x7d06,0x7d06,0x7d06,0x7d06,
    0x7d06,0x7d06,0x5384,0x5384,0x5384,0x42e3,0x42e3,0x42e3,0x42e3,0x42e3,0x42e3,0x42e3,
    0x42e3,0x5384,0x5384,0x2a02,0x42e3,0x2a02,0x2a02,0x5384,0x5384,0x5384,0x9e89,0x9e89,
    0x9e89,0x7d06,0x7d06,0x7d06,0x7d06,0x7d06,0x7d06,0x9e89,0x9e89,0x9e89,0x9e89,0x9e89,
    0x9e89,0x9e89,0x9e89,0x9e89,0x0000,0x0000,0x0000,0x0000,0x0000,0x0000,0x0000,0x0000,
    0x0000,0x0000,0x0000,0x0000,0x0000,0x0000,0x0000,0x0000,0x0000,0x0000,0x0000,0x0000,
    0x42e3,0x42e3,0x7d06,0x7d06,0x7d06,0x7d06,0x7d06,0x7d06,0x5384,0x5384,0x5384,0x42e3,
    0x42e3,0x2a02,0x2a02,0x42e3,0x42e3,0x42e3,0x42e3,0x42e3,0x2a02,0x2a02,0x2a02,0x7d06,
    0x5384,0x5384,0x5384,0x5384,0x7d06,0x5384,0x5384,0x9e89,0x7d06,0x7d06,0x7d06,0x7d06,
    0x7d06,0x7d06,0x7d06,0x7d06,0x9e89,0x9e89,0x9e89,0x9e89,0x9e89,0x9e89,0x0000,0x0000,
    0x0000,0x0000,0x0000,0x0000,0x0000,0x0000,0x0000,0x0000,0x0000,0x0000,0x0000,0x0000,
    0x0000,0x0000,0x0000,0x0000,0x0000,0x0000,0x0000,0x42e3,0x42e3,0x7d06,0x7d06,0x7d06,
    0x7d06,0x7d06,0x5384,0x5384,0x5384,0x42e3,0x42e3,0x2a02,0x2a02,0x2a02,0x42e3,0x42e3,
    0x42e3,0x42e3,0x42e3,0x2a02,0x2a02,0x5384,0x5384,0x5384,0x0000,0x7d06,0x7d06,0x5384,
    0x5384,0x5384,0x0000,0x0000,0x0000,0x0000,0x0000,0x0000,0x0000,0x0000,0x0000,0x0000,
    0x0000,0x0000,0x0000,0x0000,0x0000,0x0000,0x0000,0x0000,0x0000,0x0000,0x0000,0x0000,
    0x0000,0x0000,0x0000,0x0000,0x0000,0x0000,0x0000,0x0000,0x0000,0x0000,0x0000,0x0000,
    0x0000,0x0000,0x7d06,0x7d06,0x7d06,0x7d06,0x7d06,0x7d06,0x5384,0x5384,0x42e3,0x42e3,
    0x42e3,0x42e3,0x2a02,0x2a02,0x2a02,0x7d06,0x7d06,0x7d06,0x7d06,0x7d06,0x5384,0x5384,
    0x5384,0x5384,0x0000,0x5384,0x5384,0x7d06,0x5384,0x5384,0x0000,0x0000,0x0000,0x0000,
    0x0000,0x0000,0x0000,0x0000,0x0000,0x0000,0x0000,0x0000,0x0000,0x0000,0x0000,0x0000,
    0x0000,0x0000,0x0000,0x0000,0x0000,0x0000,0x0000,0x0000,0x0000,0x0000,0x0000,0x0000,
    0x0000,0x0000,0x0000,0x0000,0x0000,0x0000,0x9e89,0x9e89,0x9e89,0x9e89,0x9e89,0x9e89,
    0x5384,0x5384,0x42e3,0x42e3,0x42e3,0x42e3,0x42e3,0x42e3,0x42e3,0x2a02,0x2a02,0x7d06,
    0x7d06,0x7d06,0x7d06,0x7d06,0x7d06,0x5384,0x5384,0x5384,0x0000,0x5384,0x5384,0x7d06,
    0x7d06,0x7d06,0x9e89,0x9e89,0x9e89,0x9e89,0x9e89,0x9e89,0x0000,0x0000,0x0000,0x0000,
    0x0000,0x0000,0x0000,0x0000,0x0000,0x0000,0x0000,0x0000,0x0000,0x0000,0x0000,0x0000,
    0x0000,0x0000,0x0000,0x0000,0x0000,0x0000,0x0000,0x0000,0x0000,0x0000,0x0000,0x0000,
    0x9e89,0x9e89,0x9e89,0x9e89,0x9e89,0x9e89,0x5384,0x5384,0x0000,0x0000,0x0000,0x0000,
    0x0000,0x0000,0x0000,0x7d06,0x7d06,0x7d06,0x7d06,0x7d06,0x7d06,0x7d06,0x7d06,0x5384,
    0x5384,0x5384,0x0000,0x0000,0x7d06,0x7d06,0x7d06,0x7d06,0x9e89,0x9e89,0x9e89,0x9e89,
    0x9e89,0x9e89,0x0000,0x0000,0x0000,0x0000,0x0000,0x0000,0x0000,0x0000,0x0000,0x0000,
    0x0000,0x0000,0x0000,0x0000,0x0000,0x0000,0x0000,0x0000,0x0000,0x0000,0x0000,0x0000,
    0x0000,0x0000,0x0000,0x0000,0x0000,0x0000,0x5384,0x5384,0x0000,0x0000,0x0000,0x0000,
    0x0000,0x0000,0x0000,0x0000,0x0000,0x0000,0x0000,0x0000,0x0000,0x7d06,0x7d06,0x7d06,
    0x7d06,0x7d06,0x7d06,0x7d06,0x7d06,0x5384,0x5384,0x5384,0x0000,0x0000,0x0000,0x0000,
    0x0000,0x0000,0x0000,0x0000,0x0000,0x0000,0x5384,0x5384,0x0000,0x0000,0x0000,0x0000,
    0x0000,0x0000,0x0000,0x0000,0x0000,0x0000,0x0000,0x0000,0x0000,0x0000,0x0000,0x0000,
    0x0000,0x0000,0x0000,0x0000,0x0000,0x0000,0x0000,0x0000,0x0000,0x0000,0x0000,0x0000,
    0x5384,0x5384,0x0000,0x0000,0x0000,0x0000,0x0000,0x0000,0x0000,0x0000,0x0000,0x0000,
    0x0000,0x0000,0x0000,0x7d06,0x7d06,0x7d06,0x7d06,0x7d06,0x7d06,0x5384,0x5384,0x7d06,
    0x5384,0x5384,0x0000,0x0000,0x0000,0x0000,0x0000,0x0000,0x0000,0x0000,0x0000,0x0000,
    0x5384,0x5384,0x0000,0x0000,0x0000,0x0000,0x0000,0x0000,0x0000,0x0000,0x0000,0x0000,
    0x0000,0x0000,0x0000,0x0000,0x0000,0x0000,0x0000,0x0000,0x0000,0x0000,0x0000,0x0000,
    0x0000,0x0000,0x0000,0x0000,0x0000,0x0000,0x0000,0x0000,0x0000,0x0000,0x0000,0x0000,
    0x0000,0x0000,0x0000,0x0000,0x0000,0x0000,0x0000,0x0000,0x0000,0x7d06,0x7d06,0x7d06,
    0x7d06,0x7d06,0x7d06,0x5384,0x5384,0x7d06,0x5384,0x5384,0x0000,0x0000,0x0000,0x0000,
    0x0000,0x0000,0x0000,0x0000,0x0000,0x0000,0x0000,0x0000,0x0000,0x0000,0x0000,0x0000,
    0x0000,0x0000,0x0000,0x0000,0x0000,0x0000,0x0000,0x0000,0x0000,0x0000,0x0000,0x0000,
    0x0000,0x0000,0x0000,0x0000,0x0000,0x0000,0x0000,0x0000,0x0000,0x0000,0x0000,0x0000,
    0x0000,0x0000,0x0000,0x0000,0x0000,0x0000,0x0000,0x0000,0x0000,0x0000,0x0000,0x0000,
    0x0000,0x0000,0x0000,0x0000,0x7d06,0x7d06,0x7d06,0x7d06,0x7d06,0x7d06,0x7d06,0x7d06,
    0x5384,0x5384,0x0000,0x0000,0x0000,0x0000,0x0000,0x0000,0x0000,0x0000,0x0000,0x0000,
    0x0000,0x0000,0x0000,0x0000,0x0000,0x0000,0x0000,0x0000,0x0000,0x0000,0x0000,0x0000,
    0x0000,0x0000,0x0000,0x0000,0x0000,0x0000,0x0000,0x0000,0x0000,0x0000,0x0000,0x0000,
    0x0000,0x0000,0x0000,0x0000,0x0000,0x0000,0x0000,0x0000,0x0000,0x0000,0x0000,0x0000,
    0x0000,0x0000,0x0000,0x0000,0x0000,0x0000,0x0000,0x0000,0x0000,0x0000,0x0000,0x0000,
    0x0000,0x0000,0x0000,0x0000,0x0000,0x0000,0x5384,0x5384,0x0000,0x0000,0x0000,0x0000,
    0x0000,0x0000,0x0000,0x0000,0x0000,0x0000,0x0000,0x0000,0x0000,0x0000,0x0000,0x0000,
    0x0000,0x0000,0x0000,0x0000,0x0000,0x0000,0x0000,0x0000,0x0000,0x0000,0x0000,0x0000,
    0x0000,0x0000,0x0000,0x0000,0x0000,0x0000,0x0000,0x0000,0x0000,0x0000,0x0000,0x0000,
    0x0000,0x0000,0x0000,0x0000,0x0000,0x0000,0x0000,0x0000,0x0000,0x0000,0x0000,0x0000,
    0x0000,0x0000,0x0000,0x0000,0x0000,0x0000,0x0000,0x0000,0x0000,0x0000,0x0000,0x0000,
    0x5384,0x5384,0x0000,0x0000,0x0000,0x0000,0x0000,0x0000,0x0000,0x0000,0x0000,0x0000,
    0x0000,0x0000,0x0000,0x0000,0x0000,0x0000,0x0000,0x0000,0x0000,0x0000,0x0000,0x0000,
    0x0000,0x0000,0x0000,0x0000,0x0000,0x0000,0x0000,0x0000,0x0000,0x0000,0x0000,0x0000,
    0x0000,0x0000,0x0000,0x0000,0x0000,0x0000,0x0000,0x0000,0x0000,0x0000,0x0000,0x0000,
    0x0000,0x0000,0x0000,0x0000,0x0000,0x0000,0x0000,0x0000,0x0000,0x0000,0x0000,0x0000,
    0x0000,0x0000,0x0000,0x0000,0x0000,0x0000,0x5384,0x5384,0x0000,0x0000,0x0000,0x0000,
    0x0000,0x0000,0x0000,0x0000,0x0000,0x0000,0x0000,0x0000,0x0000,0x0000,0x0000,0x0000,
    0x0000,0x0000,0x0000,0x0000,0x0000,0x0000,0x0000,0x0000,0x0000,0x0000,0x0000,0x0000,
    0x0000,0x0000,0x0000,0x0000,0x0000,0x0000,0x0000,0x0000,0x0000,0x0000,0x0000,0x0000,
    0x0000,0x0000,0x0000,0x0000,0x0000,0x0000,0x0000,0x0000,0x0000,0x0000,0x0000,0x0000,
    0x0000,0x0000,0x0000,0x0000,0x0000,0x0000,0x0000,0x0000,0x0000,0x0000,0x0000,0x0000,
    0x5384,0x5384,0x0000,0x0000,0x0000,0x0000,0x0000,0x0000,0x0000,0x0000,0x0000,0x0000,
    0x0000,0x0000,0x0000,0x0000,0x0000,0x0000,0x0000,0x0000,0x0000,0x0000,0x0000,0x0000,
    0x0000,0x0000,0x0000,0x0000,0x0000,0x0000,0x0000,0x0000,0x0000,0x0000,0x0000,0x0000,
    0x0000,0x0000,0x0000,0x0000,0x0000,0x0000,0x0000,0x0000,0x0000,0x0000,0x0000,0x0000,
    0x0000,0x0000,0x0000,0x0000,0x0000,0x0000,0x0000,0x0000,0x0000,0x0000,0x0000,0x0000,
    0x0000,0x0000,0x0000,0x0000,0x0000,0x0000,0x7d06,0x7d06,0x9e89,0x9e89,0x0000,0x0000,
    0x0000,0x0000,0x0000,0x0000,0x0000,0x0000,0x0000,0x0000,0x0000,0x0000,0x0000,0x0000,
    0x0000,0x0000,0x0000,0x0000,0x0000,0x0000,0x0000,0x0000,0x0000,0x0000,0x0000,0x0000,
    0x0000,0x0000,0x0000,0x0000,0x0000,0x0000,0x0000,0x0000,0x0000,0x0000,0x0000,0x0000,
    0x0000,0x0000,0x0000,0x0000,0x0000,0x0000,0x0000,0x0000,0x0000,0x0000,0x0000,0x0000,
    0x0000,0x0000,0x0000,0x0000,0x0000,0x0000,0x0000,0x0000,0x0000,0x0000,0x0000,0x0000,
    0x7d06,0x7d06,0x9e89,0x9e89,0x0000,0x0000,0x0000,0x0000,0x0000,0x0000,0x0000,0x0000,
    0x0000,0x0000,0x0000,0x0000,0x0000,0x0000,0x0000,0x0000,0x0000,0x0000,0x0000,0x0000,
};
const sprite_t spr_dino_down_0 = { 66, 34, px_dino_down_0 };

static const uint16_t px_dino_down_1[2244] = {
    0x0000,0x0000,0x0000,0x0000,0x0000,0x0000,0x0000,0x0000,0x0000,0x0000,0x0000,0x0000,
    0x0000,0x0000,0x0000,0x0000,0x0000,0x0000,0x0000,0x0000,0x0000,0x0000,0x0000,0x0000,
    0x0000,0x0000,0x0000,0x0000,0x0000,0x0000,0x0000,0x0000,0x0000,0x0000,0x0000,0x0000,
    0x0000,0x0000,0x0000,0x0000,0x0000,0x0000,0x0000,0x0000,0x9e89,0x9e89,0x9e89,0x9e89,
    0x9e89,0x9e89,0x9e89,0x9e89,0x9e89,0x9e89,0x9e89,0x9e89,0x9e89,0x9e89,0x9e89,0x9e89,
    0x0000,0x0000,0x0000,0x0000,0x0000,0x0000,0x0000,0x0000,0x0000,0x0000,0x0000,0x0000,
    0x0000,0x0000,0x0000,0x0000,0x0000,0x0000,0x0000,0x0000,0x0000,0x0000,0x0000,0x0000,
    0x0000,0x0000,0x0000,0x0000,0x0000,0x0000,0x0000,0x0000,0x0000,0x0000,0x0000,0x0000,
    0x0000,0x0000,0x0000,0x0000,0x0000,0x0000,0x0000,0x0000,0x0000,0x0000,0x0000,0x0000,
    0x0000,0x0000,0x9e89,0x9e89,0x9e89,0x9e89,0x9e89,0x9e89,0x9e89,0x9e89,0x9e89,0x9e89,
    0x9e89,0x9e89,0x9e89,0x9e89,0x9e89,0x9e89,0x9e89,0x0000,0x0000,0x0000,0x0000,0x0000,
    0x0000,0x0000,0x0000,0x0000,0x9e89,0x9e89,0x9e89,0x9e89,0x9e89,0x9e89,0x8de8,0x8de8,
    0x8de8,0x8de8,0x0000,0x0000,0x0000,0x0000,0x0000,0x0000,0x0000,0x0000,0x9e89,0x9e89,
    0x9e89,0x9e89,0x9e89,0x9e89,0x9e89,0x9e89,0x9e89,0x9e89,0x9e89,0x9e89,0x9e89,0x9e89,
    0x9e89,0x9e89,0x0000,0x0000,0x0000,0x0000,0x9e89,0x9e89,0x7d06,0x7d06,0x7d06,0x7d06,
    0x7d06,0x7d06,0x7d06,0x7d06,0x7d06,0x7d06,0x7d06,0x7d06,0x7d06,0x7d06,0x7d06,0x7d06,
    0x9e89,0x9e89,0x0000,0x0000,0x0000,0x0000,0x0000,0x0000,0x0000,0x53e4,0x9e89,0x9e89,
    0x9e89,0x9e89,0x9e89,0x9e89,0x8de8,0x8de8,0x8de8,0x8de8,0x53e4,0x0000,0x0000,0x0000,
    0x0000,0x0000,0x0000,0x0000,0x9e89,0x9e89,0x9e89,0x9e89,0x9e89,0x9e89,0x9e89,0x9e89,
    0x9e89,0x9e89,0x9e89,0x9e89,0x9e89,0x9e89,0x9e89,0x9e89,0x53e4,0x0000,0x0000,0x0000,
    0x9e89,0x9e89,0x7d06,0x7d06,0x7d06,0x7d06,0x7d06,0x7d06,0x7d06,0x7d06,0x7d06,0x7d06,
    0x7d06,0x7d06,0x7d06,0x7d06,0x7d06,0x7d06,0x9e89,0x9e89,0x9e89,0x0000,0x0000,0x0000,
    0x53e4,0x53e4,0x53e4,0x53e4,0x7d06,0x7d06,0x6c86,0x6c86,0x6c86,0x6c86,0x6c86,0x6c86,
    0x6c86,0x6c86,0x8de8,0x8de8,0x8de8,0x8de8,0x8de8,0x8de8,0x8de8,0x8de8,0x7d06,0x7d06,
    0x7d06,0x7d06,0x7d06,0x7d06,0x7d06,0x7d06,0x7d06,0x7d06,0x7d06,0x7d06,0x7d06,0x7d06,
    0x7d06,0x7d06,0x9e89,0x9e89,0x9e89,0x9e89,0x7d06,0x7d06,0x5384,0x5384,0x7d06,0x7d06,
    0x7d06,0x7d06,0x7d06,0x7d06,0x7d06,0x7d06,0x7d06,0x7d06,0x7d06,0x7d06,0x7d06,0x7d06,
    0x5384,0x5384,0x9e89,0x9e89,0x0000,0x0000,0x53e4,0x53e4,0x53e4,0x42e3,0x7d06,0x7d06,
    0x6c86,0x6c86,0x6c86,0x6c86,0x6c86,0x6c86,0x6c86,0x6c86,0x8de8,0x8de8,0x8de8,0x8de8,
    0x8de8,0x8de8,0x8de8,0x9e89,0x9e89,0x9e89,0x9e89,0x9e89,0x9e89,0x9e89,0x9e89,0x9e89,
    0x9e89,0x9e89,0x9e89,0x7d06,0x7d06,0x7d06,0x7d06,0x7d06,0x9e89,0x9e89,0x9e89,0x9e89,
    0x7d06,0x7d06,0x5384,0x5384,0x5384,0x7d06,0x7d06,0x7d06,0x7d06,0x7d06,0x7d06,0x7d06,
    0x7d06,0x7d06,0x7d06,0x7d06,0x7d06,0x7d06,0x5384,0x5384,0x5384,0x9e89,0x9e89,0x0000,
    0x0000,0x53e4,0x53e4,0x42e3,0x42e3,0x42e3,0x7d06,0x7d06,0x6c86,0x6c86,0x6c86,0x6c86,
    0x6c86,0x6c86,0x6c86,0x6c86,0x7d06,0x7d06,0x7d06,0x7d06,0x7d06,0x9e89,0x9e89,0x9e89,
    0x9e89,0x9e89,0x9e89,0x9e89,0x9e89,0x9e89,0x9e89,0x9e89,0x9e89,0x7d06,0x7d06,0x7d06,
    0x7d06,0x7d06,0x7d06,0x7d06,0x7d06,0x7d06,0x7d06,0x7d06,0x7d06,0x7d06,0x9e89,0x9e89,
    0x7d06,0x7d06,0x7d06,0x7d06,0x7d06,0x7d06,0x7d06,0x7d06,0x7d06,0x7d06,0x7d06,0x7d06,
    0x5384,0x5384,0x5384,0x5384,0x9e89,0x9e89,0x0000,0x0000,0x42e3,0x42e3,0x42e3,0x42e3,
    0x7d06,0x7d06,0x6c86,0x6c86,0x6c86,0x6c86,0x6c86,0x6c86,0x6c86,0x6c86,0x7d06,0x7d06,
    0x7d06,0x7d06,0x7d06,0x7d06,0x9e89,0x9e89,0x9e89,0x9e89,0x9e89,0x9e89,0x9e89,0x9e89,
    0x7d06,0x5384,0x5384,0x7d06,0x7d06,0x7d06,0x7d06,0x7d06,0x7d06,0x7d06,0x7d06,0x7d06,
    0x7d06,0x7d06,0x7d06,0x7d06,0x9e89,0x9e89,0x7d06,0x7d06,0x7d06,0x7d06,0x7d06,0x7d06,
    0x7d06,0x7d06,0x7d06,0x7d06,0x7d06,0x7d06,0x5384,0x5384,0x5384,0x5384,0x5384,0x9e89,
    0x0000,0x0000,0x0000,0x53e4,0x42e3,0x42e3,0x42e3,0x42e3,0x7d06,0x7d06,0x6c86,0x6c86,
    0x6c86,0x6c86,0x7d06,0x7d06,0x7d06,0x7d06,0x7d06,0x7d06,0x7d06,0x7d06,0x7d06,0x7d06,
    0x7d06,0x7d06,0x7d06,0x7d06,0x5384,0x5384,0x7d06,0x5384,0x5384,0x7d06,0x7d06,0x7d06,
    0x7d06,0x7d06,0x7d06,0x7d06,0x7d06,0x7d06,0x7d06,0x7d06,0x7d06,0x7d06,0x7d06,0x7d06,
    0x7d06,0x7d06,0x7d06,0x7d06,0x7d06,0x7d06,0x7d06,0x7d06,0x7d06,0x7d06,0x7d06,0x7d06,
    0x5384,0x5384,0x5384,0x5384,0x5384,0x5384,0x0000,0x0000,0x0000,0x0000,0x42e3,0x42e3,
    0x42e3,0x42e3,0x7d06,0x7d06,0x6c86,0x6c86,0x6c86,0x6c86,0x7d06,0x7d06,0x7d06,0x7d06,
    0x7d06,0x7d06,0x7d06,0x7d06,0x7d06,0x7d06,0x7d06,0x7d06,0x7d06,0x7d06,0x5384,0x5384,
    0x7d06,0x5384,0x5384,0x7d06,0x7d06,0x7d06,0x7d06,0x7d06,0x7d06,0x7d06,0x7d06,0x7d06,
    0x7d06,0x7d06,0x7d06,0x7d06,0x7d06,0x7d06,0x7d06,0x7d06,0x7d06,0x7d06,0x7d06,0x7d06,
    0x7d06,0x7d06,0x7d06,0x7d06,0x7d06,0x7d06,0x5384,0x5384,0x5384,0x5384,0x5384,0x5384,
    0x0000,0x0000,0x0000,0x0000,0x0000,0x0000,0x0000,0x42e3,0x42e3,0x42e3,0x7d06,0x7d06,
    0x6c86,0x6c86,0x7d06,0x7d06,0x7d06,0x7d06,0x7d06,0x7d06,0x7d06,0x7d06,0x7d06,0x7d06,
    0x7d06,0x7d06,0x7d06,0x7d06,0x5384,0x5384,0x7d06,0x5384,0x5384,0x7d06,0x7d06,0x7d06,
    0x7d06,0x7d06,0x7d06,0x7d06,0x7d06,0x7d06,0x7d06,0x7d06,0x7d06,0x7d06,0x7d06,0x7d06,
    0x7d06,0x7d06,0x7d06,0x7d06,0x7d06,0x7d06,0x7d06,0x7d06,0x7d06,0x7d06,0x7d06,0x7d06,
    0x5384,0x5384,0x5384,0x5384,0x5384,0x5384,0x0000,0x0000,0x0000,0x0000,0x0000,0x0000,
    0x0000,0x0000,0x0000,0x0000,0x7d06,0x7d06,0x6c86,0x6c86,0x7d06,0x7d06,0x7d06,0x7d06,
    0x7d06,0x7d06,0x7d06,0x7d06,0x7d06,0x7d06,0x7d06,0x7d06,0x7d06,0x7d06,0x5384,0x5384,
    0x7d06,0x5384,0x5384,0x7d06,0x7d06,0x7d06,0x7d06,0x7d06,0x7d06,0x7d06,0x7d06,0x7d06,
    0x7d06,0x7d06,0x7d06,0x7d06,0x7d06,0x7d06,0x7d06,0x7d06,0x7d06,0x7d06,0x7d06,0x7d06,
    0x7d06,0x7d06,0x7d06,0x7d06,0x7d06,0x7d06,0x5384,0x5384,0x5384,0x5384,0x5384,0x5384,
    0x0000,0x0000,0x0000,0x0000,0x0000,0x0000,0x0000,0x0000,0x0000,0x0000,0x0000,0x42e3,
    0x7d06,0x7d06,0x7d06,0x7d06,0x7d06,0x7d06,0x7d06,0x7d06,0x7d06,0x7d06,0x7d06,0x7d06,
    0x7d06,0x7d06,0x7d06,0x7d06,0x5384,0x5384,0x7d06,0x5384,0x5384,0x7d06,0x7d06,0x7d06,
    0x9e89,0x9e89,0x9e89,0x9e89,0x7d06,0x42e3,0x42e3,0x7d06,0x7d06,0x7d06,0x7d06,0x7d06,
    0x7d06,0x7d06,0x7d06,0x7d06,0x5384,0x5384,0x7d06,0x7d06,0x7d06,0x7d06,0x7d06,0x7d06,
    0x7d06,0x5384,0x5384,0x5384,0x5384,0x5384,0x0000,0x0000,0x0000,0x0000,0x0000,0x0000,
    0x0000,0x0000,0x0000,0x0000,0x0000,0x0000,0x7d06,0x7d06,0x7d06,0x7d06,0x7d06,0x7d06,
    0x7d06,0x7d06,0x7d06,0x7d06,0x7d06,0x7d06,0x7d06,0x7d06,0x7d06,0x7d06,0x5384,0x5384,
    0x7d06,0x5384,0x5384,0x7d06,0x7d06,0x7d06,0x9e89,0x9e89,0x9e89,0x9e89,0x9e89,0x2a02,
    0x2a02,0x42e3,0x7d06,0x7d06,0x7d06,0x7d06,0x7d06,0x7d06,0x7d06,0x7d06,0x5384,0x5384,
    0x7d06,0x7d06,0x7d06,0x7d06,0x7d06,0x7d06,0x7d06,0x7d06,0x5384,0x5384,0x5384,0x5384,
    0x0000,0x0000,0x0000,0x0000,0x0000,0x0000,0x0000,0x0000,0x0000,0x0000,0x0000,0x0000,
    0x0000,0x42e3,0x7d06,0x7d06,0x7d06,0x7d06,0x7d06,0x7d06,0x7d06,0x7d06,0x7d06,0x7d06,
    0x7d06,0x7d06,0x7d06,0x7d06,0x5384,0x5384,0x7d06,0x5384,0x5384,0x7d06,0x7d06,0x7d06,
    0x7d06,0x7d06,0x5384,0x5384,0x9e89,0x2a02,0x2a02,0x2a02,0x42e3,0x7d06,0x7d06,0x7d06,
    0x7d06,0x7d06,0x7d06,0x7d06,0x7d06,0x7d06,0x9e89,0x9e89,0x9e89,0x9e89,0x9e89,0x9e89,
    0x7d06,0x7d06,0x7d06,0x5384,0x5384,0x5384,0x0000,0x0000,0x0000,0x0000,0x0000,0x0000,
    0x0000,0x0000,0x0000,0x0000,0x0000,0x0000,0x0000,0x0000,0x7d06,0x7d06,0x7d06,0x7d06,
    0x7d06,0x7d06,0x7d06,0x7d06,0x7d06,0x7d06,0x7d06,0x7d06,0x7d06,0x7d06,0x5384,0x5384,
    0x5384,0x7d06,0x7d06,0x7d06,0x7d06,0x7d06,0x7d06,0x7d06,0x5384,0x5384,0x5384,0x7d06,
    0x2a02,0x2a02,0x2a02,0x7d06,0x7d06,0x7d06,0x7d06,0x7d06,0x7d06,0x7d06,0x7d06,0x7d06,
    0x9e89,0x9e89,0x9e89,0x9e89,0x9e89,0x9e89,0x9e89,0x7d06,0x7d06,0x7d06,0x5384,0x5384,
    0x0000,0x0000,0x0000,0x0000,0x0000,0x0000,0x0000,0x0000,0x0000,0x0000,0x0000,0x0000,
    0x0000,0x0000,0x0000,0x42e3,0x7d06,0x7d06,0x7d06,0x7d06,0x7d06,0x7d06,0x7d06,0x7d06,
    0x7d06,0x7d06,0x7d06,0x7d06,0x5384,0x5384,0x5384,0x7d06,0x7d06,0x7d06,0x7d06,0x7d06,
    0x7d06,0x7d06,0x7d06,0x7d06,0x9e89,0x9e89,0x9e89,0x9e89,0x9e89,0x9e89,0x0000,0x7d06,
    0x7d06,0x7d06,0x7d06,0x7d06,0x7d06,0x9e89,0x9e89,0x9e89,0x9e89,0x9e89,0x9e89,0x9e89,
    0x9e89,0x9e89,0x0000,0x0000,0x0000,0x0000,0x0000,0x0000,0x0000,0x0000,0x0000,0x0000,
    0x0000,0x0000,0x0000,0x0000,0x0000,0x0000,0x0000,0x0000,0x0000,0x0000,0x7d06,0x7d06,
    0x7d06,0x7d06,0x7d06,0x7d06,0x7d06,0x7d06,0x7d06,0x7d06,0x7d06,0x7d06,0x5384,0x5384,
    0x5384,0x7d06,0x7d06,0x7d06,0x7d06,0x7d06,0x7d06,0x7d06,0x7d06,0x7d06,0x9e89,0x9e89,
    0x9e89,0x9e89,0x9e89,0x9e89,0x0000,0x0000,0x7d06,0x7d06,0x7d06,0x7d06,0x7d06,0x7d06,
    0x9e89,0x9e89,0x9e89,0x9e89,0x9e89,0x9e89,0x9e89,0x9e89,0x9e89,0x0000,0x0000,0x0000,
    0x0000,0x0000,0x0000,0x0000,0x0000,0x0000,0x0000,0x0000,0x0000,0x0000,0x0000,0x0000,
    0x0000,0x0000,0x0000,0x0000,0x9e89,0x9e89,0x9e89,0x9e89,0x9e89,0x9e89,0x7d06,0x7d06,
    0x7d06,0x7d06,0x7d06,0x7d06,0x5384,0x5384,0x5384,0x7d06,0x7d06,0x42e3,0x42e3,0x42e3,
    0x42e3,0x5384,0x5384,0x2a02,0x7d06,0x2a02,0x2a02,0x5384,0x5384,0x5384,0x0000,0x0000,
    0x0000,0x7d06,0x7d06,0x7d06,0x7d06,0x7d06,0x7d06,0x9e89,0x9e89,0x9e89,0x9e89,0x9e89,
    0x9e89,0x9e89,0x9e89,0x9e89,0x0000,0x0000,0x0000,0x0000,0x0000,0x0000,0x0000,0x0000,
    0x0000,0x0000,0x0000,0x0000,0x0000,0x0000,0x0000,0x0000,0x0000,0x0000,0x9e89,0x9e89,
    0x9e89,0x9e89,0x9e89,0x9e89,0x7d06,0x7d06,0x7d06,0x7d06,0x7d06,0x7d06,0x5384,0x5384,
    0x5384,0x2a02,0x2a02,0x7d06,0x42e3,0x42e3,0x42e3,0x42e3,0x2a02,0x2a02,0x2a02,0x7d06,
    0x5384,0x5384,0x5384,0x5384,0x9e89,0x0000,0x0000,0x0000,0x7d06,0x7d06,0x7d06,0x7d06,
    0x7d06,0x7d06,0x7d06,0x7d06,0x9e89,0x9e89,0x9e89,0x9e89,0x9e89,0x9e89,0x0000,0x0000,
    0x0000,0x0000,0x0000,0x0000,0x0000,0x0000,0x0000,0x0000,0x0000,0x0000,0x0000,0x0000,
    0x0000,0x0000,0x0000,0x0000,0x5384,0x5384,0x0000,0x42e3,0x42e3,0x42e3,0x42e3,0x42e3,
    0x42e3,0x7d06,0x7d06,0x7d06,0x7d06,0x5384,0x5384,0x2a02,0x2a02,0x2a02,0x7d06,0x42e3,
    0x42e3,0x42e3,0x42e3,0x2a02,0x2a02,0x5384,0x0000,0x9e89,0x9e89,0x9e89,0x9e89,0x9e89,
    0x0000,0x0000,0x0000,0x0000,0x0000,0x0000,0x0000,0x0000,0x0000,0x0000,0x0000,0x0000,
    0x0000,0x0000,0x0000,0x0000,0x0000,0x0000,0x0000,0x0000,0x0000,0x0000,0x0000,0x0000,
    0x0000,0x0000,0x0000,0x0000,0x0000,0x0000,0x0000,0x0000,0x0000,0x0000,0x5384,0x5384,
    0x0000,0x0000,0x7d06,0x7d06,0x7d06,0x7d06,0x42e3,0x42e3,0x42e3,0x42e3,0x42e3,0x42e3,
    0x42e3,0x42e3,0x2a02,0x2a02,0x2a02,0x7d06,0x7d06,0x7d06,0x7d06,0x7d06,0x5384,0x5384,
    0x0000,0x7d06,0x7d06,0x5384,0x5384,0x9e89,0x0000,0x0000,0x0000,0x0000,0x0000,0x0000,
    0x0000,0x0000,0x0000,0x0000,0x0000,0x0000,0x0000,0x0000,0x0000,0x0000,0x0000,0x0000,
    0x0000,0x0000,0x0000,0x0000,0x0000,0x0000,0x0000,0x0000,0x0000,0x0000,0x0000,0x0000,
    0x0000,0x0000,0x0000,0x0000,0x0000,0x0000,0x0000,0x0000,0x0000,0x0000,0x0000,0x0000,
    0x0000,0x42e3,0x42e3,0x42e3,0x42e3,0x42e3,0x42e3,0x42e3,0x42e3,0x2a02,0x2a02,0x7d06,
    0x7d06,0x5384,0x5384,0x5384,0x0000,0x0000,0x0000,0x7d06,0x7d06,0x5384,0x5384,0x5384,
    0x0000,0x0000,0x0000,0x0000,0x0000,0x0000,0x0000,0x0000,0x0000,0x0000,0x0000,0x0000,
    0x0000,0x0000,0x0000,0x0000,0x0000,0x0000,0x0000,0x0000,0x0000,0x0000,0x0000,0x0000,
    0x0000,0x0000,0x0000,0x0000,0x0000,0x0000,0x0000,0x0000,0x0000,0x0000,0x0000,0x0000,
    0x0000,0x0000,0x0000,0x0000,0x0000,0x0000,0x0000,0x0000,0x0000,0x0000,0x0000,0x7d06,
    0x7d06,0x7d06,0x7d06,0x7d06,0x7d06,0x7d06,0x7d06,0x5384,0x5384,0x5384,0x0000,0x0000,
    0x0000,0x0000,0x7d06,0x7d06,0x5384,0x5384,0x0000,0x0000,0x0000,0x0000,0x0000,0x0000,
    0x0000,0x0000,0x0000,0x0000,0x0000,0x0000,0x0000,0x0000,0x0000,0x0000,0x0000,0x0000,
    0x0000,0x0000,0x0000,0x0000,0x0000,0x0000,0x0000,0x0000,0x0000,0x0000,0x0000,0x0000,
    0x0000,0x0000,0x0000,0x0000,0x0000,0x0000,0x0000,0x0000,0x0000,0x0000,0x0000,0x0000,
    0x0000,0x0000,0x0000,0x0000,0x0000,0x7d06,0x7d06,0x7d06,0x7d06,0x7d06,0x7d06,0x7d06,
    0x7d06,0x5384,0x5384,0x5384,0x0000,0x0000,0x0000,0x0000,0x7d06,0x7d06,0x7d06,0x7d06,
    0x9e89,0x9e89,0x9e89,0x9e89,0x9e89,0x9e89,0x0000,0x0000,0x0000,0x0000,0x0000,0x0000,
    0x0000,0x0000,0x0000,0x0000,0x0000,0x0000,0x0000,0x0000,0x0000,0x0000,0x0000,0x0000,
    0x0000,0x0000,0x0000,0x0000,0x0000,0x0000,0x0000,0x0000,0x0000,0x0000,0x0000,0x0000,
    0x0000,0x0000,0x0000,0x0000,0x0000,0x0000,0x0000,0x0000,0x0000,0x0000,0x0000,0x0000,
    0x7d06,0x7d06,0x7d06,0x7d06,0x7d06,0x5384,0x5384,0x7d06,0x5384,0x5384,0x0000,0x0000,
    0x0000,0x0000,0x7d06,0x7d06,0x7d06,0x7d06,0x9e89,0x9e89,0x9e89,0x9e89,0x9e89,0x9e89,
    0x0000,0x0000,0x0000,0x0000,0x0000,0x0000,0x0000,0x0000,0x0000,0x0000,0x0000,0x0000,
    0x0000,0x0000,0x0000,0x0000,0x0000,0x0000,0x0000,0x0000,0x0000,0x0000,0x0000,0x0000,
    0x0000,0x0000,0x0000,0x0000,0x0000,0x0000,0x0000,0x0000,0x0000,0x0000,0x0000,0x0000,
    0x0000,0x0000,0x0000,0x0000,0x0000,0x0000,0x0000,0x7d06,0x7d06,0x7d06,0x7d06,0x5384,
    0x5384,0x7d06,0x5384,0x5384,0x0000,0x0000,0x0000,0x0000,0x0000,0x0000,0x0000,0x0000,
    0x0000,0x0000,0x0000,0x0000,0x5384,0x5384,0x0000,0x0000,0x0000,0x0000,0x0000,0x0000,
    0x0000,0x0000,0x0000,0x0000,0x0000,0x0000,0x0000,0x0000,0x0000,0x0000,0x0000,0x0000,
    0x0000,0x0000,0x0000,0x0000,0x0000,0x0000,0x0000,0x0000,0x0000,0x0000,0x0000,0x0000,
    0x0000,0x0000,0x0000,0x0000,0x0000,0x0000,0x0000,0x0000,0x0000,0x0000,0x0000,0x0000,
    0x0000,0x0000,0x7d06,0x7d06,0x7d06,0x7d06,0x7d06,0x7d06,0x5384,0x5384,0x0000,0x0000,
    0x0000,0x0000,0x0000,0x0000,0x0000,0x0000,0x0000,0x0000,0x0000,0x0000,0x5384,0x5384,
    0x0000,0x0000,0x0000,0x0000,0x0000,0x0000,0x0000,0x0000,0x0000,0x0000,0x0000,0x0000,
    0x0000,0x0000,0x0000,0x0000,0x0000,0x0000,0x0000,0x0000,0x0000,0x0000,0x0000,0x0000,
    0x0000,0x0000,0x0000,0x0000,0x0000,0x0000,0x0000,0x0000,0x0000,0x0000,0x0000,0x0000,
    0x0000,0x0000,0x0000,0x0000,0x0000,0x0000,0x0000,0x0000,0x0000,0x0000,0x0000,0x0000,
    0x0000,0x0000,0x5384,0x5384,0x0000,0x0000,0x0000,0x0000,0x0000,0x0000,0x0000,0x0000,
    0x0000,0x0000,0x0000,0x0000,0x0000,0x0000,0x0000,0x0000,0x0000,0x0000,0x0000,0x0000,
    0x0000,0x0000,0x0000,0x0000,0x0000,0x0000,0x0000,0x0000,0x0000,0x0000,0x0000,0x0000,
    0x0000,0x0000,0x0000,0x0000,0x0000,0x0000,0x0000,0x0000,0x0000,0x0000,0x0000,0x0000,
    0x0000,0x0000,0x0000,0x0000,0x0000,0x0000,0x0000,0x0000,0x0000,0x0000,0x0000,0x0000,
    0x0000,0x0000,0x0000,0x0000,0x0000,0x0000,0x0000,0x0000,0x5384,0x5384,0x0000,0x0000,
    0x0000,0x0000,0x0000,0x0000,0x0000,0x0000,0x0000,0x0000,0x0000,0x0000,0x0000,0x0000,
    0x0000,0x0000,0x0000,0x0000,0x0000,0x0000,0x0000,0x0000,0x0000,0x0000,0x0000,0x0000,
    0x0000,0x0000,0x0000,0x0000,0x0000,0x0000,0x0000,0x0000,0x0000,0x0000,0x0000,0x0000,
    0x0000,0x0000,0x0000,0x0000,0x0000,0x0000,0x0000,0x0000,0x0000,0x0000,0x0000,0x0000,
    0x0000,0x0000,0x0000,0x0000,0x0000,0x0000,0x0000,0x0000,0x0000,0x0000,0x0000,0x0000,
    0x0000,0x0000,0x5384,0x5384,0x0000,0x0000,0x0000,0x0000,0x0000,0x0000,0x0000,0x0000,
    0x0000,0x0000,0x0000,0x0000,0x0000,0x0000,0x0000,0x0000,0x0000,0x0000,0x0000,0x0000,
    0x0000,0x0000,0x0000,0x0000,0x0000,0x0000,0x0000,0x0000,0x0000,0x0000,0x0000,0x0000,
    0x0000,0x0000,0x0000,0x0000,0x0000,0x0000,0x0000,0x0000,0x0000,0x0000,0x0000,0x0000,
    0x0000,0x0000,0x0000,0x0000,0x0000,0x0000,0x0000,0x0000,0x0000,0x0000,0x0000,0x0000,
    0x0000,0x0000,0x0000,0x0000,0x0000,0x0000,0x0000,0x0000,0x5384,0x5384,0x0000,0x0000,
    0x0000,0x0000,0x0000,0x0000,0x0000,0x0000,0x0000,0x0000,0x0000,0x0000,0x0000,0x0000,
    0x0000,0x0000,0x0000,0x0000,0x0000,0x0000,0x0000,0x0000,0x0000,0x0000,0x0000,0x0000,
    0x0000,0x0000,0x0000,0x0000,0x0000,0x0000,0x0000,0x0000,0x0000,0x0000,0x0000,0x0000,
    0x0000,0x0000,0x0000,0x0000,0x0000,0x0000,0x0000,0x0000,0x0000,0x0000,0x0000,0x0000,
    0x0000,0x0000,0x0000,0x0000,0x0000,0x0000,0x0000,0x0000,0x0000,0x0000,0x0000,0x0000,
    0x0000,0x0000,0x7d06,0x7d06,0x9e89,0x9e89,0x0000,0x0000,0x0000,0x0000,0x0000,0x0000,
    0x0000,0x0000,0x0000,0x0000,0x0000,0x0000,0x0000,0x0000,0x0000,0x0000,0x0000,0x0000,
    0x0000,0x0000,0x0000,0x0000,0x0000,0x0000,0x0000,0x0000,0x0000,0x0000,0x0000,0x0000,
    0x0000,0x0000,0x0000,0x0000,0x0000,0x0000,0x0000,0x0000,0x0000,0x0000,0x0000,0x0000,
    0x0000,0x0000,0x0000,0x0000,0x0000,0x0000,0x0000,0x0000,0x0000,0x0000,0x0000,0x0000,
    0x0000,0x0000,0x0000,0x0000,0x0000,0x0000,0x0000,0x0000,0x7d06,0x7d06,0x9e89,0x9e89,
    0x0000,0x0000,0x0000,0x0000,0x0000,0x0000,0x0000,0x0000,0x0000,0x0000,0x0000,0x0000,
    0x0000,0x0000,0x0000,0x0000,0x0000,0x0000,0x0000,0x0000,0x0000,0x0000,0x0000,0x0000,
};
const sprite_t spr_dino_down_1 = { 66, 34, px_dino_down_1 };

static const uint16_t px_dino_down_2[2376] = {
    0x0000,0x0000,0x0000,0x0000,0x0000,0x0000,0x0000,0x0000,0x0000,0x0000,0x0000,0x0000,
    0x0000,0x0000,0x0000,0x0000,0x0000,0x0000,0x0000,0x0000,0x0000,0x0000,0x0000,0x0000,
    0x0000,0x0000,0x0000,0x0000,0x0000,0x0000,0x0000,0x0000,0x0000,0x0000,0x0000,0x0000,
    0x0000,0x0000,0x0000,0x0000,0x0000,0x0000,0x0000,0x0000,0x9e89,0x9e89,0x9e89,0x9e89,
    0x9e89,0x9e89,0x9e89,0x9e89,0x9e89,0x9e89,0x9e89,0x9e89,0x9e89,0x9e89,0x9e89,0x9e89,
    0x0000,0x0000,0x0000,0x0000,0x0000,0x0000,0x0000,0x0000,0x0000,0x0000,0x0000,0x0000,
    0x0000,0x0000,0x0000,0x0000,0x0000,0x0000,0x0000,0x0000,0x0000,0x0000,0x0000,0x0000,
    0x0000,0x0000,0x0000,0x0000,0x0000,0x0000,0x0000,0x0000,0x0000,0x0000,0x0000,0x0000,
    0x0000,0x0000,0x0000,0x0000,0x0000,0x0000,0x0000,0x0000,0x0000,0x0000,0x0000,0x0000,
    0x0000,0x0000,0x9e89,0x9e89,0x9e89,0x9e89,0x9e89,0x9e89,0x9e89,0x9e89,0x9e89,0x9e89,
    0x9e89,0x9e89,0x9e89,0x9e89,0x9e89,0x9e89,0x9e89,0x0000,0x0000,0x0000,0x0000,0x0000,
    0x0000,0x0000,0x0000,0x0000,0x9e89,0x9e89,0x9e89,0x9e89,0x9e89,0x9e89,0x8de8,0x8de8,
    0x8de8,0x8de8,0x0000,0x0000,0x0000,0x0000,0x0000,0x0000,0x0000,0x0000,0x9e89,0x9e89,
    0x9e89,0x9e89,0x9e89,0x9e89,0x9e89,0x9e89,0x9e89,0x9e89,0x9e89,0x9e89,0x9e89,0x9e89,
    0x9e89,0x9e89,0x0000,0x0000,0x0000,0x0000,0x9e89,0x9e89,0x7d06,0x7d06,0x7d06,0x7d06,
    0x7d06,0x7d06,0x7d06,0x7d06,0x7d06,0x7d06,0x7d06,0x7d06,0x7d06,0x7d06,0x7d06,0x7d06,
    0x9e89,0x9e89,0x0000,0x0000,0x0000,0x0000,0x0000,0x0000,0x0000,0x53e4,0x9e89,0x9e89,
    0x9e89,0x9e89,0x9e89,0x9e89,0x8de8,0x8de8,0x8de8,0x8de8,0x53e4,0x0000,0x0000,0x0000,
    0x0000,0x0000,0x0000,0x0000,0x9e89,0x9e89,0x9e89,0x9e89,0x9e89,0x9e89,0x9e89,0x9e89,
    0x9e89,0x9e89,0x9e89,0x9e89,0x9e89,0x9e89,0x9e89,0x9e89,0x53e4,0x0000,0x0000,0x0000,
    0x9e89,0x9e89,0x7d06,0x7d06,0x7d06,0x7d06,0x7d06,0x7d06,0x7d06,0x7d06,0x7d06,0x7d06,
    0x7d06,0x7d06,0x7d06,0x7d06,0x7d06,0x7d06,0x9e89,0x9e89,0x9e89,0x0000,0x0000,0x0000,
    0x53e4,0x53e4,0x53e4,0x53e4,0x7d06,0x7d06,0x6c86,0x6c86,0x6c86,0x6c86,0x6c86,0x6c86,
    0x6c86,0x6c86,0x8de8,0x8de8,0x8de8,0x8de8,0x8de8,0x8de8,0x8de8,0x8de8,0x7d06,0x7d06,
    0x7d06,0x7d06,0x7d06,0x7d06,0x7d06,0x7d06,0x7d06,0x7d06,0x7d06,0x7d06,0x7d06,0x7d06,
    0x7d06,0x7d06,0x9e89,0x9e89,0x9e89,0x9e89,0x7d06,0x7d06,0x5384,0x5384,0x7d06,0x7d06,
    0x7d06,0x7d06,0x7d06,0x7d06,0x7d06,0x7d06,0x7d06,0x7d06,0x7d06,0x7d06,0x7d06,0x7d06,
    0x5384,0x5384,0x9e89,0x9e89,0x0000,0x0000,0x53e4,0x53e4,0x53e4,0x42e3,0x7d06,0x7d06,
    0x6c86,0x6c86,0x6c86,0x6c86,0x6c86,0x6c86,0x6c86,0x6c86,0x8de8,0x8de8,0x8de8,0x8de8,
    0x8de8,0x8de8,0x8de8,0x8de8,0x7d06,0x9e89,0x9e89,0x9e89,0x9e89,0x9e89,0x9e89,0x9e89,
    0x9e89,0x9e89,0x9e89,0x7d06,0x7d06,0x7d06,0x7d06,0x7d06,0x9e89,0x9e89,0x9e89,0x9e89,
    0x7d06,0x7d06,0x5384,0x5384,0x5384,0x7d06,0x7d06,0x7d06,0x7d06,0x7d06,0x7d06,0x7d06,
    0x7d06,0x7d06,0x7d06,0x7d06,0x7d06,0x7d06,0x5384,0x5384,0x5384,0x9e89,0x9e89,0x0000,
    0x0000,0x53e4,0x53e4,0x42e3,0x42e3,0x42e3,0x7d06,0x7d06,0x6c86,0x6c86,0x6c86,0x6c86,
    0x6c86,0x6c86,0x6c86,0x6c86,0x7d06,0x7d06,0x7d06,0x7d06,0x7d06,0x7d06,0x7d06,0x9e89,
    0x9e89,0x9e89,0x9e89,0x9e89,0x9e89,0x9e89,0x9e89,0x9e89,0x9e89,0x9e89,0x7d06,0x7d06,
    0x7d06,0x7d06,0x7d06,0x7d06,0x7d06,0x7d06,0x7d06,0x7d06,0x7d06,0x7d06,0x9e89,0x9e89,
    0x7d06,0x7d06,0x7d06,0x7d06,0x7d06,0x7d06,0x7d06,0x7d06,0x7d06,0x7d06,0x7d06,0x7d06,
    0x5384,0x5384,0x5384,0x5384,0x9e89,0x9e89,0x0000,0x0000,0x42e3,0x42e3,0x42e3,0x42e3,
    0x7d06,0x7d06,0x6c86,0x6c86,0x6c86,0x6c86,0x6c86,0x6c86,0x6c86,0x6c86,0x7d06,0x7d06,
    0x7d06,0x7d06,0x7d06,0x9e89,0x9e89,0x7d06,0x7d06,0x7d06,0x9e89,0x9e89,0x9e89,0x9e89,
    0x9e89,0x9e89,0x9e89,0x9e89,0x9e89,0x7d06,0x7d06,0x7d06,0x7d06,0x7d06,0x7d06,0x7d06,
    0x7d06,0x7d06,0x7d06,0x7d06,0x9e89,0x9e89,0x7d06,0x7d06,0x7d06,0x7d06,0x7d06,0x7d06,
    0x7d06,0x7d06,0x7d06,0x7d06,0x7d06,0x7d06,0x5384,0x5384,0x5384,0x5384,0x5384,0x9e89,
    0x0000,0x0000,0x0000,0x53e4,0x42e3,0x42e3,0x42e3,0x42e3,0x7d06,0x7d06,0x6c86,0x6c86,
    0x6c86,0x6c86,0x7d06,0x7d06,0x7d06,0x7d06,0x7d06,0x7d06,0x7d06,0x9e89,0x9e89,0x7d06,
    0x9e89,0x9e89,0x7d06,0x7d06,0x7d06,0x7d06,0x7d06,0x7d06,0x5384,0x5384,0x9e89,0x7d06,
    0x7d06,0x7d06,0x7d06,0x7d06,0x7d06,0x7d06,0x7d06,0x7d06,0x7d06,0x7d06,0x7d06,0x7d06,
    0x7d06,0x7d06,0x7d06,0x7d06,0x7d06,0x7d06,0x7d06,0x7d06,0x7d06,0x7d06,0x7d06,0x7d06,
    0x5384,0x5384,0x5384,0x5384,0x5384,0x5384,0x0000,0x0000,0x0000,0x0000,0x42e3,0x42e3,
    0x42e3,0x42e3,0x7d06,0x7d06,0x6c86,0x6c86,0x6c86,0x6c86,0x7d06,0x7d06,0x7d06,0x7d06,
    0x7d06,0x7d06,0x7d06,0x7d06,0x7d06,0x7d06,0x9e89,0x9e89,0x7d06,0x7d06,0x7d06,0x7d06,
    0x7d06,0x7d06,0x5384,0x5384,0x5384,0x7d06,0x7d06,0x7d06,0x7d06,0x7d06,0x7d06,0x7d06,
    0x7d06,0x7d06,0x7d06,0x7d06,0x7d06,0x7d06,0x7d06,0x7d06,0x7d06,0x7d06,0x7d06,0x7d06,
    0x7d06,0x7d06,0x7d06,0x7d06,0x7d06,0x7d06,0x5384,0x5384,0x5384,0x5384,0x5384,0x5384,
    0x0000,0x0000,0x0000,0x0000,0x0000,0x0000,0x0000,0x42e3,0x42e3,0x42e3,0x7d06,0x7d06,
    0x6c86,0x6c86,0x7d06,0x7d06,0x7d06,0x7d06,0x7d06,0x7d06,0x7d06,0x7d06,0x7d06,0x7d06,
    0x7d06,0x7d06,0x7d06,0x7d06,0x7d06,0x7d06,0x7d06,0x7d06,0x5384,0x5384,0x5384,0x7d06,
    0x7d06,0x7d06,0x7d06,0x7d06,0x7d06,0x7d06,0x7d06,0x7d06,0x7d06,0x7d06,0x7d06,0x7d06,
    0x7d06,0x7d06,0x7d06,0x7d06,0x7d06,0x7d06,0x7d06,0x7d06,0x7d06,0x7d06,0x7d06,0x7d06,
    0x5384,0x5384,0x5384,0x5384,0x5384,0x5384,0x0000,0x0000,0x0000,0x0000,0x0000,0x0000,
    0x0000,0x0000,0x0000,0x0000,0x7d06,0x7d06,0x6c86,0x6c86,0x7d06,0x7d06,0x7d06,0x7d06,
    0x7d06,0x7d06,0x7d06,0x7d06,0x7d06,0x7d06,0x7d06,0x7d06,0x7d06,0x7d06,0x7d06,0x7d06,
    0x7d06,0x7d06,0x5384,0x5384,0x5384,0x7d06,0x7d06,0x7d06,0x7d06,0x7d06,0x7d06,0x7d06,
    0x7d06,0x7d06,0x7d06,0x7d06,0x7d06,0x7d06,0x7d06,0x7d06,0x7d06,0x7d06,0x7d06,0x7d06,
    0x7d06,0x7d06,0x7d06,0x7d06,0x7d06,0x7d06,0x5384,0x5384,0x5384,0x5384,0x5384,0x5384,
    0x0000,0x0000,0x0000,0x0000,0x0000,0x0000,0x0000,0x0000,0x0000,0x0000,0x0000,0x42e3,
    0x7d06,0x7d06,0x7d06,0x7d06,0x7d06,0x7d06,0x7d06,0x7d06,0x7d06,0x7d06,0x7d06,0x7d06,
    0x7d06,0x7d06,0x7d06,0x7d06,0x7d06,0x7d06,0x7d06,0x7d06,0x5384,0x5384,0x5384,0x7d06,
    0x9e89,0x9e89,0x9e89,0x9e89,0x7d06,0x42e3,0x42e3,0x7d06,0x7d06,0x7d06,0x7d06,0x7d06,
    0x7d06,0x7d06,0x7d06,0x7d06,0x5384,0x5384,0x7d06,0x7d06,0x7d06,0x7d06,0x7d06,0x7d06,
    0x7d06,0x5384,0x5384,0x5384,0x5384,0x5384,0x0000,0x0000,0x0000,0x0000,0x0000,0x0000,
    0x0000,0x0000,0x0000,0x0000,0x0000,0x0000,0x7d06,0x7d06,0x7d06,0x7d06,0x7d06,0x7d06,
    0x7d06,0x7d06,0x7d06,0x7d06,0x7d06,0x7d06,0x7d06,0x7d06,0x7d06,0x7d06,0x7d06,0x7d06,
    0x7d06,0x7d06,0x5384,0x5384,0x5384,0x7d06,0x9e89,0x9e89,0x9e89,0x9e89,0x9e89,0x2a02,
    0x2a02,0x42e3,0x7d06,0x7d06,0x7d06,0x7d06,0x7d06,0x7d06,0x7d06,0x7d06,0x5384,0x5384,
    0x7d06,0x7d06,0x7d06,0x7d06,0x7d06,0x7d06,0x7d06,0x7d06,0x5384,0x5384,0x5384,0x5384,
    0x0000,0x0000,0x0000,0x0000,0x0000,0x0000,0x0000,0x0000,0x0000,0x0000,0x0000,0x0000,
    0x0000,0x42e3,0x7d06,0x7d06,0x7d06,0x7d06,0x7d06,0x7d06,0x7d06,0x7d06,0x7d06,0x7d06,
    0x7d06,0x7d06,0x7d06,0x7d06,0x7d06,0x7d06,0x7d06,0x7d06,0x5384,0x5384,0x5384,0x7d06,
    0x7d06,0x7d06,0x5384,0x5384,0x9e89,0x2a02,0x2a02,0x2a02,0x42e3,0x7d06,0x7d06,0x7d06,
    0x7d06,0x7d06,0x7d06,0x7d06,0x7d06,0x7d06,0x9e89,0x9e89,0x9e89,0x9e89,0x9e89,0x9e89,
    0x7d06,0x7d06,0x7d06,0x5384,0x5384,0x5384,0x0000,0x0000,0x0000,0x0000,0x0000,0x0000,
    0x0000,0x0000,0x0000,0x0000,0x0000,0x0000,0x0000,0x0000,0x7d06,0x7d06,0x7d06,0x7d06,
    0x7d06,0x7d06,0x7d06,0x7d06,0x7d06,0x7d06,0x7d06,0x7d06,0x7d06,0x7d06,0x7d06,0x7d06,
    0x7d06,0x7d06,0x5384,0x5384,0x5384,0x7d06,0x7d06,0x7d06,0x5384,0x5384,0x5384,0x7d06,
    0x2a02,0x2a02,0x2a02,0x7d06,0x7d06,0x7d06,0x7d06,0x7d06,0x7d06,0x7d06,0x7d06,0x7d06,
    0x9e89,0x9e89,0x9e89,0x9e89,0x9e89,0x9e89,0x9e89,0x7d06,0x7d06,0x7d06,0x5384,0x5384,
    0x0000,0x0000,0x0000,0x0000,0x0000,0x0000,0x0000,0x0000,0x0000,0x0000,0x0000,0x0000,
    0x0000,0x0000,0x0000,0x42e3,0x7d06,0x7d06,0x7d06,0x7d06,0x7d06,0x7d06,0x7d06,0x7d06,
    0x7d06,0x7d06,0x7d06,0x7d06,0x7d06,0x7d06,0x7d06,0x7d06,0x5384,0x5384,0x5384,0x7d06,
    0x7d06,0x7d06,0x7d06,0x7d06,0x9e89,0x9e89,0x9e89,0x9e89,0x9e89,0x9e89,0x0000,0x7d06,
    0x7d06,0x7d06,0x7d06,0x7d06,0x7d06,0x9e89,0x9e89,0x9e89,0x9e89,0x9e89,0x9e89,0x9e89,
    0x9e89,0x9e89,0x0000,0x0000,0x0000,0x0000,0x0000,0x0000,0x0000,0x0000,0x0000,0x0000,
    0x0000,0x0000,0x0000,0x0000,0x0000,0x0000,0x0000,0x0000,0x0000,0x0000,0x7d06,0x7d06,
    0x7d06,0x7d06,0x7d06,0x7d06,0x7d06,0x7d06,0x7d06,0x7d06,0x7d06,0x7d06,0x7d06,0x7d06,
    0x7d06,0x7d06,0x5384,0x5384,0x5384,0x7d06,0x7d06,0x7d06,0x7d06,0x7d06,0x9e89,0x9e89,
    0x9e89,0x9e89,0x9e89,0x9e89,0x0000,0x0000,0x7d06,0x7d06,0x7d06,0x7d06,0x7d06,0x7d06,
    0x9e89,0x9e89,0x9e89,0x9e89,0x9e89,0x9e89,0x9e89,0x9e89,0x9e89,0x0000,0x0000,0x0000,
    0x0000,0x0000,0x0000,0x0000,0x0000,0x0000,0x0000,0x0000,0x0000,0x0000,0x0000,0x0000,
    0x0000,0x0000,0x0000,0x0000,0x0000,0x42e3,0x42e3,0x42e3,0x9e89,0x9e89,0x9e89,0x9e89,
    0x7d06,0x7d06,0x7d06,0x7d06,0x7d06,0x7d06,0x5384,0x5384,0x7d06,0x5384,0x5384,0x42e3,
    0x42e3,0x5384,0x5384,0x2a02,0x7d06,0x2a02,0x2a02,0x5384,0x5384,0x5384,0x0000,0x0000,
    0x0000,0x7d06,0x7d06,0x7d06,0x7d06,0x7d06,0x7d06,0x9e89,0x9e89,0x9e89,0x9e89,0x9e89,
    0x9e89,0x9e89,0x9e89,0x9e89,0x0000,0x0000,0x0000,0x0000,0x0000,0x0000,0x0000,0x0000,
    0x0000,0x0000,0x0000,0x0000,0x0000,0x0000,0x0000,0x0000,0x0000,0x0000,0x0000,0x0000,
    0x42e3,0x42e3,0x9e89,0x9e89,0x9e89,0x9e89,0x7d06,0x7d06,0x7d06,0x7d06,0x7d06,0x7d06,
    0x5384,0x5384,0x5384,0x7d06,0x42e3,0x42e3,0x42e3,0x42e3,0x2a02,0x2a02,0x2a02,0x7d06,
    0x5384,0x5384,0x5384,0x5384,0x9e89,0x0000,0x0000,0x0000,0x7d06,0x7d06,0x7d06,0x7d06,
    0x7d06,0x7d06,0x7d06,0x7d06,0x9e89,0x9e89,0x9e89,0x9e89,0x9e89,0x9e89,0x0000,0x0000,
    0x0000,0x0000,0x0000,0x0000,0x0000,0x0000,0x0000,0x0000,0x0000,0x0000,0x0000,0x0000,
    0x0000,0x0000,0x0000,0x0000,0x0000,0x0000,0x9e89,0x9e89,0x42e3,0x42e3,0x42e3,0x42e3,
    0x42e3,0x42e3,0x42e3,0x7d06,0x7d06,0x7d06,0x7d06,0x5384,0x5384,0x2a02,0x7d06,0x42e3,
    0x42e3,0x42e3,0x42e3,0x2a02,0x2a02,0x5384,0x0000,0x9e89,0x9e89,0x9e89,0x9e89,0x9e89,
    0x0000,0x0000,0x0000,0x0000,0x0000,0x0000,0x0000,0x0000,0x0000,0x0000,0x0000,0x0000,
    0x0000,0x0000,0x0000,0x0000,0x0000,0x0000,0x0000,0x0000,0x0000,0x0000,0x0000,0x0000,
    0x0000,0x0000,0x0000,0x0000,0x0000,0x0000,0x0000,0x0000,0x0000,0x0000,0x0000,0x0000,
    0x9e89,0x9e89,0x7d06,0x7d06,0x7d06,0x7d06,0x42e3,0x42e3,0x42e3,0x42e3,0x42e3,0x42e3,
    0x42e3,0x42e3,0x2a02,0x2a02,0x2a02,0x7d06,0x7d06,0x7d06,0x7d06,0x7d06,0x5384,0x5384,
    0x0000,0x7d06,0x7d06,0x5384,0x5384,0x9e89,0x0000,0x0000,0x0000,0x0000,0x0000,0x0000,
    0x0000,0x0000,0x0000,0x0000,0x0000,0x0000,0x0000,0x0000,0x0000,0x0000,0x0000,0x0000,
    0x0000,0x0000,0x0000,0x0000,0x0000,0x0000,0x0000,0x0000,0x0000,0x0000,0x0000,0x0000,
    0x0000,0x0000,0x0000,0x0000,0x0000,0x0000,0x0000,0x0000,0x0000,0x0000,0x0000,0x0000,
    0x0000,0x42e3,0x42e3,0x42e3,0x42e3,0x42e3,0x42e3,0x42e3,0x42e3,0x2a02,0x2a02,0x7d06,
    0x7d06,0x5384,0x5384,0x0000,0x0000,0x0000,0x0000,0x7d06,0x7d06,0x5384,0x5384,0x5384,
    0x0000,0x0000,0x0000,0x0000,0x0000,0x0000,0x0000,0x0000,0x0000,0x0000,0x0000,0x0000,
    0x0000,0x0000,0x0000,0x0000,0x0000,0x0000,0x0000,0x0000,0x0000,0x0000,0x0000,0x0000,
    0x0000,0x0000,0x0000,0x0000,0x0000,0x0000,0x0000,0x0000,0x0000,0x0000,0x0000,0x0000,
    0x0000,0x0000,0x0000,0x0000,0x0000,0x0000,0x0000,0x0000,0x0000,0x7d06,0x7d06,0x7d06,
    0x7d06,0x7d06,0x7d06,0x7d06,0x7d06,0x5384,0x5384,0x5384,0x0000,0x0000,0x0000,0x0000,
    0x0000,0x0000,0x7d06,0x7d06,0x5384,0x5384,0x0000,0x0000,0x0000,0x0000,0x0000,0x0000,
    0x0000,0x0000,0x0000,0x0000,0x0000,0x0000,0x0000,0x0000,0x0000,0x0000,0x0000,0x0000,
    0x0000,0x0000,0x0000,0x0000,0x0000,0x0000,0x0000,0x0000,0x0000,0x0000,0x0000,0x0000,
    0x0000,0x0000,0x0000,0x0000,0x0000,0x0000,0x0000,0x0000,0x0000,0x0000,0x0000,0x0000,
    0x0000,0x0000,0x0000,0x7d06,0x7d06,0x7d06,0x7d06,0x7d06,0x7d06,0x7d06,0x7d06,0x5384,
    0x5384,0x5384,0x0000,0x0000,0x0000,0x0000,0x0000,0x0000,0x7d06,0x7d06,0x7d06,0x7d06,
    0x9e89,0x9e89,0x9e89,0x9e89,0x9e89,0x9e89,0x0000,0x0000,0x0000,0x0000,0x0000,0x0000,
    0x0000,0x0000,0x0000,0x0000,0x0000,0x0000,0x0000,0x0000,0x0000,0x0000,0x0000,0x0000,
    0x0000,0x0000,0x0000,0x0000,0x0000,0x0000,0x0000,0x0000,0x0000,0x0000,0x0000,0x0000,
    0x0000,0x0000,0x0000,0x0000,0x0000,0x0000,0x0000,0x0000,0x0000,0x0000,0x7d06,0x7d06,
    0x7d06,0x7d06,0x7d06,0x7d06,0x7d06,0x5384,0x5384,0x5384,0x0000,0x0000,0x0000,0x0000,
    0x0000,0x0000,0x7d06,0x7d06,0x7d06,0x7d06,0x9e89,0x9e89,0x9e89,0x9e89,0x9e89,0x9e89,
    0x0000,0x0000,0x0000,0x0000,0x0000,0x0000,0x0000,0x0000,0x0000,0x0000,0x0000,0x0000,
    0x0000,0x0000,0x0000,0x0000,0x0000,0x0000,0x0000,0x0000,0x0000,0x0000,0x0000,0x0000,
    0x0000,0x0000,0x0000,0x0000,0x0000,0x0000,0x0000,0x0000,0x0000,0x0000,0x0000,0x0000,
    0x0000,0x0000,0x0000,0x0000,0x0000,0x7d06,0x7d06,0x7d06,0x7d06,0x7d06,0x7d06,0x5384,
    0x5384,0x5384,0x0000,0x0000,0x0000,0x0000,0x0000,0x0000,0x0000,0x0000,0x0000,0x0000,
    0x0000,0x0000,0x0000,0x0000,0x5384,0x5384,0x0000,0x0000,0x0000,0x0000,0x0000,0x0000,
    0x0000,0x0000,0x0000,0x0000,0x0000,0x0000,0x0000,0x0000,0x0000,0x0000,0x0000,0x0000,
    0x0000,0x0000,0x0000,0x0000,0x0000,0x0000,0x0000,0x0000,0x0000,0x0000,0x0000,0x0000,
    0x0000,0x0000,0x0000,0x0000,0x0000,0x0000,0x0000,0x0000,0x0000,0x0000,0x0000,0x0000,
    0x7d06,0x7d06,0x7d06,0x7d06,0x7d06,0x5384,0x5384,0x5384,0x0000,0x0000,0x0000,0x0000,
    0x0000,0x0000,0x0000,0x0000,0x0000,0x0000,0x0000,0x0000,0x0000,0x0000,0x5384,0x5384,
    0x0000,0x0000,0x0000,0x0000,0x0000,0x0000,0x0000,0x0000,0x0000,0x0000,0x0000,0x0000,
    0x0000,0x0000,0x0000,0x0000,0x0000,0x0000,0x0000,0x0000,0x0000,0x0000,0x0000,0x0000,
    0x0000,0x0000,0x0000,0x0000,0x0000,0x0000,0x0000,0x0000,0x0000,0x0000,0x0000,0x0000,
    0x0000,0x0000,0x0000,0x0000,0x0000,0x0000,0x0000,0x0000,0x0000,0x0000,0x7d06,0x5384,
    0x5384,0x5384,0x0000,0x0000,0x0000,0x0000,0x0000,0x0000,0x0000,0x0000,0x0000,0x0000,
    0x0000,0x0000,0x0000,0x0000,0x0000,0x0000,0x0000,0x0000,0x0000,0x0000,0x0000,0x0000,
    0x0000,0x0000,0x0000,0x0000,0x0000,0x0000,0x0000,0x0000,0x0000,0x0000,0x0000,0x0000,
    0x0000,0x0000,0x0000,0x0000,0x0000,0x0000,0x0000,0x0000,0x0000,0x0000,0x0000,0x0000,
    0x0000,0x0000,0x0000,0x0000,0x0000,0x0000,0x0000,0x0000,0x0000,0x0000,0x0000,0x0000,
    0x0000,0x0000,0x0000,0x0000,0x7d06,0x7d06,0x5384,0x5384,0x0000,0x0000,0x0000,0x0000,
    0x0000,0x0000,0x0000,0x0000,0x0000,0x0000,0x0000,0x0000,0x0000,0x0000,0x0000,0x0000,
    0x0000,0x0000,0x0000,0x0000,0x0000,0x0000,0x0000,0x0000,0x0000,0x0000,0x0000,0x0000,
    0x0000,0x0000,0x0000,0x0000,0x0000,0x0000,0x0000,0x0000,0x0000,0x0000,0x0000,0x0000,
    0x0000,0x0000,0x0000,0x0000,0x0000,0x0000,0x0000,0x0000,0x0000,0x0000,0x0000,0x0000,
    0x0000,0x0000,0x0000,0x0000,0x0000,0x0000,0x0000,0x0000,0x0000,0x0000,0x0000,0x0000,
    0x5384,0x5384,0x0000,0x0000,0x0000,0x0000,0x0000,0x0000,0x0000,0x0000,0x0000,0x0000,
    0x0000,0x0000,0x0000,0x0000,0x0000,0x0000,0x0000,0x0000,0x0000,0x0000,0x0000,0x0000,
    0x0000,0x0000,0x0000,0x0000,0x0000,0x0000,0x0000,0x0000,0x0000,0x0000,0x0000,0x0000,
    0x0000,0x0000,0x0000,0x0000,0x0000,0x0000,0x0000,0x0000,0x0000,0x0000,0x0000,0x0000,
    0x0000,0x0000,0x0000,0x0000,0x0000,0x0000,0x0000,0x0000,0x0000,0x0000,0x0000,0x0000,
    0x0000,0x0000,0x0000,0x0000,0x0000,0x0000,0x5384,0x5384,0x0000,0x0000,0x0000,0x0000,
    0x0000,0x0000,0x0000,0x0000,0x0000,0x0000,0x0000,0x0000,0x0000,0x0000,0x0000,0x0000,
    0x0000,0x0000,0x0000,0x0000,0x0000,0x0000,0x0000,0x0000,0x0000,0x0000,0x0000,0x0000,
    0x0000,0x0000,0x0000,0x0000,0x0000,0x0000,0x0000,0x0000,0x0000,0x0000,0x0000,0x0000,
    0x0000,0x0000,0x0000,0x0000,0x0000,0x0000,0x0000,0x0000,0x0000,0x0000,0x0000,0x0000,
    0x0000,0x0000,0x0000,0x0000,0x0000,0x0000,0x0000,0x0000,0x0000,0x0000,0x0000,0x0000,
    0x5384,0x5384,0x0000,0x0000,0x0000,0x0000,0x0000,0x0000,0x0000,0x0000,0x0000,0x0000,
    0x0000,0x0000,0x0000,0x0000,0x0000,0x0000,0x0000,0x0000,0x0000,0x0000,0x0000,0x0000,
    0x0000,0x0000,0x0000,0x0000,0x0000,0x0000,0x0000,0x0000,0x0000,0x0000,0x0000,0x0000,
    0x0000,0x0000,0x0000,0x0000,0x0000,0x0000,0x0000,0x0000,0x0000,0x0000,0x0000,0x0000,
    0x0000,0x0000,0x0000,0x0000,0x0000,0x0000,0x0000,0x0000,0x0000,0x0000,0x0000,0x0000,
    0x0000,0x0000,0x0000,0x0000,0x0000,0x0000,0x5384,0x5384,0x0000,0x0000,0x0000,0x0000,
    0x0000,0x0000,0x0000,0x0000,0x0000,0x0000,0x0000,0x0000,0x0000,0x0000,0x0000,0x0000,
    0x0000,0x0000,0x0000,0x0000,0x0000,0x0000,0x0000,0x0000,0x0000,0x0000,0x0000,0x0000,
    0x0000,0x0000,0x0000,0x0000,0x0000,0x0000,0x0000,0x0000,0x0000,0x0000,0x0000,0x0000,
    0x0000,0x0000,0x0000,0x0000,0x0000,0x0000,0x0000,0x0000,0x0000,0x0000,0x0000,0x0000,
    0x0000,0x0000,0x0000,0x0000,0x0000,0x0000,0x0000,0x0000,0x0000,0x0000,0x0000,0x0000,
    0x7d06,0x7d06,0x9e89,0x9e89,0x0000,0x0000,0x0000,0x0000,0x0000,0x0000,0x0000,0x0000,
    0x0000,0x0000,0x0000,0x0000,0x0000,0x0000,0x0000,0x0000,0x0000,0x0000,0x0000,0x0000,
    0x0000,0x0000,0x0000,0x0000,0x0000,0x0000,0x0000,0x0000,0x0000,0x0000,0x0000,0x0000,
    0x0000,0x0000,0x0000,0x0000,0x0000,0x0000,0x0000,0x0000,0x0000,0x0000,0x0000,0x0000,
    0x0000,0x0000,0x0000,0x0000,0x0000,0x0000,0x0000,0x0000,0x0000,0x0000,0x0000,0x0000,
    0x0000,0x0000,0x0000,0x0000,0x0000,0x0000,0x7d06,0x7d06,0x9e89,0x9e89,0x0000,0x0000,
    0x0000,0x0000,0x0000,0x0000,0x0000,0x0000,0x0000,0x0000,0x0000,0x0000,0x0000,0x0000,
    0x0000,0x0000,0x0000,0x0000,0x0000,0x0000,0x0000,0x0000,0x0000,0x0000,0x0000,0x0000,
};
const sprite_t spr_dino_down_2 = { 66, 36, px_dino_down_2 };

static const uint16_t px_dino_down_3[2376] = {
    0x0000,0x0000,0x0000,0x0000,0x0000,0x0000,0x0000,0x0000,0x0000,0x0000,0x0000,0x0000,
    0x0000,0x0000,0x0000,0x0000,0x0000,0x0000,0x0000,0x0000,0x0000,0x0000,0x0000,0x0000,
    0x0000,0x0000,0x0000,0x0000,0x0000,0x0000,0x0000,0x0000,0x0000,0x0000,0x0000,0x0000,
    0x0000,0x0000,0x0000,0x0000,0x0000,0x0000,0x0000,0x0000,0x9e89,0x9e89,0x9e89,0x9e89,
    0x9e89,0x9e89,0x9e89,0x9e89,0x9e89,0x9e89,0x9e89,0x9e89,0x9e89,0x9e89,0x9e89,0x9e89,
    0x0000,0x0000,0x0000,0x0000,0x0000,0x0000,0x0000,0x0000,0x0000,0x0000,0x0000,0x0000,
    0x0000,0x0000,0x0000,0x0000,0x0000,0x0000,0x0000,0x0000,0x0000,0x0000,0x0000,0x0000,
    0x0000,0x0000,0x0000,0x0000,0x0000,0x0000,0x0000,0x0000,0x0000,0x0000,0x0000,0x0000,
    0x0000,0x0000,0x0000,0x0000,0x0000,0x0000,0x0000,0x0000,0x0000,0x0000,0x0000,0x0000,
    0x0000,0x0000,0x9e89,0x9e89,0x9e89,0x9e89,0x9e89,0x9e89,0x9e89,0x9e89,0x9e89,0x9e89,
    0x9e89,0x9e89,0x9e89,0x9e89,0x9e89,0x9e89,0x9e89,0x0000,0x0000,0x0000,0x0000,0x0000,
    0x0000,0x0000,0x0000,0x0000,0x9e89,0x9e89,0x9e89,0x9e89,0x9e89,0x9e89,0x8de8,0x8de8,
    0x8de8,0x8de8,0x0000,0x0000,0x0000,0x0000,0x0000,0x0000,0x0000,0x0000,0x9e89,0x9e89,
    0x9e89,0x9e89,0x9e89,0x9e89,0x9e89,0x9e89,0x9e89,0x9e89,0x9e89,0x9e89,0x9e89,0x9e89,
    0x9e89,0x9e89,0x0000,0x0000,0x0000,0x0000,0x9e89,0x9e89,0x7d06,0x7d06,0x7d06,0x7d06,
    0x7d06,0x7d06,0x7d06,0x7d06,0x7d06,0x7d06,0x7d06,0x7d06,0x7d06,0x7d06,0x7d06,0x7d06,
    0x9e89,0x9e89,0x0000,0x0000,0x0000,0x0000,0x0000,0x0000,0x0000,0x53e4,0x9e89,0x9e89,
    0x9e89,0x9e89,0x9e89,0x9e89,0x8de8,0x8de8,0x8de8,0x8de8,0x53e4,0x0000,0x0000,0x0000,
    0x0000,0x0000,0x0000,0x0000,0x9e89,0x9e89,0x9e89,0x9e89,0x9e89,0x9e89,0x9e89,0x9e89,
    0x9e89,0x9e89,0x9e89,0x9e89,0x9e89,0x9e89,0x9e89,0x9e89,0x53e4,0x0000,0x0000,0x0000,
    0x9e89,0x9e89,0x7d06,0x7d06,0x7d06,0x7d06,0x7d06,0x7d06,0x7d06,0x7d06,0x7d06,0x7d06,
    0x7d06,0x7d06,0x7d06,0x7d06,0x7d06,0x7d06,0x9e89,0x9e89,0x9e89,0x0000,0x0000,0x0000,
    0x53e4,0x53e4,0x53e4,0x53e4,0x7d06,0x7d06,0x6c86,0x6c86,0x6c86,0x6c86,0x6c86,0x6c86,
    0x6c86,0x6c86,0x8de8,0x8de8,0x8de8,0x8de8,0x8de8,0x8de8,0x8de8,0x8de8,0x7d06,0x7d06,
    0x7d06,0x7d06,0x7d06,0x7d06,0x7d06,0x7d06,0x7d06,0x7d06,0x7d06,0x7d06,0x7d06,0x7d06,
    0x7d06,0x7d06,0x9e89,0x9e89,0x9e89,0x9e89,0x7d06,0x7d06,0x5384,0x5384,0x7d06,0x7d06,
    0x7d06,0x7d06,0x7d06,0x7d06,0x7d06,0x7d06,0x7d06,0x7d06,0x7d06,0x7d06,0x7d06,0x7d06,
    0x5384,0x5384,0x9e89,0x9e89,0x0000,0x0000,0x53e4,0x53e4,0x53e4,0x42e3,0x7d06,0x7d06,
    0x6c86,0x6c86,0x6c86,0x6c86,0x6c86,0x6c86,0x6c86,0x6c86,0x8de8,0x8de8,0x8de8,0x8de8,
    0x8de8,0x8de8,0x8de8,0x8de8,0x7d06,0x9e89,0x9e89,0x9e89,0x9e89,0x9e89,0x9e89,0x9e89,
    0x9e89,0x9e89,0x9e89,0x7d06,0x7d06,0x7d06,0x7d06,0x7d06,0x9e89,0x9e89,0x9e89,0x9e89,
    0x7d06,0x7d06,0x5384,0x5384,0x5384,0x7d06,0x7d06,0x7d06,0x7d06,0x7d06,0x7d06,0x7d06,
    0x7d06,0x7d06,0x7d06,0x7d06,0x7d06,0x7d06,0x5384,0x5384,0x5384,0x9e89,0x9e89,0x0000,
    0x0000,0x53e4,0x53e4,0x42e3,0x42e3,0x42e3,0x7d06,0x7d06,0x6c86,0x6c86,0x6c86,0x6c86,
    0x6c86,0x6c86,0x6c86,0x6c86,0x7d06,0x7d06,0x7d06,0x7d06,0x7d06,0x7d06,0x7d06,0x9e89,
    0x9e89,0x9e89,0x9e89,0x9e89,0x9e89,0x9e89,0x9e89,0x9e89,0x9e89,0x7d06,0x7d06,0x7d06,
    0x7d06,0x7d06,0x7d06,0x7d06,0x7d06,0x7d06,0x7d06,0x7d06,0x7d06,0x7d06,0x9e89,0x9e89,
    0x7d06,0x7d06,0x7d06,0x7d06,0x7d06,0x7d06,0x7d06,0x7d06,0x7d06,0x7d06,0x7d06,0x7d06,
    0x5384,0x5384,0x5384,0x5384,0x9e89,0x9e89,0x0000,0x0000,0x42e3,0x42e3,0x42e3,0x42e3,
    0x7d06,0x7d06,0x6c86,0x6c86,0x6c86,0x6c86,0x6c86,0x6c86,0x6c86,0x6c86,0x7d06,0x7d06,
    0x7d06,0x7d06,0x7d06,0x9e89,0x9e89,0x7d06,0x7d06,0x7d06,0x9e89,0x9e89,0x9e89,0x9e89,
    0x9e89,0x9e89,0x7d06,0x9e89,0x9e89,0x7d06,0x7d06,0x7d06,0x7d06,0x7d06,0x7d06,0x7d06,
    0x7d06,0x7d06,0x7d06,0x7d06,0x9e89,0x9e89,0x7d06,0x7d06,0x7d06,0x7d06,0x7d06,0x7d06,
    0x7d06,0x7d06,0x7d06,0x7d06,0x7d06,0x7d06,0x5384,0x5384,0x5384,0x5384,0x5384,0x9e89,
    0x0000,0x0000,0x0000,0x53e4,0x42e3,0x42e3,0x42e3,0x42e3,0x7d06,0x7d06,0x6c86,0x6c86,
    0x6c86,0x6c86,0x7d06,0x7d06,0x7d06,0x7d06,0x7d06,0x7d06,0x7d06,0x9e89,0x9e89,0x7d06,
    0x9e89,0x9e89,0x7d06,0x7d06,0x7d06,0x7d06,0x7d06,0x7d06,0x9e89,0x9e89,0x9e89,0x9e89,
    0x7d06,0x7d06,0x7d06,0x7d06,0x7d06,0x7d06,0x7d06,0x7d06,0x7d06,0x7d06,0x7d06,0x7d06,
    0x7d06,0x7d06,0x7d06,0x7d06,0x7d06,0x7d06,0x7d06,0x7d06,0x7d06,0x7d06,0x7d06,0x7d06,
    0x5384,0x5384,0x5384,0x5384,0x5384,0x5384,0x0000,0x0000,0x0000,0x0000,0x42e3,0x42e3,
    0x42e3,0x42e3,0x7d06,0x7d06,0x6c86,0x6c86,0x6c86,0x6c86,0x7d06,0x7d06,0x7d06,0x7d06,
    0x7d06,0x7d06,0x7d06,0x7d06,0x7d06,0x7d06,0x9e89,0x9e89,0x7d06,0x7d06,0x7d06,0x7d06,
    0x7d06,0x7d06,0x9e89,0x9e89,0x9e89,0x9e89,0x9e89,0x7d06,0x7d06,0x7d06,0x7d06,0x7d06,
    0x7d06,0x7d06,0x7d06,0x7d06,0x7d06,0x7d06,0x7d06,0x7d06,0x7d06,0x7d06,0x7d06,0x7d06,
    0x7d06,0x7d06,0x7d06,0x7d06,0x7d06,0x7d06,0x5384,0x5384,0x5384,0x5384,0x5384,0x5384,
    0x0000,0x0000,0x0000,0x0000,0x0000,0x0000,0x0000,0x42e3,0x42e3,0x42e3,0x7d06,0x7d06,
    0x6c86,0x6c86,0x7d06,0x7d06,0x7d06,0x7d06,0x7d06,0x7d06,0x7d06,0x7d06,0x7d06,0x7d06,
    0x7d06,0x7d06,0x7d06,0x7d06,0x7d06,0x7d06,0x7d06,0x7d06,0x7d06,0x7d06,0x5384,0x5384,
    0x9e89,0x7d06,0x9e89,0x9e89,0x9e89,0x9e89,0x7d06,0x7d06,0x7d06,0x7d06,0x7d06,0x7d06,
    0x7d06,0x7d06,0x7d06,0x7d06,0x7d06,0x7d06,0x7d06,0x7d06,0x7d06,0x7d06,0x7d06,0x7d06,
    0x5384,0x5384,0x5384,0x5384,0x5384,0x5384,0x0000,0x0000,0x0000,0x0000,0x0000,0x0000,
    0x0000,0x0000,0x0000,0x0000,0x7d06,0x7d06,0x6c86,0x6c86,0x7d06,0x7d06,0x7d06,0x7d06,
    0x7d06,0x7d06,0x7d06,0x7d06,0x7d06,0x7d06,0x7d06,0x7d06,0x7d06,0x7d06,0x7d06,0x7d06,
    0x7d06,0x7d06,0x7d06,0x7d06,0x5384,0x5384,0x5384,0x7d06,0x9e89,0x9e89,0x9e89,0x9e89,
    0x9e89,0x7d06,0x7d06,0x7d06,0x7d06,0x7d06,0x7d06,0x7d06,0x7d06,0x7d06,0x7d06,0x7d06,
    0x7d06,0x7d06,0x7d06,0x7d06,0x7d06,0x7d06,0x5384,0x5384,0x5384,0x5384,0x5384,0x5384,
    0x0000,0x0000,0x0000,0x0000,0x0000,0x0000,0x0000,0x0000,0x0000,0x0000,0x0000,0x42e3,
    0x7d06,0x7d06,0x7d06,0x7d06,0x7d06,0x7d06,0x7d06,0x7d06,0x7d06,0x7d06,0x7d06,0x7d06,
    0x7d06,0x7d06,0x7d06,0x7d06,0x7d06,0x7d06,0x7d06,0x7d06,0x7d06,0x7d06,0x5384,0x5384,
    0x5384,0x7d06,0x7d06,0x7d06,0x5384,0x5384,0x9e89,0x7d06,0x7d06,0x7d06,0x7d06,0x7d06,
    0x7d06,0x7d06,0x7d06,0x7d06,0x5384,0x5384,0x7d06,0x7d06,0x7d06,0x7d06,0x7d06,0x7d06,
    0x7d06,0x5384,0x5384,0x5384,0x5384,0x5384,0x0000,0x0000,0x0000,0x0000,0x0000,0x0000,
    0x0000,0x0000,0x0000,0x0000,0x0000,0x0000,0x7d06,0x7d06,0x7d06,0x7d06,0x7d06,0x7d06,
    0x7d06,0x7d06,0x7d06,0x7d06,0x7d06,0x7d06,0x7d06,0x7d06,0x7d06,0x7d06,0x7d06,0x7d06,
    0x7d06,0x7d06,0x7d06,0x7d06,0x5384,0x5384,0x5384,0x7d06,0x7d06,0x7d06,0x5384,0x5384,
    0x5384,0x42e3,0x7d06,0x7d06,0x7d06,0x7d06,0x7d06,0x7d06,0x7d06,0x7d06,0x5384,0x5384,
    0x7d06,0x7d06,0x7d06,0x7d06,0x7d06,0x7d06,0x7d06,0x7d06,0x5384,0x5384,0x5384,0x5384,
    0x0000,0x0000,0x0000,0x0000,0x0000,0x0000,0x0000,0x0000,0x0000,0x0000,0x0000,0x0000,
    0x0000,0x42e3,0x7d06,0x7d06,0x7d06,0x7d06,0x7d06,0x7d06,0x7d06,0x7d06,0x7d06,0x7d06,
    0x7d06,0x7d06,0x7d06,0x7d06,0x7d06,0x7d06,0x7d06,0x7d06,0x7d06,0x7d06,0x5384,0x5384,
    0x5384,0x7d06,0x7d06,0x7d06,0x7d06,0x7d06,0x9e89,0x9e89,0x9e89,0x9e89,0x9e89,0x9e89,
    0x7d06,0x7d06,0x7d06,0x7d06,0x7d06,0x7d06,0x9e89,0x9e89,0x9e89,0x9e89,0x9e89,0x9e89,
    0x7d06,0x7d06,0x7d06,0x5384,0x5384,0x5384,0x0000,0x0000,0x0000,0x0000,0x0000,0x0000,
    0x0000,0x0000,0x0000,0x0000,0x0000,0x0000,0x0000,0x0000,0x7d06,0x7d06,0x7d06,0x7d06,
    0x7d06,0x7d06,0x7d06,0x7d06,0x7d06,0x7d06,0x7d06,0x7d06,0x7d06,0x7d06,0x7d06,0x7d06,
    0x7d06,0x7d06,0x7d06,0x7d06,0x5384,0x5384,0x5384,0x7d06,0x7d06,0x7d06,0x7d06,0x7d06,
    0x9e89,0x9e89,0x9e89,0x9e89,0x9e89,0x9e89,0x7d06,0x7d06,0x7d06,0x7d06,0x7d06,0x7d06,
    0x9e89,0x9e89,0x9e89,0x9e89,0x9e89,0x9e89,0x9e89,0x7d06,0x7d06,0x7d06,0x5384,0x5384,
    0x0000,0x0000,0x0000,0x0000,0x0000,0x0000,0x0000,0x0000,0x0000,0x0000,0x0000,0x0000,
    0x0000,0x0000,0x0000,0x42e3,0x7d06,0x7d06,0x7d06,0x7d06,0x7d06,0x7d06,0x7d06,0x7d06,
    0x7d06,0x7d06,0x7d06,0x7d06,0x7d06,0x7d06,0x7d06,0x7d06,0x7d06,0x7d06,0x5384,0x5384,
    0x5384,0x5384,0x7d06,0x5384,0x5384,0x2a02,0x7d06,0x2a02,0x2a02,0x0000,0x5384,0x5384,
    0x7d06,0x7d06,0x7d06,0x7d06,0x7d06,0x9e89,0x9e89,0x9e89,0x9e89,0x9e89,0x9e89,0x9e89,
    0x9e89,0x9e89,0x0000,0x0000,0x0000,0x0000,0x0000,0x0000,0x0000,0x0000,0x0000,0x0000,
    0x0000,0x0000,0x0000,0x0000,0x0000,0x0000,0x0000,0x0000,0x0000,0x0000,0x7d06,0x7d06,
    0x7d06,0x7d06,0x7d06,0x7d06,0x7d06,0x7d06,0x7d06,0x7d06,0x7d06,0x7d06,0x7d06,0x7d06,
    0x7d06,0x7d06,0x7d06,0x7d06,0x5384,0x5384,0x5384,0x5384,0x2a02,0x7d06,0x2a02,0x2a02,
    0x2a02,0x5384,0x0000,0x0000,0x5384,0x5384,0x7d06,0x7d06,0x7d06,0x7d06,0x7d06,0x7d06,
    0x9e89,0x9e89,0x9e89,0x9e89,0x9e89,0x9e89,0x9e89,0x9e89,0x9e89,0x0000,0x0000,0x0000,
    0x0000,0x0000,0x0000,0x0000,0x0000,0x0000,0x0000,0x0000,0x0000,0x0000,0x0000,0x0000,
    0x0000,0x0000,0x0000,0x0000,0x0000,0x42e3,0x42e3,0x42e3,0x42e3,0x42e3,0x42e3,0x42e3,
    0x42e3,0x42e3,0x42e3,0x42e3,0x42e3,0x7d06,0x7d06,0x7d06,0x7d06,0x7d06,0x5384,0x5384,
    0x5384,0x2a02,0x2a02,0x2a02,0x7d06,0x2a02,0x2a02,0x5384,0x0000,0x0000,0x0000,0x0000,
    0x0000,0x7d06,0x7d06,0x7d06,0x7d06,0x7d06,0x7d06,0x9e89,0x9e89,0x9e89,0x9e89,0x9e89,
    0x9e89,0x9e89,0x9e89,0x9e89,0x0000,0x0000,0x0000,0x0000,0x0000,0x0000,0x0000,0x0000,
    0x0000,0x0000,0x0000,0x0000,0x0000,0x0000,0x0000,0x0000,0x0000,0x0000,0x0000,0x0000,
    0x42e3,0x42e3,0x42e3,0x42e3,0x42e3,0x42e3,0x42e3,0x42e3,0x42e3,0x42e3,0x42e3,0x42e3,
    0x7d06,0x7d06,0x7d06,0x7d06,0x5384,0x5384,0x5384,0x42e3,0x2a02,0x2a02,0x2a02,0x7d06,
    0x5384,0x5384,0x9e89,0x9e89,0x9e89,0x0000,0x0000,0x0000,0x7d06,0x7d06,0x7d06,0x7d06,
    0x7d06,0x7d06,0x7d06,0x7d06,0x9e89,0x9e89,0x9e89,0x9e89,0x9e89,0x9e89,0x0000,0x0000,
    0x0000,0x0000,0x0000,0x0000,0x0000,0x0000,0x0000,0x0000,0x0000,0x0000,0x0000,0x0000,
    0x0000,0x0000,0x0000,0x0000,0x0000,0x0000,0x0000,0x42e3,0x42e3,0x42e3,0x42e3,0x42e3,
    0x42e3,0x42e3,0x9e89,0x9e89,0x9e89,0x9e89,0x7d06,0x7d06,0x5384,0x5384,0x7d06,0x5384,
    0x5384,0x42e3,0x42e3,0x2a02,0x2a02,0x5384,0x0000,0x9e89,0x9e89,0x9e89,0x9e89,0x9e89,
    0x0000,0x0000,0x0000,0x0000,0x0000,0x0000,0x0000,0x0000,0x0000,0x0000,0x0000,0x0000,
    0x0000,0x0000,0x0000,0x0000,0x0000,0x0000,0x0000,0x0000,0x0000,0x0000,0x0000,0x0000,
    0x0000,0x0000,0x0000,0x0000,0x0000,0x0000,0x0000,0x0000,0x0000,0x0000,0x0000,0x0000,
    0x0000,0x0000,0x7d06,0x7d06,0x7d06,0x7d06,0x42e3,0x42e3,0x9e89,0x9e89,0x9e89,0x9e89,
    0x7d06,0x7d06,0x5384,0x5384,0x2a02,0x7d06,0x7d06,0x7d06,0x7d06,0x7d06,0x5384,0x5384,
    0x0000,0x7d06,0x7d06,0x5384,0x5384,0x9e89,0x0000,0x0000,0x0000,0x0000,0x0000,0x0000,
    0x0000,0x0000,0x0000,0x0000,0x0000,0x0000,0x0000,0x0000,0x0000,0x0000,0x0000,0x0000,
    0x0000,0x0000,0x0000,0x0000,0x0000,0x0000,0x0000,0x0000,0x0000,0x0000,0x0000,0x0000,
    0x0000,0x0000,0x0000,0x0000,0x0000,0x0000,0x0000,0x0000,0x0000,0x0000,0x0000,0x0000,
    0x0000,0x42e3,0x5384,0x5384,0x42e3,0x42e3,0x42e3,0x42e3,0x42e3,0x2a02,0x2a02,0x7d06,
    0x7d06,0x5384,0x5384,0x0000,0x0000,0x0000,0x0000,0x7d06,0x7d06,0x5384,0x5384,0x5384,
    0x0000,0x0000,0x0000,0x0000,0x0000,0x0000,0x0000,0x0000,0x0000,0x0000,0x0000,0x0000,
    0x0000,0x0000,0x0000,0x0000,0x0000,0x0000,0x0000,0x0000,0x0000,0x0000,0x0000,0x0000,
    0x0000,0x0000,0x0000,0x0000,0x0000,0x0000,0x0000,0x0000,0x0000,0x0000,0x0000,0x0000,
    0x0000,0x0000,0x0000,0x0000,0x0000,0x0000,0x0000,0x7d06,0x5384,0x5384,0x7d06,0x7d06,
    0x7d06,0x7d06,0x7d06,0x7d06,0x7d06,0x5384,0x5384,0x0000,0x0000,0x0000,0x0000,0x0000,
    0x0000,0x0000,0x7d06,0x7d06,0x5384,0x5384,0x0000,0x0000,0x0000,0x0000,0x0000,0x0000,
    0x0000,0x0000,0x0000,0x0000,0x0000,0x0000,0x0000,0x0000,0x0000,0x0000,0x0000,0x0000,
    0x0000,0x0000,0x0000,0x0000,0x0000,0x0000,0x0000,0x0000,0x0000,0x0000,0x0000,0x0000,
    0x0000,0x0000,0x0000,0x0000,0x0000,0x0000,0x0000,0x0000,0x0000,0x0000,0x0000,0x0000,
    0x0000,0x7d06,0x7d06,0x7d06,0x7d06,0x7d06,0x7d06,0x7d06,0x7d06,0x7d06,0x7d06,0x5384,
    0x5384,0x0000,0x0000,0x0000,0x0000,0x0000,0x0000,0x0000,0x7d06,0x7d06,0x7d06,0x7d06,
    0x9e89,0x9e89,0x9e89,0x9e89,0x9e89,0x9e89,0x0000,0x0000,0x0000,0x0000,0x0000,0x0000,
    0x0000,0x0000,0x0000,0x0000,0x0000,0x0000,0x0000,0x0000,0x0000,0x0000,0x0000,0x0000,
    0x0000,0x0000,0x0000,0x0000,0x0000,0x0000,0x0000,0x0000,0x0000,0x0000,0x0000,0x0000,
    0x0000,0x0000,0x0000,0x0000,0x0000,0x0000,0x0000,0x0000,0x7d06,0x7d06,0x7d06,0x7d06,
    0x7d06,0x7d06,0x7d06,0x5384,0x5384,0x5384,0x0000,0x0000,0x0000,0x0000,0x0000,0x0000,
    0x0000,0x0000,0x7d06,0x7d06,0x7d06,0x7d06,0x9e89,0x9e89,0x9e89,0x9e89,0x9e89,0x9e89,
    0x0000,0x0000,0x0000,0x0000,0x0000,0x0000,0x0000,0x0000,0x0000,0x0000,0x0000,0x0000,
    0x0000,0x0000,0x0000,0x0000,0x0000,0x0000,0x0000,0x0000,0x0000,0x0000,0x0000,0x0000,
    0x0000,0x0000,0x0000,0x0000,0x0000,0x0000,0x0000,0x0000,0x0000,0x0000,0x0000,0x0000,
    0x0000,0x0000,0x0000,0x7d06,0x7d06,0x7d06,0x7d06,0x7d06,0x7d06,0x5384,0x5384,0x5384,
    0x0000,0x0000,0x0000,0x0000,0x0000,0x0000,0x0000,0x0000,0x0000,0x0000,0x0000,0x0000,
    0x0000,0x0000,0x0000,0x0000,0x5384,0x5384,0x0000,0x0000,0x0000,0x0000,0x0000,0x0000,
    0x0000,0x0000,0x0000,0x0000,0x0000,0x0000,0x0000,0x0000,0x0000,0x0000,0x0000,0x0000,
    0x0000,0x0000,0x0000,0x0000,0x0000,0x0000,0x0000,0x0000,0x0000,0x0000,0x0000,0x0000,
    0x0000,0x0000,0x0000,0x0000,0x0000,0x0000,0x0000,0x0000,0x0000,0x0000,0x7d06,0x7d06,
    0x7d06,0x5384,0x5384,0x7d06,0x5384,0x5384,0x0000,0x0000,0x0000,0x0000,0x0000,0x0000,
    0x0000,0x0000,0x0000,0x0000,0x0000,0x0000,0x0000,0x0000,0x0000,0x0000,0x5384,0x5384,
    0x0000,0x0000,0x0000,0x0000,0x0000,0x0000,0x0000,0x0000,0x0000,0x0000,0x0000,0x0000,
    0x0000,0x0000,0x0000,0x0000,0x0000,0x0000,0x0000,0x0000,0x0000,0x0000,0x0000,0x0000,
    0x0000,0x0000,0x0000,0x0000,0x0000,0x0000,0x0000,0x0000,0x0000,0x0000,0x0000,0x0000,
    0x0000,0x0000,0x0000,0x0000,0x0000,0x0000,0x0000,0x5384,0x5384,0x7d06,0x5384,0x5384,
    0x0000,0x0000,0x0000,0x0000,0x0000,0x0000,0x0000,0x0000,0x0000,0x0000,0x0000,0x0000,
    0x0000,0x0000,0x0000,0x0000,0x0000,0x0000,0x0000,0x0000,0x0000,0x0000,0x0000,0x0000,
    0x0000,0x0000,0x0000,0x0000,0x0000,0x0000,0x0000,0x0000,0x0000,0x0000,0x0000,0x0000,
    0x0000,0x0000,0x0000,0x0000,0x0000,0x0000,0x0000,0x0000,0x0000,0x0000,0x0000,0x0000,
    0x0000,0x0000,0x0000,0x0000,0x0000,0x0000,0x0000,0x0000,0x0000,0x0000,0x0000,0x0000,
    0x0000,0x0000,0x7d06,0x7d06,0x5384,0x5384,0x0000,0x0000,0x0000,0x0000,0x0000,0x0000,
    0x0000,0x0000,0x0000,0x0000,0x0000,0x0000,0x0000,0x0000,0x0000,0x0000,0x0000,0x0000,
    0x0000,0x0000,0x0000,0x0000,0x0000,0x0000,0x0000,0x0000,0x0000,0x0000,0x0000,0x0000,
    0x0000,0x0000,0x0000,0x0000,0x0000,0x0000,0x0000,0x0000,0x0000,0x0000,0x0000,0x0000,
    0x0000,0x0000,0x0000,0x0000,0x0000,0x0000,0x0000,0x0000,0x0000,0x0000,0x0000,0x0000,
    0x0000,0x0000,0x0000,0x0000,0x0000,0x0000,0x0000,0x0000,0x5384,0x5384,0x0000,0x0000,
    0x0000,0x0000,0x0000,0x0000,0x0000,0x0000,0x0000,0x0000,0x0000,0x0000,0x0000,0x0000,
    0x0000,0x0000,0x0000,0x0000,0x0000,0x0000,0x0000,0x0000,0x0000,0x0000,0x0000,0x0000,
    0x0000,0x0000,0x0000,0x0000,0x0000,0x0000,0x0000,0x0000,0x0000,0x0000,0x0000,0x0000,
    0x0000,0x0000,0x0000,0x0000,0x0000,0x0000,0x0000,0x0000,0x0000,0x0000,0x0000,0x0000,
    0x0000,0x0000,0x0000,0x0000,0x0000,0x0000,0x0000,0x0000,0x0000,0x0000,0x0000,0x0000,
    0x0000,0x0000,0x5384,0x5384,0x0000,0x0000,0x0000,0x0000,0x0000,0x0000,0x0000,0x0000,
    0x0000,0x0000,0x0000,0x0000,0x0000,0x0000,0x0000,0x0000,0x0000,0x0000,0x0000,0x0000,
    0x0000,0x0000,0x0000,0x0000,0x0000,0x0000,0x0000,0x0000,0x0000,0x0000,0x0000,0x0000,
    0x0000,0x0000,0x0000,0x0000,0x0000,0x0000,0x0000,0x0000,0x0000,0x0000,0x0000,0x0000,
    0x0000,0x0000,0x0000,0x0000,0x0000,0x0000,0x0000,0x0000,0x0000,0x0000,0x0000,0x0000,
    0x0000,0x0000,0x0000,0x0000,0x0000,0x0000,0x0000,0x0000,0x5384,0x5384,0x0000,0x0000,
    0x0000,0x0000,0x0000,0x0000,0x0000,0x0000,0x0000,0x0000,0x0000,0x0000,0x0000,0x0000,
    0x0000,0x0000,0x0000,0x0000,0x0000,0x0000,0x0000,0x0000,0x0000,0x0000,0x0000,0x0000,
    0x0000,0x0000,0x0000,0x0000,0x0000,0x0000,0x0000,0x0000,0x0000,0x0000,0x0000,0x0000,
    0x0000,0x0000,0x0000,0x0000,0x0000,0x0000,0x0000,0x0000,0x0000,0x0000,0x0000,0x0000,
    0x0000,0x0000,0x0000,0x0000,0x0000,0x0000,0x0000,0x0000,0x0000,0x0000,0x0000,0x0000,
    0x0000,0x0000,0x5384,0x5384,0x0000,0x0000,0x0000,0x0000,0x0000,0x0000,0x0000,0x0000,
    0x0000,0x0000,0x0000,0x0000,0x0000,0x0000,0x0000,0x0000,0x0000,0x0000,0x0000,0x0000,
    0x0000,0x0000,0x0000,0x0000,0x0000,0x0000,0x0000,0x0000,0x0000,0x0000,0x0000,0x0000,
    0x0000,0x0000,0x0000,0x0000,0x0000,0x0000,0x0000,0x0000,0x0000,0x0000,0x0000,0x0000,
    0x0000,0x0000,0x0000,0x0000,0x0000,0x0000,0x0000,0x0000,0x0000,0x0000,0x0000,0x0000,
    0x0000,0x0000,0x0000,0x0000,0x0000,0x0000,0x0000,0x0000,0x7d06,0x7d06,0x9e89,0x9e89,
    0x0000,0x0000,0x0000,0x0000,0x0000,0x0000,0x0000,0x0000,0x0000,0x0000,0x0000,0x0000,
    0x0000,0x0000,0x0000,0x0000,0x0000,0x0000,0x0000,0x0000,0x0000,0x0000,0x0000,0x0000,
    0x0000,0x0000,0x0000,0x0000,0x0000,0x0000,0x0000,0x0000,0x0000,0x0000,0x0000,0x0000,
    0x0000,0x0000,0x0000,0x0000,0x0000,0x0000,0x0000,0x0000,0x0000,0x0000,0x0000,0x0000,
    0x0000,0x0000,0x0000,0x0000,0x0000,0x0000,0x0000,0x0000,0x0000,0x0000,0x0000,0x0000,
    0x0000,0x0000,0x7d06,0x7d06,0x9e89,0x9e89,0x0000,0x0000,0x0000,0x0000,0x0000,0x0000,
    0x0000,0x0000,0x0000,0x0000,0x0000,0x0000,0x0000,0x0000,0x0000,0x0000,0x0000,0x0000,
    0x0000,0x0000,0x0000,0x0000,0x0000,0x0000,0x0000,0x0000,0x0000,0x0000,0x0000,0x0000,
};
const sprite_t spr_dino_down_3 = { 66, 36, px_dino_down_3 };

static const uint16_t px_dino_down_4[2244] = {
    0x0000,0x0000,0x0000,0x0000,0x0000,0x0000,0x0000,0x0000,0x0000,0x0000,0x0000,0x0000,
    0x0000,0x0000,0x0000,0x0000,0x0000,0x0000,0x0000,0x0000,0x0000,0x0000,0x0000,0x0000,
    0x0000,0x0000,0x0000,0x0000,0x0000,0x0000,0x0000,0x0000,0x0000,0x0000,0x0000,0x0000,
    0x0000,0x0000,0x0000,0x0000,0x0000,0x0000,0x0000,0x0000,0x9e89,0x9e89,0x9e89,0x9e89,
    0x9e89,0x9e89,0x9e89,0x9e89,0x9e89,0x9e89,0x9e89,0x9e89,0x9e89,0x9e89,0x9e89,0x9e89,
    0x0000,0x0000,0x0000,0x0000,0x0000,0x0000,0x0000,0x0000,0x0000,0x0000,0x0000,0x0000,
    0x0000,0x0000,0x0000,0x0000,0x0000,0x0000,0x0000,0x0000,0x0000,0x0000,0x0000,0x0000,
    0x0000,0x0000,0x0000,0x0000,0x0000,0x0000,0x0000,0x0000,0x0000,0x0000,0x0000,0x0000,
    0x0000,0x0000,0x0000,0x0000,0x0000,0x0000,0x0000,0x0000,0x0000,0x0000,0x0000,0x0000,
    0x0000,0x0000,0x9e89,0x9e89,0x9e89,0x9e89,0x9e89,0x9e89,0x9e89,0x9e89,0x9e89,0x9e89,
    0x9e89,0x9e89,0x9e89,0x9e89,0x9e89,0x9e89,0x9e89,0x0000,0x0000,0x0000,0x0000,0x0000,
    0x0000,0x0000,0x0000,0x0000,0x9e89,0x9e89,0x9e89,0x9e89,0x9e89,0x9e89,0x8de8,0x8de8,
    0x8de8,0x8de8,0x0000,0x0000,0x0000,0x0000,0x0000,0x0000,0x0000,0x0000,0x9e89,0x9e89,
    0x9e89,0x9e89,0x9e89,0x9e89,0x9e89,0x9e89,0x9e89,0x9e89,0x9e89,0x9e89,0x9e89,0x9e89,
    0x9e89,0x9e89,0x0000,0x0000,0x0000,0x0000,0x9e89,0x9e89,0x7d06,0x7d06,0x7d06,0x7d06,
    0x7d06,0x7d06,0x7d06,0x7d06,0x7d06,0x7d06,0x7d06,0x7d06,0x7d06,0x7d06,0x7d06,0x7d06,
    0x9e89,0x9e89,0x0000,0x0000,0x0000,0x0000,0x0000,0x0000,0x0000,0x53e4,0x9e89,0x9e89,
    0x9e89,0x9e89,0x9e89,0x9e89,0x8de8,0x8de8,0x8de8,0x8de8,0x53e4,0x0000,0x0000,0x0000,
    0x0000,0x0000,0x0000,0x0000,0x9e89,0x9e89,0x9e89,0x9e89,0x9e89,0x9e89,0x9e89,0x9e89,
    0x9e89,0x9e89,0x9e89,0x9e89,0x9e89,0x9e89,0x9e89,0x9e89,0x53e4,0x0000,0x0000,0x0000,
    0x9e89,0x9e89,0x7d06,0x7d06,0x7d06,0x7d06,0x7d06,0x7d06,0x7d06,0x7d06,0x7d06,0x7d06,
    0x7d06,0x7d06,0x7d06,0x7d06,0x7d06,0x7d06,0x9e89,0x9e89,0x9e89,0x0000,0x0000,0x0000,
    0x53e4,0x53e4,0x53e4,0x53e4,0x7d06,0x7d06,0x6c86,0x6c86,0x6c86,0x6c86,0x6c86,0x6c86,
    0x6c86,0x6c86,0x8de8,0x8de8,0x8de8,0x8de8,0x8de8,0x8de8,0x8de8,0x8de8,0x7d06,0x7d06,
    0x7d06,0x7d06,0x7d06,0x7d06,0x7d06,0x7d06,0x7d06,0x7d06,0x7d06,0x7d06,0x7d06,0x7d06,
    0x7d06,0x7d06,0x9e89,0x9e89,0x9e89,0x9e89,0x7d06,0x7d06,0x5384,0x5384,0x7d06,0x7d06,
    0x7d06,0x7d06,0x7d06,0x7d06,0x7d06,0x7d06,0x7d06,0x7d06,0x7d06,0x7d06,0x7d06,0x7d06,
    0x5384,0x5384,0x9e89,0x9e89,0x0000,0x0000,0x53e4,0x53e4,0x53e4,0x42e3,0x7d06,0x7d06,
    0x6c86,0x6c86,0x6c86,0x6c86,0x6c86,0x6c86,0x6c86,0x6c86,0x8de8,0x8de8,0x8de8,0x8de8,
    0x8de8,0x8de8,0x8de8,0x8de8,0x7d06,0x7d06,0x7d06,0x7d06,0x7d06,0x7d06,0x7d06,0x7d06,
    0x7d06,0x7d06,0x7d06,0x7d06,0x7d06,0x7d06,0x7d06,0x7d06,0x9e89,0x9e89,0x9e89,0x9e89,
    0x7d06,0x7d06,0x5384,0x5384,0x5384,0x7d06,0x7d06,0x7d06,0x7d06,0x7d06,0x7d06,0x7d06,
    0x7d06,0x7d06,0x7d06,0x7d06,0x7d06,0x7d06,0x5384,0x5384,0x5384,0x9e89,0x9e89,0x0000,
    0x0000,0x53e4,0x53e4,0x42e3,0x42e3,0x42e3,0x7d06,0x7d06,0x6c86,0x6c86,0x6c86,0x6c86,
    0x6c86,0x6c86,0x6c86,0x6c86,0x7d06,0x7d06,0x7d06,0x7d06,0x7d06,0x7d06,0x7d06,0x7d06,
    0x7d06,0x7d06,0x7d06,0x7d06,0x7d06,0x7d06,0x7d06,0x7d06,0x7d06,0x7d06,0x7d06,0x7d06,
    0x7d06,0x7d06,0x7d06,0x7d06,0x7d06,0x7d06,0x7d06,0x7d06,0x7d06,0x7d06,0x9e89,0x9e89,
    0x7d06,0x7d06,0x7d06,0x7d06,0x7d06,0x7d06,0x7d06,0x7d06,0x7d06,0x7d06,0x7d06,0x7d06,
    0x5384,0x5384,0x5384,0x5384,0x9e89,0x9e89,0x0000,0x0000,0x42e3,0x42e3,0x42e3,0x42e3,
    0x7d06,0x7d06,0x6c86,0x6c86,0x6c86,0x6c86,0x6c86,0x6c86,0x6c86,0x6c86,0x7d06,0x7d06,
    0x7d06,0x7d06,0x7d06,0x7d06,0x7d06,0x9e89,0x9e89,0x9e89,0x9e89,0x9e89,0x9e89,0x9e89,
    0x9e89,0x9e89,0x9e89,0x7d06,0x7d06,0x7d06,0x7d06,0x7d06,0x7d06,0x7d06,0x7d06,0x7d06,
    0x7d06,0x7d06,0x7d06,0x7d06,0x9e89,0x9e89,0x7d06,0x7d06,0x7d06,0x7d06,0x7d06,0x7d06,
    0x7d06,0x7d06,0x7d06,0x7d06,0x7d06,0x7d06,0x5384,0x5384,0x5384,0x5384,0x5384,0x9e89,
    0x0000,0x0000,0x0000,0x53e4,0x42e3,0x42e3,0x42e3,0x42e3,0x7d06,0x7d06,0x6c86,0x6c86,
    0x6c86,0x6c86,0x7d06,0x7d06,0x7d06,0x7d06,0x7d06,0x7d06,0x7d06,0x7d06,0x7d06,0x9e89,
    0x9e89,0x9e89,0x9e89,0x9e89,0x9e89,0x9e89,0x9e89,0x9e89,0x9e89,0x7d06,0x7d06,0x7d06,
    0x7d06,0x7d06,0x7d06,0x7d06,0x7d06,0x7d06,0x7d06,0x7d06,0x7d06,0x7d06,0x7d06,0x7d06,
    0x7d06,0x7d06,0x7d06,0x7d06,0x7d06,0x7d06,0x7d06,0x7d06,0x7d06,0x7d06,0x7d06,0x7d06,
    0x5384,0x5384,0x5384,0x5384,0x5384,0x5384,0x0000,0x0000,0x0000,0x0000,0x42e3,0x42e3,
    0x42e3,0x42e3,0x7d06,0x7d06,0x6c86,0x6c86,0x6c86,0x6c86,0x7d06,0x7d06,0x7d06,0x7d06,
    0x7d06,0x7d06,0x7d06,0x9e89,0x9e89,0x7d06,0x7d06,0x7d06,0x7d06,0x7d06,0x7d06,0x7d06,
    0x7d06,0x5384,0x5384,0x7d06,0x7d06,0x7d06,0x7d06,0x7d06,0x7d06,0x7d06,0x7d06,0x7d06,
    0x7d06,0x7d06,0x7d06,0x7d06,0x7d06,0x7d06,0x7d06,0x7d06,0x7d06,0x7d06,0x7d06,0x7d06,
    0x7d06,0x7d06,0x7d06,0x7d06,0x7d06,0x7d06,0x5384,0x5384,0x5384,0x5384,0x5384,0x5384,
    0x0000,0x0000,0x0000,0x0000,0x0000,0x0000,0x0000,0x42e3,0x42e3,0x42e3,0x7d06,0x7d06,
    0x6c86,0x6c86,0x7d06,0x7d06,0x7d06,0x7d06,0x7d06,0x7d06,0x7d06,0x9e89,0x9e89,0x7d06,
    0x7d06,0x7d06,0x9e89,0x9e89,0x9e89,0x9e89,0x9e89,0x9e89,0x9e89,0x9e89,0x9e89,0x9e89,
    0x7d06,0x7d06,0x9e89,0x9e89,0x9e89,0x9e89,0x7d06,0x7d06,0x7d06,0x7d06,0x7d06,0x7d06,
    0x7d06,0x7d06,0x7d06,0x7d06,0x7d06,0x7d06,0x7d06,0x7d06,0x7d06,0x7d06,0x7d06,0x7d06,
    0x5384,0x5384,0x5384,0x5384,0x5384,0x5384,0x0000,0x0000,0x0000,0x0000,0x0000,0x0000,
    0x0000,0x0000,0x0000,0x0000,0x7d06,0x7d06,0x6c86,0x6c86,0x7d06,0x7d06,0x7d06,0x7d06,
    0x7d06,0x7d06,0x7d06,0x7d06,0x7d06,0x7d06,0x7d06,0x7d06,0x9e89,0x9e89,0x9e89,0x9e89,
    0x9e89,0x9e89,0x9e89,0x9e89,0x9e89,0x9e89,0x9e89,0x7d06,0x9e89,0x9e89,0x9e89,0x9e89,
    0x9e89,0x7d06,0x7d06,0x7d06,0x7d06,0x7d06,0x7d06,0x7d06,0x7d06,0x7d06,0x7d06,0x7d06,
    0x7d06,0x7d06,0x7d06,0x7d06,0x7d06,0x7d06,0x5384,0x5384,0x5384,0x5384,0x5384,0x5384,
    0x0000,0x0000,0x0000,0x0000,0x0000,0x0000,0x0000,0x0000,0x0000,0x0000,0x0000,0x42e3,
    0x7d06,0x7d06,0x7d06,0x7d06,0x7d06,0x7d06,0x7d06,0x7d06,0x7d06,0x7d06,0x7d06,0x7d06,
    0x7d06,0x7d06,0x7d06,0x7d06,0x7d06,0x7d06,0x7d06,0x7d06,0x7d06,0x7d06,0x5384,0x5384,
    0x9e89,0x7d06,0x7d06,0x7d06,0x5384,0x5384,0x9e89,0x7d06,0x7d06,0x7d06,0x7d06,0x7d06,
    0x7d06,0x7d06,0x7d06,0x7d06,0x5384,0x5384,0x7d06,0x7d06,0x7d06,0x7d06,0x7d06,0x7d06,
    0x7d06,0x5384,0x5384,0x5384,0x5384,0x5384,0x0000,0x0000,0x0000,0x0000,0x0000,0x0000,
    0x0000,0x0000,0x0000,0x0000,0x0000,0x0000,0x7d06,0x7d06,0x7d06,0x7d06,0x7d06,0x7d06,
    0x7d06,0x7d06,0x7d06,0x7d06,0x7d06,0x7d06,0x7d06,0x7d06,0x7d06,0x7d06,0x7d06,0x7d06,
    0x7d06,0x7d06,0x7d06,0x7d06,0x5384,0x5384,0x5384,0x7d06,0x7d06,0x7d06,0x5384,0x5384,
    0x5384,0x42e3,0x7d06,0x7d06,0x7d06,0x7d06,0x7d06,0x7d06,0x7d06,0x7d06,0x5384,0x5384,
    0x7d06,0x7d06,0x7d06,0x7d06,0x7d06,0x7d06,0x7d06,0x7d06,0x5384,0x5384,0x5384,0x5384,
    0x0000,0x0000,0x0000,0x0000,0x0000,0x0000,0x0000,0x0000,0x0000,0x0000,0x0000,0x0000,
    0x0000,0x42e3,0x7d06,0x7d06,0x7d06,0x7d06,0x7d06,0x7d06,0x7d06,0x7d06,0x7d06,0x7d06,
    0x7d06,0x7d06,0x7d06,0x7d06,0x7d06,0x7d06,0x7d06,0x7d06,0x7d06,0x7d06,0x5384,0x5384,
    0x5384,0x7d06,0x7d06,0x7d06,0x7d06,0x7d06,0x9e89,0x9e89,0x9e89,0x9e89,0x9e89,0x9e89,
    0x7d06,0x7d06,0x7d06,0x7d06,0x7d06,0x7d06,0x9e89,0x9e89,0x9e89,0x9e89,0x9e89,0x9e89,
    0x7d06,0x7d06,0x7d06,0x5384,0x5384,0x5384,0x0000,0x0000,0x0000,0x0000,0x0000,0x0000,
    0x0000,0x0000,0x0000,0x0000,0x0000,0x0000,0x0000,0x0000,0x7d06,0x7d06,0x7d06,0x7d06,
    0x7d06,0x7d06,0x7d06,0x7d06,0x7d06,0x7d06,0x7d06,0x7d06,0x7d06,0x7d06,0x7d06,0x7d06,
    0x7d06,0x7d06,0x7d06,0x7d06,0x5384,0x5384,0x5384,0x7d06,0x7d06,0x7d06,0x7d06,0x7d06,
    0x9e89,0x9e89,0x9e89,0x9e89,0x9e89,0x9e89,0x7d06,0x7d06,0x7d06,0x7d06,0x7d06,0x7d06,
    0x9e89,0x9e89,0x9e89,0x9e89,0x9e89,0x9e89,0x9e89,0x7d06,0x7d06,0x7d06,0x5384,0x5384,
    0x0000,0x0000,0x0000,0x0000,0x0000,0x0000,0x0000,0x0000,0x0000,0x0000,0x0000,0x0000,
    0x0000,0x0000,0x0000,0x42e3,0x7d06,0x7d06,0x7d06,0x7d06,0x7d06,0x7d06,0x7d06,0x7d06,
    0x7d06,0x7d06,0x7d06,0x7d06,0x7d06,0x7d06,0x7d06,0x7d06,0x7d06,0x7d06,0x5384,0x5384,
    0x5384,0x5384,0x7d06,0x5384,0x5384,0x2a02,0x7d06,0x2a02,0x2a02,0x0000,0x5384,0x5384,
    0x7d06,0x7d06,0x7d06,0x7d06,0x7d06,0x9e89,0x9e89,0x9e89,0x9e89,0x9e89,0x9e89,0x9e89,
    0x9e89,0x9e89,0x0000,0x0000,0x0000,0x0000,0x0000,0x0000,0x0000,0x0000,0x0000,0x0000,
    0x0000,0x0000,0x0000,0x0000,0x0000,0x0000,0x0000,0x0000,0x0000,0x0000,0x7d06,0x7d06,
    0x7d06,0x7d06,0x7d06,0x7d06,0x7d06,0x7d06,0x7d06,0x7d06,0x7d06,0x7d06,0x7d06,0x7d06,
    0x7d06,0x7d06,0x7d06,0x7d06,0x5384,0x5384,0x5384,0x5384,0x2a02,0x7d06,0x2a02,0x2a02,
    0x2a02,0x5384,0x0000,0x0000,0x5384,0x5384,0x7d06,0x7d06,0x7d06,0x7d06,0x7d06,0x7d06,
    0x9e89,0x9e89,0x9e89,0x9e89,0x9e89,0x9e89,0x9e89,0x9e89,0x9e89,0x0000,0x0000,0x0000,
    0x0000,0x0000,0x0000,0x0000,0x0000,0x0000,0x0000,0x0000,0x0000,0x0000,0x0000,0x0000,
    0x0000,0x0000,0x0000,0x0000,0x0000,0x42e3,0x42e3,0x42e3,0x42e3,0x42e3,0x42e3,0x42e3,
    0x42e3,0x42e3,0x7d06,0x7d06,0x7d06,0x7d06,0x7d06,0x7d06,0x7d06,0x7d06,0x5384,0x5384,
    0x5384,0x2a02,0x2a02,0x2a02,0x7d06,0x2a02,0x2a02,0x5384,0x0000,0x0000,0x0000,0x0000,
    0x0000,0x7d06,0x7d06,0x7d06,0x7d06,0x7d06,0x7d06,0x9e89,0x9e89,0x9e89,0x9e89,0x9e89,
    0x9e89,0x9e89,0x9e89,0x9e89,0x0000,0x0000,0x0000,0x0000,0x0000,0x0000,0x0000,0x0000,
    0x0000,0x0000,0x0000,0x0000,0x0000,0x0000,0x0000,0x0000,0x0000,0x0000,0x0000,0x0000,
    0x42e3,0x42e3,0x42e3,0x42e3,0x42e3,0x42e3,0x42e3,0x42e3,0x7d06,0x7d06,0x7d06,0x7d06,
    0x7d06,0x7d06,0x7d06,0x7d06,0x5384,0x5384,0x42e3,0x42e3,0x2a02,0x2a02,0x2a02,0x7d06,
    0x5384,0x5384,0x9e89,0x9e89,0x9e89,0x0000,0x0000,0x0000,0x7d06,0x7d06,0x7d06,0x7d06,
    0x7d06,0x7d06,0x7d06,0x7d06,0x9e89,0x9e89,0x9e89,0x9e89,0x9e89,0x9e89,0x0000,0x0000,
    0x0000,0x0000,0x0000,0x0000,0x0000,0x0000,0x0000,0x0000,0x0000,0x0000,0x0000,0x0000,
    0x0000,0x0000,0x0000,0x0000,0x0000,0x0000,0x0000,0x42e3,0x42e3,0x42e3,0x42e3,0x42e3,
    0x42e3,0x42e3,0x42e3,0x7d06,0x7d06,0x7d06,0x7d06,0x7d06,0x7d06,0x5384,0x5384,0x5384,
    0x42e3,0x42e3,0x42e3,0x2a02,0x2a02,0x5384,0x0000,0x9e89,0x9e89,0x9e89,0x9e89,0x9e89,
    0x0000,0x0000,0x0000,0x0000,0x0000,0x0000,0x0000,0x0000,0x0000,0x0000,0x0000,0x0000,
    0x0000,0x0000,0x0000,0x0000,0x0000,0x0000,0x0000,0x0000,0x0000,0x0000,0x0000,0x0000,
    0x0000,0x0000,0x0000,0x0000,0x0000,0x0000,0x0000,0x0000,0x0000,0x0000,0x0000,0x0000,
    0x0000,0x0000,0x7d06,0x7d06,0x7d06,0x7d06,0x42e3,0x42e3,0x42e3,0x42e3,0x42e3,0x42e3,
    0x42e3,0x42e3,0x2a02,0x2a02,0x5384,0x5384,0x7d06,0x7d06,0x7d06,0x7d06,0x5384,0x5384,
    0x0000,0x7d06,0x7d06,0x5384,0x5384,0x9e89,0x0000,0x0000,0x0000,0x0000,0x0000,0x0000,
    0x0000,0x0000,0x0000,0x0000,0x0000,0x0000,0x0000,0x0000,0x0000,0x0000,0x0000,0x0000,
    0x0000,0x0000,0x0000,0x0000,0x0000,0x0000,0x0000,0x0000,0x0000,0x0000,0x0000,0x0000,
    0x0000,0x0000,0x0000,0x0000,0x0000,0x0000,0x0000,0x0000,0x0000,0x0000,0x0000,0x0000,
    0x0000,0x42e3,0x42e3,0x42e3,0x42e3,0x42e3,0x42e3,0x42e3,0x42e3,0x2a02,0x5384,0x5384,
    0x5384,0x0000,0x0000,0x0000,0x0000,0x0000,0x0000,0x7d06,0x7d06,0x5384,0x5384,0x5384,
    0x0000,0x0000,0x0000,0x0000,0x0000,0x0000,0x0000,0x0000,0x0000,0x0000,0x0000,0x0000,
    0x0000,0x0000,0x0000,0x0000,0x0000,0x0000,0x0000,0x0000,0x0000,0x0000,0x0000,0x0000,
    0x0000,0x0000,0x0000,0x0000,0x0000,0x0000,0x0000,0x0000,0x0000,0x0000,0x0000,0x0000,
    0x0000,0x0000,0x0000,0x0000,0x0000,0x0000,0x0000,0x0000,0x7d06,0x7d06,0x7d06,0x7d06,
    0x7d06,0x7d06,0x7d06,0x5384,0x5384,0x5384,0x0000,0x0000,0x0000,0x0000,0x0000,0x0000,
    0x0000,0x0000,0x7d06,0x7d06,0x5384,0x5384,0x0000,0x0000,0x0000,0x0000,0x0000,0x0000,
    0x0000,0x0000,0x0000,0x0000,0x0000,0x0000,0x0000,0x0000,0x0000,0x0000,0x0000,0x0000,
    0x0000,0x0000,0x0000,0x0000,0x0000,0x0000,0x0000,0x0000,0x0000,0x0000,0x0000,0x0000,
    0x0000,0x0000,0x0000,0x0000,0x0000,0x0000,0x0000,0x0000,0x0000,0x0000,0x0000,0x0000,
    0x0000,0x0000,0x7d06,0x7d06,0x7d06,0x7d06,0x7d06,0x7d06,0x7d06,0x5384,0x7d06,0x7d06,
    0x9e89,0x9e89,0x0000,0x0000,0x0000,0x0000,0x0000,0x0000,0x7d06,0x7d06,0x7d06,0x7d06,
    0x9e89,0x9e89,0x9e89,0x9e89,0x9e89,0x9e89,0x0000,0x0000,0x0000,0x0000,0x0000,0x0000,
    0x0000,0x0000,0x0000,0x0000,0x0000,0x0000,0x0000,0x0000,0x0000,0x0000,0x0000,0x0000,
    0x0000,0x0000,0x0000,0x0000,0x0000,0x0000,0x0000,0x0000,0x0000,0x0000,0x0000,0x0000,
    0x0000,0x0000,0x0000,0x0000,0x0000,0x0000,0x0000,0x0000,0x7d06,0x7d06,0x7d06,0x7d06,
    0x7d06,0x7d06,0x7d06,0x5384,0x7d06,0x7d06,0x9e89,0x9e89,0x0000,0x0000,0x0000,0x0000,
    0x0000,0x0000,0x7d06,0x7d06,0x7d06,0x7d06,0x9e89,0x9e89,0x9e89,0x9e89,0x9e89,0x9e89,
    0x0000,0x0000,0x0000,0x0000,0x0000,0x0000,0x0000,0x0000,0x0000,0x0000,0x0000,0x0000,
    0x0000,0x0000,0x0000,0x0000,0x0000,0x0000,0x0000,0x0000,0x0000,0x0000,0x0000,0x0000,
    0x0000,0x0000,0x0000,0x0000,0x0000,0x0000,0x0000,0x0000,0x0000,0x0000,0x0000,0x0000,
    0x0000,0x0000,0x0000,0x7d06,0x7d06,0x7d06,0x7d06,0x7d06,0x7d06,0x5384,0x5384,0x5384,
    0x0000,0x0000,0x0000,0x0000,0x0000,0x0000,0x0000,0x0000,0x0000,0x0000,0x0000,0x0000,
    0x0000,0x0000,0x0000,0x0000,0x5384,0x5384,0x0000,0x0000,0x0000,0x0000,0x0000,0x0000,
    0x0000,0x0000,0x0000,0x0000,0x0000,0x0000,0x0000,0x0000,0x0000,0x0000,0x0000,0x0000,
    0x0000,0x0000,0x0000,0x0000,0x0000,0x0000,0x0000,0x0000,0x0000,0x0000,0x0000,0x0000,
    0x0000,0x0000,0x0000,0x0000,0x0000,0x0000,0x0000,0x0000,0x0000,0x0000,0x7d06,0x7d06,
    0x7d06,0x7d06,0x7d06,0x7d06,0x5384,0x5384,0x0000,0x0000,0x0000,0x0000,0x0000,0x0000,
    0x0000,0x0000,0x0000,0x0000,0x0000,0x0000,0x0000,0x0000,0x0000,0x0000,0x5384,0x5384,
    0x0000,0x0000,0x0000,0x0000,0x0000,0x0000,0x0000,0x0000,0x0000,0x0000,0x0000,0x0000,
    0x0000,0x0000,0x0000,0x0000,0x0000,0x0000,0x0000,0x0000,0x0000,0x0000,0x0000,0x0000,
    0x0000,0x0000,0x0000,0x0000,0x0000,0x0000,0x0000,0x0000,0x0000,0x0000,0x0000,0x0000,
    0x0000,0x0000,0x0000,0x0000,0x0000,0x0000,0x0000,0x0000,0x7d06,0x7d06,0x5384,0x5384,
    0x0000,0x0000,0x0000,0x0000,0x0000,0x0000,0x0000,0x0000,0x0000,0x0000,0x0000,0x0000,
    0x0000,0x0000,0x0000,0x0000,0x0000,0x0000,0x0000,0x0000,0x0000,0x0000,0x0000,0x0000,
    0x0000,0x0000,0x0000,0x0000,0x0000,0x0000,0x0000,0x0000,0x0000,0x0000,0x0000,0x0000,
    0x0000,0x0000,0x0000,0x0000,0x0000,0x0000,0x0000,0x0000,0x0000,0x0000,0x0000,0x0000,
    0x0000,0x0000,0x0000,0x0000,0x0000,0x0000,0x0000,0x0000,0x0000,0x0000,0x0000,0x0000,
    0x0000,0x0000,0x7d06,0x7d06,0x5384,0x5384,0x0000,0x0000,0x0000,0x0000,0x0000,0x0000,
    0x0000,0x0000,0x0000,0x0000,0x0000,0x0000,0x0000,0x0000,0x0000,0x0000,0x0000,0x0000,
    0x0000,0x0000,0x0000,0x0000,0x0000,0x0000,0x0000,0x0000,0x0000,0x0000,0x0000,0x0000,
    0x0000,0x0000,0x0000,0x0000,0x0000,0x0000,0x0000,0x0000,0x0000,0x0000,0x0000,0x0000,
    0x0000,0x0000,0x0000,0x0000,0x0000,0x0000,0x0000,0x0000,0x0000,0x0000,0x0000,0x0000,
    0x0000,0x0000,0x9e89,0x9e89,0x9e89,0x9e89,0x9e89,0x9e89,0x5384,0x5384,0x0000,0x0000,
    0x0000,0x0000,0x0000,0x0000,0x0000,0x0000,0x0000,0x0000,0x0000,0x0000,0x0000,0x0000,
    0x0000,0x0000,0x0000,0x0000,0x0000,0x0000,0x0000,0x0000,0x0000,0x0000,0x0000,0x0000,
    0x0000,0x0000,0x0000,0x0000,0x0000,0x0000,0x0000,0x0000,0x0000,0x0000,0x0000,0x0000,
    0x0000,0x0000,0x0000,0x0000,0x0000,0x0000,0x0000,0x0000,0x0000,0x0000,0x0000,0x0000,
    0x0000,0x0000,0x0000,0x0000,0x0000,0x0000,0x0000,0x0000,0x9e89,0x9e89,0x9e89,0x9e89,
    0x9e89,0x9e89,0x5384,0x5384,0x0000,0x0000,0x0000,0x0000,0x0000,0x0000,0x0000,0x0000,
    0x0000,0x0000,0x0000,0x0000,0x0000,0x0000,0x0000,0x0000,0x0000,0x0000,0x0000,0x0000,
    0x0000,0x0000,0x0000,0x0000,0x0000,0x0000,0x0000,0x0000,0x0000,0x0000,0x0000,0x0000,
    0x0000,0x0000,0x0000,0x0000,0x0000,0x0000,0x0000,0x0000,0x0000,0x0000,0x0000,0x0000,
    0x0000,0x0000,0x0000,0x0000,0x0000,0x0000,0x0000,0x0000,0x0000,0x0000,0x0000,0x0000,
    0x0000,0x0000,0x5384,0x5384,0x0000,0x0000,0x0000,0x0000,0x0000,0x0000,0x0000,0x0000,
    0x0000,0x0000,0x0000,0x0000,0x0000,0x0000,0x0000,0x0000,0x0000,0x0000,0x0000,0x0000,
    0x0000,0x0000,0x0000,0x0000,0x0000,0x0000,0x0000,0x0000,0x0000,0x0000,0x0000,0x0000,
    0x0000,0x0000,0x0000,0x0000,0x0000,0x0000,0x0000,0x0000,0x0000,0x0000,0x0000,0x0000,
    0x0000,0x0000,0x0000,0x0000,0x0000,0x0000,0x0000,0x0000,0x0000,0x0000,0x0000,0x0000,
    0x0000,0x0000,0x0000,0x0000,0x0000,0x0000,0x0000,0x0000,0x5384,0x5384,0x0000,0x0000,
    0x0000,0x0000,0x0000,0x0000,0x0000,0x0000,0x0000,0x0000,0x0000,0x0000,0x0000,0x0000,
    0x0000,0x0000,0x0000,0x0000,0x0000,0x0000,0x0000,0x0000,0x0000,0x0000,0x0000,0x0000,
    0x0000,0x0000,0x0000,0x0000,0x0000,0x0000,0x0000,0x0000,0x0000,0x0000,0x0000,0x0000,
};
const sprite_t spr_dino_down_4 = { 66, 34, px_dino_down_4 };

static const uint16_t px_dino_down_5[1980] = {
    0x0000,0x0000,0x0000,0x0000,0x0000,0x0000,0x0000,0x0000,0x0000,0x0000,0x0000,0x0000,
    0x0000,0x0000,0x0000,0x0000,0x0000,0x0000,0x0000,0x0000,0x0000,0x0000,0x0000,0x0000,
    0x0000,0x0000,0x0000,0x0000,0x0000,0x0000,0x0000,0x0000,0x0000,0x0000,0x0000,0x0000,
    0x0000,0x0000,0x0000,0x0000,0x0000,0x0000,0x0000,0x0000,0x9e89,0x9e89,0x9e89,0x9e89,
    0x9e89,0x9e89,0x9e89,0x9e89,0x9e89,0x9e89,0x9e89,0x9e89,0x9e89,0x9e89,0x9e89,0x9e89,
    0x0000,0x0000,0x0000,0x0000,0x0000,0x0000,0x0000,0x0000,0x0000,0x0000,0x0000,0x0000,
    0x0000,0x0000,0x0000,0x0000,0x0000,0x0000,0x0000,0x0000,0x0000,0x0000,0x0000,0x0000,
    0x0000,0x0000,0x0000,0x0000,0x0000,0x0000,0x0000,0x0000,0x0000,0x0000,0x0000,0x0000,
    0x0000,0x0000,0x0000,0x0000,0x0000,0x0000,0x0000,0x0000,0x0000,0x0000,0x0000,0x0000,
    0x0000,0x0000,0x9e89,0x9e89,0x9e89,0x9e89,0x9e89,0x9e89,0x9e89,0x9e89,0x9e89,0x9e89,
    0x9e89,0x9e89,0x9e89,0x9e89,0x9e89,0x9e89,0x9e89,0x0000,0x0000,0x0000,0x0000,0x0000,
    0x0000,0x0000,0x0000,0x0000,0x9e89,0x9e89,0x9e89,0x9e89,0x9e89,0x9e89,0x8de8,0x8de8,
    0x8de8,0x8de8,0x0000,0x0000,0x0000,0x0000,0x0000,0x0000,0x0000,0x0000,0x9e89,0x9e89,
    0x9e89,0x9e89,0x9e89,0x9e89,0x9e89,0x9e89,0x9e89,0x9e89,0x9e89,0x9e89,0x9e89,0x9e89,
    0x9e89,0x9e89,0x0000,0x0000,0x0000,0x0000,0x9e89,0x9e89,0x7d06,0x7d06,0x7d06,0x7d06,
    0x7d06,0x7d06,0x7d06,0x7d06,0x7d06,0x7d06,0x7d06,0x7d06,0x7d06,0x7d06,0x7d06,0x7d06,
    0x9e89,0x9e89,0x0000,0x0000,0x0000,0x0000,0x0000,0x0000,0x0000,0x53e4,0x9e89,0x9e89,
    0x9e89,0x9e89,0x9e89,0x9e89,0x8de8,0x8de8,0x8de8,0x8de8,0x53e4,0x0000,0x0000,0x0000,
    0x0000,0x0000,0x0000,0x0000,0x9e89,0x9e89,0x9e89,0x9e89,0x9e89,0x9e89,0x9e89,0x9e89,
    0x9e89,0x9e89,0x9e89,0x9e89,0x9e89,0x9e89,0x9e89,0x9e89,0x53e4,0x0000,0x0000,0x0000,
    0x9e89,0x9e89,0x7d06,0x7d06,0x7d06,0x7d06,0x7d06,0x7d06,0x7d06,0x7d06,0x7d06,0x7d06,
    0x7d06,0x7d06,0x7d06,0x7d06,0x7d06,0x7d06,0x9e89,0x9e89,0x9e89,0x0000,0x0000,0x0000,
    0x53e4,0x53e4,0x53e4,0x53e4,0x7d06,0x7d06,0x6c86,0x6c86,0x6c86,0x6c86,0x6c86,0x6c86,
    0x6c86,0x6c86,0x8de8,0x8de8,0x8de8,0x8de8,0x8de8,0x8de8,0x8de8,0x8de8,0x7d06,0x7d06,
    0x7d06,0x7d06,0x7d06,0x7d06,0x7d06,0x7d06,0x7d06,0x7d06,0x7d06,0x7d06,0x7d06,0x7d06,
    0x7d06,0x7d06,0x9e89,0x9e89,0x9e89,0x9e89,0x7d06,0x7d06,0x5384,0x5384,0x7d06,0x7d06,
    0x7d06,0x7d06,0x7d06,0x7d06,0x7d06,0x7d06,0x7d06,0x7d06,0x7d06,0x7d06,0x7d06,0x7d06,
    0x5384,0x5384,0x9e89,0x9e89,0x0000,0x0000,0x53e4,0x53e4,0x53e4,0x42e3,0x7d06,0x7d06,
    0x6c86,0x6c86,0x6c86,0x6c86,0x6c86,0x6c86,0x6c86,0x6c86,0x8de8,0x8de8,0x8de8,0x8de8,
    0x8de8,0x8de8,0x8de8,0x8de8,0x7d06,0x7d06,0x7d06,0x7d06,0x7d06,0x7d06,0x7d06,0x7d06,
    0x7d06,0x7d06,0x7d06,0x7d06,0x7d06,0x7d06,0x7d06,0x7d06,0x9e89,0x9e89,0x9e89,0x9e89,
    0x7d06,0x7d06,0x5384,0x5384,0x5384,0x7d06,0x7d06,0x7d06,0x7d06,0x7d06,0x7d06,0x7d06,
    0x7d06,0x7d06,0x7d06,0x7d06,0x7d06,0x7d06,0x5384,0x5384,0x5384,0x9e89,0x9e89,0x0000,
    0x0000,0x53e4,0x53e4,0x42e3,0x42e3,0x42e3,0x7d06,0x7d06,0x6c86,0x6c86,0x6c86,0x6c86,
    0x6c86,0x6c86,0x6c86,0x6c86,0x7d06,0x7d06,0x7d06,0x7d06,0x7d06,0x7d06,0x7d06,0x7d06,
    0x7d06,0x7d06,0x7d06,0x7d06,0x7d06,0x7d06,0x7d06,0x7d06,0x7d06,0x7d06,0x7d06,0x7d06,
    0x7d06,0x7d06,0x7d06,0x7d06,0x7d06,0x7d06,0x7d06,0x7d06,0x7d06,0x7d06,0x9e89,0x9e89,
    0x7d06,0x7d06,0x7d06,0x7d06,0x7d06,0x7d06,0x7d06,0x7d06,0x7d06,0x7d06,0x7d06,0x7d06,
    0x5384,0x5384,0x5384,0x5384,0x9e89,0x9e89,0x0000,0x0000,0x42e3,0x42e3,0x42e3,0x42e3,
    0x7d06,0x7d06,0x6c86,0x6c86,0x6c86,0x6c86,0x6c86,0x6c86,0x6c86,0x6c86,0x7d06,0x7d06,
    0x7d06,0x7d06,0x7d06,0x9e89,0x9e89,0x9e89,0x9e89,0x9e89,0x9e89,0x9e89,0x9e89,0x9e89,
    0x9e89,0x9e89,0x9e89,0x7d06,0x7d06,0x7d06,0x7d06,0x7d06,0x7d06,0x7d06,0x7d06,0x7d06,
    0x7d06,0x7d06,0x7d06,0x7d06,0x9e89,0x9e89,0x7d06,0x7d06,0x7d06,0x7d06,0x7d06,0x7d06,
    0x7d06,0x7d06,0x7d06,0x7d06,0x7d06,0x7d06,0x5384,0x5384,0x5384,0x5384,0x5384,0x9e89,
    0x0000,0x0000,0x0000,0x53e4,0x42e3,0x42e3,0x42e3,0x42e3,0x7d06,0x7d06,0x6c86,0x6c86,
    0x6c86,0x6c86,0x7d06,0x7d06,0x7d06,0x7d06,0x7d06,0x7d06,0x7d06,0x9e89,0x9e89,0x9e89,
    0x9e89,0x9e89,0x9e89,0x9e89,0x9e89,0x9e89,0x9e89,0x9e89,0x9e89,0x7d06,0x7d06,0x7d06,
    0x7d06,0x7d06,0x7d06,0x7d06,0x7d06,0x7d06,0x7d06,0x7d06,0x7d06,0x7d06,0x7d06,0x7d06,
    0x7d06,0x7d06,0x7d06,0x7d06,0x7d06,0x7d06,0x7d06,0x7d06,0x7d06,0x7d06,0x7d06,0x7d06,
    0x5384,0x5384,0x5384,0x5384,0x5384,0x5384,0x0000,0x0000,0x0000,0x0000,0x42e3,0x42e3,
    0x42e3,0x42e3,0x7d06,0x7d06,0x6c86,0x6c86,0x6c86,0x6c86,0x7d06,0x7d06,0x7d06,0x7d06,
    0x7d06,0x7d06,0x7d06,0x7d06,0x9e89,0x9e89,0x9e89,0x9e89,0x9e89,0x9e89,0x9e89,0x9e89,
    0x7d06,0x5384,0x5384,0x7d06,0x7d06,0x7d06,0x7d06,0x7d06,0x7d06,0x7d06,0x7d06,0x7d06,
    0x7d06,0x7d06,0x7d06,0x7d06,0x7d06,0x7d06,0x7d06,0x7d06,0x7d06,0x7d06,0x7d06,0x7d06,
    0x7d06,0x7d06,0x7d06,0x7d06,0x7d06,0x7d06,0x5384,0x5384,0x5384,0x5384,0x5384,0x5384,
    0x0000,0x0000,0x0000,0x0000,0x0000,0x0000,0x0000,0x42e3,0x42e3,0x42e3,0x7d06,0x7d06,
    0x6c86,0x6c86,0x7d06,0x7d06,0x7d06,0x7d06,0x7d06,0x7d06,0x7d06,0x7d06,0x7d06,0x7d06,
    0x7d06,0x7d06,0x7d06,0x7d06,0x7d06,0x7d06,0x9e89,0x9e89,0x5384,0x7d06,0x7d06,0x7d06,
    0x7d06,0x7d06,0x7d06,0x7d06,0x7d06,0x7d06,0x7d06,0x7d06,0x7d06,0x7d06,0x7d06,0x7d06,
    0x7d06,0x7d06,0x7d06,0x7d06,0x7d06,0x7d06,0x7d06,0x7d06,0x7d06,0x7d06,0x7d06,0x7d06,
    0x5384,0x5384,0x5384,0x5384,0x5384,0x5384,0x0000,0x0000,0x0000,0x0000,0x0000,0x0000,
    0x0000,0x0000,0x0000,0x0000,0x7d06,0x7d06,0x6c86,0x6c86,0x7d06,0x7d06,0x7d06,0x7d06,
    0x7d06,0x7d06,0x7d06,0x7d06,0x7d06,0x7d06,0x7d06,0x7d06,0x7d06,0x7d06,0x7d06,0x7d06,
    0x9e89,0x9e89,0x5384,0x7d06,0x7d06,0x7d06,0x7d06,0x7d06,0x7d06,0x7d06,0x7d06,0x7d06,
    0x7d06,0x7d06,0x7d06,0x7d06,0x7d06,0x7d06,0x7d06,0x7d06,0x7d06,0x7d06,0x7d06,0x7d06,
    0x7d06,0x7d06,0x7d06,0x7d06,0x7d06,0x7d06,0x5384,0x5384,0x5384,0x5384,0x5384,0x5384,
    0x0000,0x0000,0x0000,0x0000,0x0000,0x0000,0x0000,0x0000,0x0000,0x0000,0x0000,0x42e3,
    0x7d06,0x7d06,0x7d06,0x7d06,0x7d06,0x7d06,0x7d06,0x7d06,0x7d06,0x7d06,0x7d06,0x7d06,
    0x7d06,0x7d06,0x7d06,0x7d06,0x7d06,0x7d06,0x5384,0x5384,0x5384,0x7d06,0x7d06,0x7d06,
    0x9e89,0x9e89,0x9e89,0x9e89,0x7d06,0x42e3,0x42e3,0x7d06,0x7d06,0x7d06,0x7d06,0x7d06,
    0x7d06,0x7d06,0x7d06,0x7d06,0x5384,0x5384,0x7d06,0x7d06,0x7d06,0x7d06,0x7d06,0x7d06,
    0x7d06,0x5384,0x5384,0x5384,0x5384,0x5384,0x0000,0x0000,0x0000,0x0000,0x0000,0x0000,
    0x0000,0x0000,0x0000,0x0000,0x0000,0x0000,0x7d06,0x7d06,0x7d06,0x7d06,0x7d06,0x7d06,
    0x7d06,0x7d06,0x7d06,0x7d06,0x7d06,0x7d06,0x7d06,0x7d06,0x7d06,0x7d06,0x7d06,0x7d06,
    0x5384,0x5384,0x5384,0x7d06,0x7d06,0x7d06,0x9e89,0x9e89,0x9e89,0x9e89,0x9e89,0x2a02,
    0x2a02,0x42e3,0x7d06,0x7d06,0x7d06,0x7d06,0x7d06,0x7d06,0x7d06,0x7d06,0x5384,0x5384,
    0x7d06,0x7d06,0x7d06,0x7d06,0x7d06,0x7d06,0x7d06,0x7d06,0x5384,0x5384,0x5384,0x5384,
    0x0000,0x0000,0x0000,0x0000,0x0000,0x0000,0x0000,0x0000,0x0000,0x0000,0x0000,0x0000,
    0x0000,0x42e3,0x7d06,0x7d06,0x7d06,0x7d06,0x7d06,0x7d06,0x7d06,0x7d06,0x7d06,0x7d06,
    0x7d06,0x7d06,0x7d06,0x7d06,0x7d06,0x7d06,0x5384,0x5384,0x5384,0x7d06,0x7d06,0x7d06,
    0x7d06,0x7d06,0x5384,0x5384,0x9e89,0x2a02,0x2a02,0x2a02,0x42e3,0x7d06,0x7d06,0x7d06,
    0x7d06,0x7d06,0x7d06,0x7d06,0x7d06,0x7d06,0x9e89,0x9e89,0x9e89,0x9e89,0x9e89,0x9e89,
    0x7d06,0x7d06,0x7d06,0x5384,0x5384,0x5384,0x0000,0x0000,0x0000,0x0000,0x0000,0x0000,
    0x0000,0x0000,0x0000,0x0000,0x0000,0x0000,0x0000,0x0000,0x7d06,0x7d06,0x7d06,0x7d06,
    0x7d06,0x7d06,0x7d06,0x7d06,0x7d06,0x7d06,0x7d06,0x7d06,0x7d06,0x7d06,0x7d06,0x7d06,
    0x5384,0x5384,0x5384,0x7d06,0x7d06,0x7d06,0x7d06,0x7d06,0x5384,0x5384,0x5384,0x7d06,
    0x2a02,0x2a02,0x2a02,0x7d06,0x7d06,0x7d06,0x7d06,0x7d06,0x7d06,0x7d06,0x7d06,0x7d06,
    0x9e89,0x9e89,0x9e89,0x9e89,0x9e89,0x9e89,0x9e89,0x7d06,0x7d06,0x7d06,0x5384,0x5384,
    0x0000,0x0000,0x0000,0x0000,0x0000,0x0000,0x0000,0x0000,0x0000,0x0000,0x0000,0x0000,
    0x0000,0x0000,0x0000,0x42e3,0x7d06,0x7d06,0x7d06,0x7d06,0x7d06,0x7d06,0x7d06,0x7d06,
    0x7d06,0x7d06,0x7d06,0x7d06,0x7d06,0x7d06,0x5384,0x5384,0x5384,0x7d06,0x7d06,0x7d06,
    0x7d06,0x7d06,0x7d06,0x7d06,0x9e89,0x9e89,0x9e89,0x9e89,0x9e89,0x9e89,0x0000,0x7d06,
    0x7d06,0x7d06,0x7d06,0x7d06,0x7d06,0x9e89,0x9e89,0x9e89,0x9e89,0x9e89,0x9e89,0x9e89,
    0x9e89,0x9e89,0x0000,0x0000,0x0000,0x0000,0x0000,0x0000,0x0000,0x0000,0x0000,0x0000,
    0x0000,0x0000,0x0000,0x0000,0x0000,0x0000,0x0000,0x0000,0x0000,0x0000,0x7d06,0x7d06,
    0x7d06,0x7d06,0x7d06,0x7d06,0x7d06,0x7d06,0x7d06,0x7d06,0x7d06,0x7d06,0x7d06,0x7d06,
    0x5384,0x5384,0x5384,0x7d06,0x7d06,0x7d06,0x7d06,0x7d06,0x7d06,0x7d06,0x9e89,0x9e89,
    0x9e89,0x9e89,0x9e89,0x9e89,0x0000,0x0000,0x7d06,0x7d06,0x7d06,0x7d06,0x7d06,0x7d06,
    0x9e89,0x9e89,0x9e89,0x9e89,0x9e89,0x9e89,0x9e89,0x9e89,0x9e89,0x0000,0x0000,0x0000,
    0x0000,0x0000,0x0000,0x0000,0x0000,0x0000,0x0000,0x0000,0x0000,0x0000,0x0000,0x0000,
    0x0000,0x0000,0x0000,0x0000,0x0000,0x42e3,0x42e3,0x42e3,0x42e3,0x42e3,0x42e3,0x7d06,
    0x7d06,0x7d06,0x7d06,0x7d06,0x7d06,0x7d06,0x5384,0x5384,0x5384,0x42e3,0x42e3,0x42e3,
    0x42e3,0x5384,0x5384,0x2a02,0x7d06,0x2a02,0x2a02,0x5384,0x5384,0x5384,0x0000,0x0000,
    0x0000,0x7d06,0x7d06,0x7d06,0x7d06,0x7d06,0x7d06,0x9e89,0x9e89,0x9e89,0x9e89,0x9e89,
    0x9e89,0x9e89,0x9e89,0x9e89,0x0000,0x0000,0x0000,0x0000,0x0000,0x0000,0x0000,0x0000,
    0x0000,0x0000,0x0000,0x0000,0x0000,0x0000,0x0000,0x0000,0x0000,0x0000,0x0000,0x0000,
    0x42e3,0x42e3,0x42e3,0x42e3,0x42e3,0x42e3,0x7d06,0x7d06,0x7d06,0x7d06,0x7d06,0x7d06,
    0x5384,0x5384,0x2a02,0x7d06,0x42e3,0x42e3,0x42e3,0x42e3,0x2a02,0x2a02,0x2a02,0x7d06,
    0x5384,0x5384,0x5384,0x5384,0x9e89,0x0000,0x0000,0x0000,0x7d06,0x7d06,0x7d06,0x7d06,
    0x7d06,0x7d06,0x7d06,0x7d06,0x9e89,0x9e89,0x9e89,0x9e89,0x9e89,0x9e89,0x0000,0x0000,
    0x0000,0x0000,0x0000,0x0000,0x0000,0x0000,0x0000,0x0000,0x0000,0x0000,0x0000,0x0000,
    0x0000,0x0000,0x0000,0x0000,0x0000,0x0000,0x0000,0x42e3,0x42e3,0x42e3,0x42e3,0x42e3,
    0x42e3,0x7d06,0x7d06,0x7d06,0x7d06,0x5384,0x5384,0x5384,0x2a02,0x2a02,0x7d06,0x42e3,
    0x42e3,0x42e3,0x42e3,0x2a02,0x2a02,0x5384,0x0000,0x9e89,0x9e89,0x9e89,0x9e89,0x9e89,
    0x0000,0x0000,0x0000,0x0000,0x0000,0x0000,0x0000,0x0000,0x0000,0x0000,0x0000,0x0000,
    0x0000,0x0000,0x0000,0x0000,0x0000,0x0000,0x0000,0x0000,0x0000,0x0000,0x0000,0x0000,
    0x0000,0x0000,0x0000,0x0000,0x0000,0x0000,0x0000,0x0000,0x0000,0x0000,0x0000,0x0000,
    0x0000,0x0000,0x7d06,0x7d06,0x7d06,0x7d06,0x42e3,0x42e3,0x42e3,0x42e3,0x42e3,0x42e3,
    0x5384,0x5384,0x2a02,0x2a02,0x2a02,0x7d06,0x7d06,0x7d06,0x7d06,0x7d06,0x5384,0x5384,
    0x0000,0x7d06,0x7d06,0x5384,0x5384,0x9e89,0x0000,0x0000,0x0000,0x0000,0x0000,0x0000,
    0x0000,0x0000,0x0000,0x0000,0x0000,0x0000,0x0000,0x0000,0x0000,0x0000,0x0000,0x0000,
    0x0000,0x0000,0x0000,0x0000,0x0000,0x0000,0x0000,0x0000,0x0000,0x0000,0x0000,0x0000,
    0x0000,0x0000,0x0000,0x0000,0x0000,0x0000,0x0000,0x0000,0x0000,0x0000,0x0000,0x0000,
    0x0000,0x42e3,0x42e3,0x42e3,0x42e3,0x42e3,0x5384,0x5384,0x42e3,0x2a02,0x2a02,0x5384,
    0x5384,0x5384,0x0000,0x0000,0x0000,0x0000,0x0000,0x7d06,0x7d06,0x5384,0x5384,0x5384,
    0x0000,0x0000,0x0000,0x0000,0x0000,0x0000,0x0000,0x0000,0x0000,0x0000,0x0000,0x0000,
    0x0000,0x0000,0x0000,0x0000,0x0000,0x0000,0x0000,0x0000,0x0000,0x0000,0x0000,0x0000,
    0x0000,0x0000,0x0000,0x0000,0x0000,0x0000,0x0000,0x0000,0x0000,0x0000,0x0000,0x0000,
    0x0000,0x0000,0x0000,0x0000,0x0000,0x0000,0x0000,0x0000,0x0000,0x0000,0x0000,0x7d06,
    0x5384,0x5384,0x7d06,0x7d06,0x7d06,0x5384,0x5384,0x5384,0x0000,0x0000,0x0000,0x0000,
    0x0000,0x0000,0x7d06,0x7d06,0x5384,0x5384,0x0000,0x0000,0x0000,0x0000,0x0000,0x0000,
    0x0000,0x0000,0x0000,0x0000,0x0000,0x0000,0x0000,0x0000,0x0000,0x0000,0x0000,0x0000,
    0x0000,0x0000,0x0000,0x0000,0x0000,0x0000,0x0000,0x0000,0x0000,0x0000,0x0000,0x0000,
    0x0000,0x0000,0x0000,0x0000,0x0000,0x0000,0x0000,0x0000,0x0000,0x0000,0x0000,0x0000,
    0x0000,0x0000,0x0000,0x0000,0x0000,0x7d06,0x7d06,0x7d06,0x9e89,0x9e89,0x7d06,0x5384,
    0x5384,0x5384,0x0000,0x0000,0x0000,0x0000,0x0000,0x0000,0x7d06,0x7d06,0x7d06,0x7d06,
    0x9e89,0x9e89,0x9e89,0x9e89,0x9e89,0x9e89,0x0000,0x0000,0x0000,0x0000,0x0000,0x0000,
    0x0000,0x0000,0x0000,0x0000,0x0000,0x0000,0x0000,0x0000,0x0000,0x0000,0x0000,0x0000,
    0x0000,0x0000,0x0000,0x0000,0x0000,0x0000,0x0000,0x0000,0x0000,0x0000,0x0000,0x0000,
    0x0000,0x0000,0x0000,0x0000,0x0000,0x0000,0x0000,0x0000,0x0000,0x0000,0x0000,0x0000,
    0x7d06,0x7d06,0x9e89,0x9e89,0x7d06,0x5384,0x5384,0x5384,0x0000,0x0000,0x0000,0x0000,
    0x0000,0x0000,0x7d06,0x7d06,0x7d06,0x7d06,0x9e89,0x9e89,0x9e89,0x9e89,0x9e89,0x9e89,
    0x0000,0x0000,0x0000,0x0000,0x0000,0x0000,0x0000,0x0000,0x0000,0x0000,0x0000,0x0000,
    0x0000,0x0000,0x0000,0x0000,0x0000,0x0000,0x0000,0x0000,0x0000,0x0000,0x0000,0x0000,
    0x0000,0x0000,0x0000,0x0000,0x0000,0x0000,0x0000,0x0000,0x0000,0x0000,0x0000,0x0000,
    0x9e89,0x9e89,0x9e89,0x9e89,0x9e89,0x9e89,0x7d06,0x7d06,0x7d06,0x7d06,0x7d06,0x5384,
    0x5384,0x5384,0x0000,0x0000,0x0000,0x0000,0x0000,0x0000,0x0000,0x0000,0x0000,0x0000,
    0x0000,0x0000,0x0000,0x0000,0x5384,0x5384,0x0000,0x0000,0x0000,0x0000,0x0000,0x0000,
    0x0000,0x0000,0x0000,0x0000,0x0000,0x0000,0x0000,0x0000,0x0000,0x0000,0x0000,0x0000,
    0x0000,0x0000,0x0000,0x0000,0x0000,0x0000,0x0000,0x0000,0x0000,0x0000,0x0000,0x0000,
    0x0000,0x0000,0x0000,0x0000,0x0000,0x0000,0x9e89,0x9e89,0x9e89,0x9e89,0x9e89,0x9e89,
    0x7d06,0x7d06,0x7d06,0x7d06,0x7d06,0x7d06,0x5384,0x5384,0x0000,0x0000,0x0000,0x0000,
    0x0000,0x0000,0x0000,0x0000,0x0000,0x0000,0x0000,0x0000,0x0000,0x0000,0x5384,0x5384,
    0x0000,0x0000,0x0000,0x0000,0x0000,0x0000,0x0000,0x0000,0x0000,0x0000,0x0000,0x0000,
    0x0000,0x0000,0x0000,0x0000,0x0000,0x0000,0x0000,0x0000,0x0000,0x0000,0x0000,0x0000,
    0x0000,0x0000,0x0000,0x0000,0x0000,0x0000,0x0000,0x0000,0x0000,0x0000,0x0000,0x0000,
    0x5384,0x5384,0x0000,0x0000,0x0000,0x0000,0x0000,0x0000,0x0000,0x0000,0x0000,0x0000,
    0x0000,0x0000,0x0000,0x0000,0x0000,0x0000,0x0000,0x0000,0x0000,0x0000,0x0000,0x0000,
    0x0000,0x0000,0x0000,0x0000,0x0000,0x0000,0x0000,0x0000,0x0000,0x0000,0x0000,0x0000,
    0x0000,0x0000,0x0000,0x0000,0x0000,0x0000,0x0000,0x0000,0x0000,0x0000,0x0000,0x0000,
    0x0000,0x0000,0x0000,0x0000,0x0000,0x0000,0x0000,0x0000,0x0000,0x0000,0x0000,0x0000,
    0x0000,0x0000,0x0000,0x0000,0x0000,0x0000,0x5384,0x5384,0x0000,0x0000,0x0000,0x0000,
    0x0000,0x0000,0x0000,0x0000,0x0000,0x0000,0x0000,0x0000,0x0000,0x0000,0x0000,0x0000,
    0x0000,0x0000,0x0000,0x0000,0x0000,0x0000,0x0000,0x0000,0x0000,0x0000,0x0000,0x0000,
    0x0000,0x0000,0x0000,0x0000,0x0000,0x0000,0x0000,0x0000,0x0000,0x0000,0x0000,0x0000,
};
const sprite_t spr_dino_down_5 = { 66, 30, px_dino_down_5 };

static const uint16_t px_dino_down_6[1980] = {
    0x0000,0x0000,0x0000,0x0000,0x0000,0x0000,0x0000,0x0000,0x0000,0x0000,0x0000,0x0000,
    0x0000,0x0000,0x0000,0x0000,0x0000,0x0000,0x0000,0x0000,0x0000,0x0000,0x0000,0x0000,
    0x0000,0x0000,0x0000,0x0000,0x0000,0x0000,0x0000,0x0000,0x0000,0x0000,0x0000,0x0000,
    0x0000,0x0000,0x0000,0x0000,0x0000,0x0000,0x0000,0x0000,0x9e89,0x9e89,0x9e89,0x9e89,
    0x9e89,0x9e89,0x9e89,0x9e89,0x9e89,0x9e89,0x9e89,0x9e89,0x9e89,0x9e89,0x9e89,0x9e89,
    0x0000,0x0000,0x0000,0x0000,0x0000,0x0000,0x0000,0x0000,0x0000,0x0000,0x0000,0x0000,
    0x0000,0x0000,0x0000,0x0000,0x0000,0x0000,0x0000,0x0000,0x0000,0x0000,0x0000,0x0000,
    0x0000,0x0000,0x0000,0x0000,0x0000,0x0000,0x0000,0x0000,0x0000,0x0000,0x0000,0x0000,
    0x0000,0x0000,0x0000,0x0000,0x0000,0x0000,0x0000,0x0000,0x0000,0x0000,0x0000,0x0000,
    0x0000,0x0000,0x9e89,0x9e89,0x9e89,0x9e89,0x9e89,0x9e89,0x9e89,0x9e89,0x9e89,0x9e89,
    0x9e89,0x9e89,0x9e89,0x9e89,0x9e89,0x9e89,0x9e89,0x0000,0x0000,0x0000,0x0000,0x0000,
    0x0000,0x0000,0x0000,0x0000,0x9e89,0x9e89,0x9e89,0x9e89,0x9e89,0x9e89,0x8de8,0x8de8,
    0x8de8,0x8de8,0x0000,0x0000,0x0000,0x0000,0x0000,0x0000,0x0000,0x0000,0x9e89,0x9e89,
    0x9e89,0x9e89,0x9e89,0x9e89,0x9e89,0x9e89,0x9e89,0x9e89,0x9e89,0x9e89,0x9e89,0x9e89,
    0x9e89,0x9e89,0x0000,0x0000,0x0000,0x0000,0x9e89,0x9e89,0x7d06,0x7d06,0x7d06,0x7d06,
    0x7d06,0x7d06,0x7d06,0x7d06,0x7d06,0x7d06,0x7d06,0x7d06,0x7d06,0x7d06,0x7d06,0x7d06,
    0x9e89,0x9e89,0x0000,0x0000,0x0000,0x0000,0x0000,0x0000,0x0000,0x53e4,0x9e89,0x9e89,
    0x9e89,0x9e89,0x9e89,0x9e89,0x8de8,0x8de8,0x8de8,0x8de8,0x53e4,0x0000,0x0000,0x0000,
    0x0000,0x0000,0x0000,0x0000,0x9e89,0x9e89,0x9e89,0x9e89,0x9e89,0x9e89,0x9e89,0x9e89,
    0x9e89,0x9e89,0x9e89,0x9e89,0x9e89,0x9e89,0x9e89,0x9e89,0x53e4,0x0000,0x0000,0x0000,
    0x9e89,0x9e89,0x7d06,0x7d06,0x7d06,0x7d06,0x7d06,0x7d06,0x7d06,0x7d06,0x7d06,0x7d06,
    0x7d06,0x7d06,0x7d06,0x7d06,0x7d06,0x7d06,0x9e89,0x9e89,0x9e89,0x0000,0x0000,0x0000,
    0x53e4,0x53e4,0x53e4,0x53e4,0x7d06,0x7d06,0x6c86,0x6c86,0x6c86,0x6c86,0x6c86,0x6c86,
    0x6c86,0x6c86,0x8de8,0x8de8,0x8de8,0x8de8,0x8de8,0x8de8,0x8de8,0x8de8,0x7d06,0x7d06,
    0x7d06,0x7d06,0x7d06,0x7d06,0x7d06,0x7d06,0x7d06,0x7d06,0x7d06,0x7d06,0x7d06,0x7d06,
    0x7d06,0x7d06,0x9e89,0x9e89,0x9e89,0x9e89,0x7d06,0x7d06,0x5384,0x5384,0x7d06,0x7d06,
    0x7d06,0x7d06,0x7d06,0x7d06,0x7d06,0x7d06,0x7d06,0x7d06,0x7d06,0x7d06,0x7d06,0x7d06,
    0x5384,0x5384,0x9e89,0x9e89,0x0000,0x0000,0x53e4,0x53e4,0x53e4,0x42e3,0x7d06,0x7d06,
    0x6c86,0x6c86,0x6c86,0x6c86,0x6c86,0x6c86,0x6c86,0x6c86,0x8de8,0x8de8,0x8de8,0x8de8,
    0x8de8,0x8de8,0x8de8,0x8de8,0x7d06,0x7d06,0x7d06,0x7d06,0x7d06,0x7d06,0x7d06,0x7d06,
    0x7d06,0x7d06,0x7d06,0x7d06,0x7d06,0x7d06,0x7d06,0x7d06,0x9e89,0x9e89,0x9e89,0x9e89,
    0x7d06,0x7d06,0x5384,0x5384,0x5384,0x7d06,0x7d06,0x7d06,0x7d06,0x7d06,0x7d06,0x7d06,
    0x7d06,0x7d06,0x7d06,0x7d06,0x7d06,0x7d06,0x5384,0x5384,0x5384,0x9e89,0x9e89,0x0000,
    0x0000,0x53e4,0x53e4,0x42e3,0x42e3,0x42e3,0x7d06,0x7d06,0x6c86,0x6c86,0x6c86,0x6c86,
    0x6c86,0x6c86,0x6c86,0x6c86,0x7d06,0x7d06,0x7d06,0x7d06,0x7d06,0x7d06,0x7d06,0x7d06,
    0x7d06,0x7d06,0x7d06,0x7d06,0x7d06,0x7d06,0x7d06,0x7d06,0x7d06,0x7d06,0x7d06,0x7d06,
    0x7d06,0x7d06,0x7d06,0x7d06,0x7d06,0x7d06,0x7d06,0x7d06,0x7d06,0x7d06,0x9e89,0x9e89,
    0x7d06,0x7d06,0x7d06,0x7d06,0x7d06,0x7d06,0x7d06,0x7d06,0x7d06,0x7d06,0x7d06,0x7d06,
    0x5384,0x5384,0x5384,0x5384,0x9e89,0x9e89,0x0000,0x0000,0x42e3,0x42e3,0x42e3,0x42e3,
    0x7d06,0x7d06,0x6c86,0x6c86,0x6c86,0x6c86,0x6c86,0x6c86,0x6c86,0x6c86,0x7d06,0x7d06,
    0x7d06,0x7d06,0x7d06,0x9e89,0x9e89,0x9e89,0x9e89,0x9e89,0x9e89,0x9e89,0x9e89,0x9e89,
    0x9e89,0x9e89,0x9e89,0x7d06,0x7d06,0x7d06,0x7d06,0x7d06,0x7d06,0x7d06,0x7d06,0x7d06,
    0x7d06,0x7d06,0x7d06,0x7d06,0x9e89,0x9e89,0x7d06,0x7d06,0x7d06,0x7d06,0x7d06,0x7d06,
    0x7d06,0x7d06,0x7d06,0x7d06,0x7d06,0x7d06,0x5384,0x5384,0x5384,0x5384,0x5384,0x9e89,
    0x0000,0x0000,0x0000,0x53e4,0x42e3,0x42e3,0x42e3,0x42e3,0x7d06,0x7d06,0x6c86,0x6c86,
    0x6c86,0x6c86,0x7d06,0x7d06,0x7d06,0x7d06,0x7d06,0x7d06,0x9e89,0x9e89,0x9e89,0x9e89,
    0x9e89,0x9e89,0x9e89,0x9e89,0x9e89,0x9e89,0x9e89,0x9e89,0x9e89,0x7d06,0x7d06,0x7d06,
    0x7d06,0x7d06,0x7d06,0x7d06,0x7d06,0x7d06,0x7d06,0x7d06,0x7d06,0x7d06,0x7d06,0x7d06,
    0x7d06,0x7d06,0x7d06,0x7d06,0x7d06,0x7d06,0x7d06,0x7d06,0x7d06,0x7d06,0x7d06,0x7d06,
    0x5384,0x5384,0x5384,0x5384,0x5384,0x5384,0x0000,0x0000,0x0000,0x0000,0x42e3,0x42e3,
    0x42e3,0x42e3,0x7d06,0x7d06,0x6c86,0x6c86,0x6c86,0x6c86,0x7d06,0x7d06,0x7d06,0x7d06,
    0x7d06,0x9e89,0x9e89,0x9e89,0x9e89,0x9e89,0x9e89,0x9e89,0x9e89,0x9e89,0x9e89,0x9e89,
    0x7d06,0x5384,0x5384,0x7d06,0x7d06,0x7d06,0x7d06,0x7d06,0x7d06,0x7d06,0x7d06,0x7d06,
    0x7d06,0x7d06,0x7d06,0x7d06,0x7d06,0x7d06,0x7d06,0x7d06,0x7d06,0x7d06,0x7d06,0x7d06,
    0x7d06,0x7d06,0x7d06,0x7d06,0x7d06,0x7d06,0x5384,0x5384,0x5384,0x5384,0x5384,0x5384,
    0x0000,0x0000,0x0000,0x0000,0x0000,0x0000,0x0000,0x42e3,0x42e3,0x42e3,0x7d06,0x7d06,
    0x6c86,0x6c86,0x7d06,0x7d06,0x7d06,0x7d06,0x7d06,0x9e89,0x7d06,0x7d06,0x7d06,0x7d06,
    0x7d06,0x7d06,0x7d06,0x7d06,0x5384,0x5384,0x7d06,0x5384,0x5384,0x7d06,0x7d06,0x7d06,
    0x7d06,0x7d06,0x7d06,0x7d06,0x7d06,0x7d06,0x7d06,0x7d06,0x7d06,0x7d06,0x7d06,0x7d06,
    0x7d06,0x7d06,0x7d06,0x7d06,0x7d06,0x7d06,0x7d06,0x7d06,0x7d06,0x7d06,0x7d06,0x7d06,
    0x5384,0x5384,0x5384,0x5384,0x5384,0x5384,0x0000,0x0000,0x0000,0x0000,0x0000,0x0000,
    0x0000,0x0000,0x0000,0x0000,0x7d06,0x7d06,0x6c86,0x6c86,0x7d06,0x7d06,0x7d06,0x7d06,
    0x7d06,0x7d06,0x7d06,0x7d06,0x7d06,0x7d06,0x7d06,0x7d06,0x7d06,0x7d06,0x5384,0x5384,
    0x7d06,0x5384,0x5384,0x7d06,0x7d06,0x7d06,0x7d06,0x7d06,0x7d06,0x7d06,0x7d06,0x7d06,
    0x7d06,0x7d06,0x7d06,0x7d06,0x7d06,0x7d06,0x7d06,0x7d06,0x7d06,0x7d06,0x7d06,0x7d06,
    0x7d06,0x7d06,0x7d06,0x7d06,0x7d06,0x7d06,0x5384,0x5384,0x5384,0x5384,0x5384,0x5384,
    0x0000,0x0000,0x0000,0x0000,0x0000,0x0000,0x0000,0x0000,0x0000,0x0000,0x0000,0x42e3,
    0x7d06,0x7d06,0x7d06,0x7d06,0x7d06,0x7d06,0x7d06,0x7d06,0x7d06,0x7d06,0x7d06,0x7d06,
    0x7d06,0x7d06,0x7d06,0x7d06,0x5384,0x5384,0x7d06,0x5384,0x5384,0x7d06,0x7d06,0x7d06,
    0x9e89,0x9e89,0x9e89,0x9e89,0x7d06,0x42e3,0x42e3,0x7d06,0x7d06,0x7d06,0x7d06,0x7d06,
    0x7d06,0x7d06,0x7d06,0x7d06,0x5384,0x5384,0x7d06,0x7d06,0x7d06,0x7d06,0x7d06,0x7d06,
    0x7d06,0x5384,0x5384,0x5384,0x5384,0x5384,0x0000,0x0000,0x0000,0x0000,0x0000,0x0000,
    0x0000,0x0000,0x0000,0x0000,0x0000,0x0000,0x7d06,0x7d06,0x7d06,0x7d06,0x7d06,0x7d06,
    0x7d06,0x7d06,0x7d06,0x7d06,0x7d06,0x7d06,0x7d06,0x7d06,0x7d06,0x7d06,0x5384,0x5384,
    0x7d06,0x5384,0x5384,0x7d06,0x7d06,0x7d06,0x9e89,0x9e89,0x9e89,0x9e89,0x9e89,0x2a02,
    0x2a02,0x42e3,0x7d06,0x7d06,0x7d06,0x7d06,0x7d06,0x7d06,0x7d06,0x7d06,0x5384,0x5384,
    0x7d06,0x7d06,0x7d06,0x7d06,0x7d06,0x7d06,0x7d06,0x7d06,0x5384,0x5384,0x5384,0x5384,
    0x0000,0x0000,0x0000,0x0000,0x0000,0x0000,0x0000,0x0000,0x0000,0x0000,0x0000,0x0000,
    0x0000,0x42e3,0x7d06,0x7d06,0x7d06,0x7d06,0x7d06,0x7d06,0x7d06,0x7d06,0x7d06,0x7d06,
    0x7d06,0x7d06,0x7d06,0x7d06,0x5384,0x5384,0x7d06,0x5384,0x5384,0x7d06,0x7d06,0x7d06,
    0x7d06,0x7d06,0x5384,0x5384,0x9e89,0x2a02,0x2a02,0x2a02,0x42e3,0x7d06,0x7d06,0x7d06,
    0x7d06,0x7d06,0x7d06,0x7d06,0x7d06,0x7d06,0x9e89,0x9e89,0x9e89,0x9e89,0x9e89,0x9e89,
    0x7d06,0x7d06,0x7d06,0x5384,0x5384,0x5384,0x0000,0x0000,0x0000,0x0000,0x0000,0x0000,
    0x0000,0x0000,0x0000,0x0000,0x0000,0x0000,0x0000,0x0000,0x7d06,0x7d06,0x7d06,0x7d06,
    0x7d06,0x7d06,0x7d06,0x7d06,0x7d06,0x7d06,0x7d06,0x7d06,0x7d06,0x7d06,0x5384,0x5384,
    0x7d06,0x5384,0x5384,0x7d06,0x7d06,0x7d06,0x7d06,0x7d06,0x5384,0x5384,0x5384,0x7d06,
    0x2a02,0x2a02,0x2a02,0x7d06,0x7d06,0x7d06,0x7d06,0x7d06,0x7d06,0x7d06,0x7d06,0x7d06,
    0x9e89,0x9e89,0x9e89,0x9e89,0x9e89,0x9e89,0x9e89,0x7d06,0x7d06,0x7d06,0x5384,0x5384,
    0x0000,0x0000,0x0000,0x0000,0x0000,0x0000,0x0000,0x0000,0x0000,0x0000,0x0000,0x0000,
    0x0000,0x0000,0x0000,0x42e3,0x7d06,0x7d06,0x7d06,0x7d06,0x7d06,0x7d06,0x7d06,0x7d06,
    0x7d06,0x7d06,0x7d06,0x7d06,0x5384,0x5384,0x7d06,0x5384,0x5384,0x7d06,0x7d06,0x7d06,
    0x7d06,0x7d06,0x7d06,0x7d06,0x9e89,0x9e89,0x9e89,0x9e89,0x9e89,0x9e89,0x0000,0x7d06,
    0x7d06,0x7d06,0x7d06,0x7d06,0x7d06,0x9e89,0x9e89,0x9e89,0x9e89,0x9e89,0x9e89,0x9e89,
    0x9e89,0x9e89,0x0000,0x0000,0x0000,0x0000,0x0000,0x0000,0x0000,0x0000,0x0000,0x0000,
    0x0000,0x0000,0x0000,0x0000,0x0000,0x0000,0x0000,0x0000,0x0000,0x0000,0x7d06,0x7d06,
    0x7d06,0x7d06,0x7d06,0x7d06,0x7d06,0x7d06,0x7d06,0x7d06,0x7d06,0x7d06,0x5384,0x5384,
    0x5384,0x7d06,0x7d06,0x7d06,0x7d06,0x7d06,0x7d06,0x7d06,0x7d06,0x7d06,0x9e89,0x9e89,
    0x9e89,0x9e89,0x9e89,0x9e89,0x0000,0x0000,0x7d06,0x7d06,0x7d06,0x7d06,0x7d06,0x7d06,
    0x9e89,0x9e89,0x9e89,0x9e89,0x9e89,0x9e89,0x9e89,0x9e89,0x9e89,0x0000,0x0000,0x0000,
    0x0000,0x0000,0x0000,0x0000,0x0000,0x0000,0x0000,0x0000,0x0000,0x0000,0x0000,0x0000,
    0x0000,0x0000,0x0000,0x0000,0x0000,0x42e3,0x42e3,0x42e3,0x42e3,0x7d06,0x7d06,0x7d06,
    0x7d06,0x7d06,0x7d06,0x7d06,0x5384,0x5384,0x5384,0x7d06,0x7d06,0x42e3,0x42e3,0x42e3,
    0x42e3,0x5384,0x5384,0x2a02,0x7d06,0x2a02,0x2a02,0x5384,0x5384,0x5384,0x0000,0x0000,
    0x0000,0x7d06,0x7d06,0x7d06,0x7d06,0x7d06,0x7d06,0x9e89,0x9e89,0x9e89,0x9e89,0x9e89,
    0x9e89,0x9e89,0x9e89,0x9e89,0x0000,0x0000,0x0000,0x0000,0x0000,0x0000,0x0000,0x0000,
    0x0000,0x0000,0x0000,0x0000,0x0000,0x0000,0x0000,0x0000,0x0000,0x0000,0x0000,0x0000,
    0x42e3,0x42e3,0x42e3,0x42e3,0x7d06,0x7d06,0x7d06,0x7d06,0x7d06,0x7d06,0x5384,0x5384,
    0x5384,0x2a02,0x2a02,0x7d06,0x42e3,0x42e3,0x42e3,0x42e3,0x2a02,0x2a02,0x2a02,0x7d06,
    0x5384,0x5384,0x5384,0x5384,0x9e89,0x0000,0x0000,0x0000,0x7d06,0x7d06,0x7d06,0x7d06,
    0x7d06,0x7d06,0x7d06,0x7d06,0x9e89,0x9e89,0x9e89,0x9e89,0x9e89,0x9e89,0x0000,0x0000,
    0x0000,0x0000,0x0000,0x0000,0x0000,0x0000,0x0000,0x0000,0x0000,0x0000,0x0000,0x0000,
    0x0000,0x0000,0x0000,0x0000,0x0000,0x0000,0x0000,0x42e3,0x42e3,0x42e3,0x42e3,0x7d06,
    0x7d06,0x7d06,0x7d06,0x7d06,0x5384,0x5384,0x5384,0x2a02,0x2a02,0x2a02,0x7d06,0x42e3,
    0x42e3,0x42e3,0x42e3,0x2a02,0x2a02,0x5384,0x0000,0x9e89,0x9e89,0x9e89,0x9e89,0x9e89,
    0x0000,0x0000,0x0000,0x0000,0x0000,0x0000,0x0000,0x0000,0x0000,0x0000,0x0000,0x0000,
    0x0000,0x0000,0x0000,0x0000,0x0000,0x0000,0x0000,0x0000,0x0000,0x0000,0x0000,0x0000,
    0x0000,0x0000,0x0000,0x0000,0x0000,0x0000,0x0000,0x0000,0x0000,0x0000,0x0000,0x0000,
    0x0000,0x0000,0x7d06,0x7d06,0x7d06,0x7d06,0x42e3,0x42e3,0x7d06,0x7d06,0x5384,0x5384,
    0x5384,0x42e3,0x2a02,0x2a02,0x2a02,0x7d06,0x7d06,0x7d06,0x7d06,0x7d06,0x5384,0x5384,
    0x0000,0x7d06,0x7d06,0x5384,0x5384,0x9e89,0x0000,0x0000,0x0000,0x0000,0x0000,0x0000,
    0x0000,0x0000,0x0000,0x0000,0x0000,0x0000,0x0000,0x0000,0x0000,0x0000,0x0000,0x0000,
    0x0000,0x0000,0x0000,0x0000,0x0000,0x0000,0x0000,0x0000,0x0000,0x0000,0x0000,0x0000,
    0x0000,0x0000,0x0000,0x0000,0x0000,0x0000,0x0000,0x0000,0x0000,0x0000,0x0000,0x0000,
    0x0000,0x42e3,0x42e3,0x42e3,0x5384,0x5384,0x5384,0x42e3,0x42e3,0x2a02,0x2a02,0x7d06,
    0x7d06,0x7d06,0x7d06,0x5384,0x5384,0x5384,0x0000,0x7d06,0x7d06,0x5384,0x5384,0x5384,
    0x0000,0x0000,0x0000,0x0000,0x0000,0x0000,0x0000,0x0000,0x0000,0x0000,0x0000,0x0000,
    0x0000,0x0000,0x0000,0x0000,0x0000,0x0000,0x0000,0x0000,0x0000,0x0000,0x0000,0x0000,
    0x0000,0x0000,0x0000,0x0000,0x0000,0x0000,0x0000,0x0000,0x0000,0x0000,0x0000,0x0000,
    0x0000,0x0000,0x0000,0x0000,0x0000,0x0000,0x0000,0x0000,0x0000,0x0000,0x5384,0x5384,
    0x0000,0x7d06,0x7d06,0x7d06,0x7d06,0x7d06,0x7d06,0x7d06,0x7d06,0x5384,0x5384,0x5384,
    0x0000,0x0000,0x7d06,0x7d06,0x5384,0x5384,0x0000,0x0000,0x0000,0x0000,0x0000,0x0000,
    0x0000,0x0000,0x0000,0x0000,0x0000,0x0000,0x0000,0x0000,0x0000,0x0000,0x0000,0x0000,
    0x0000,0x0000,0x0000,0x0000,0x0000,0x0000,0x0000,0x0000,0x0000,0x0000,0x0000,0x0000,
    0x0000,0x0000,0x0000,0x0000,0x0000,0x0000,0x0000,0x0000,0x0000,0x0000,0x0000,0x0000,
    0x0000,0x0000,0x0000,0x0000,0x5384,0x5384,0x0000,0x7d06,0x7d06,0x7d06,0x7d06,0x7d06,
    0x7d06,0x7d06,0x7d06,0x5384,0x5384,0x5384,0x0000,0x0000,0x7d06,0x7d06,0x7d06,0x7d06,
    0x9e89,0x9e89,0x9e89,0x9e89,0x9e89,0x9e89,0x0000,0x0000,0x0000,0x0000,0x0000,0x0000,
    0x0000,0x0000,0x0000,0x0000,0x0000,0x0000,0x0000,0x0000,0x0000,0x0000,0x0000,0x0000,
    0x0000,0x0000,0x0000,0x0000,0x0000,0x0000,0x0000,0x0000,0x0000,0x0000,0x0000,0x0000,
    0x0000,0x0000,0x0000,0x0000,0x0000,0x0000,0x0000,0x0000,0x0000,0x0000,0x5384,0x5384,
    0x0000,0x0000,0x7d06,0x7d06,0x7d06,0x7d06,0x7d06,0x5384,0x5384,0x7d06,0x5384,0x5384,
    0x0000,0x0000,0x7d06,0x7d06,0x7d06,0x7d06,0x9e89,0x9e89,0x9e89,0x9e89,0x9e89,0x9e89,
    0x0000,0x0000,0x0000,0x0000,0x0000,0x0000,0x0000,0x0000,0x0000,0x0000,0x0000,0x0000,
    0x0000,0x0000,0x0000,0x0000,0x0000,0x0000,0x0000,0x0000,0x0000,0x0000,0x0000,0x0000,
    0x0000,0x0000,0x0000,0x0000,0x0000,0x0000,0x0000,0x0000,0x0000,0x0000,0x0000,0x0000,
    0x0000,0x0000,0x0000,0x0000,0x7d06,0x7d06,0x9e89,0x9e89,0x7d06,0x7d06,0x7d06,0x7d06,
    0x7d06,0x5384,0x5384,0x5384,0x0000,0x0000,0x0000,0x0000,0x0000,0x0000,0x0000,0x0000,
    0x0000,0x0000,0x0000,0x0000,0x5384,0x5384,0x0000,0x0000,0x0000,0x0000,0x0000,0x0000,
    0x0000,0x0000,0x0000,0x0000,0x0000,0x0000,0x0000,0x0000,0x0000,0x0000,0x0000,0x0000,
    0x0000,0x0000,0x0000,0x0000,0x0000,0x0000,0x0000,0x0000,0x0000,0x0000,0x0000,0x0000,
    0x0000,0x0000,0x0000,0x0000,0x0000,0x0000,0x0000,0x0000,0x0000,0x0000,0x7d06,0x7d06,
    0x9e89,0x9e89,0x7d06,0x7d06,0x7d06,0x7d06,0x7d06,0x7d06,0x5384,0x5384,0x0000,0x0000,
    0x0000,0x0000,0x0000,0x0000,0x0000,0x0000,0x0000,0x0000,0x0000,0x0000,0x5384,0x5384,
    0x0000,0x0000,0x0000,0x0000,0x0000,0x0000,0x0000,0x0000,0x0000,0x0000,0x0000,0x0000,
    0x0000,0x0000,0x0000,0x0000,0x0000,0x0000,0x0000,0x0000,0x0000,0x0000,0x0000,0x0000,
    0x0000,0x0000,0x0000,0x0000,0x0000,0x0000,0x0000,0x0000,0x0000,0x0000,0x0000,0x0000,
    0x0000,0x0000,0x9e89,0x9e89,0x0000,0x0000,0x0000,0x0000,0x0000,0x0000,0x0000,0x0000,
    0x0000,0x0000,0x0000,0x0000,0x0000,0x0000,0x0000,0x0000,0x0000,0x0000,0x0000,0x0000,
    0x0000,0x0000,0x0000,0x0000,0x0000,0x0000,0x0000,0x0000,0x0000,0x0000,0x0000,0x0000,
    0x0000,0x0000,0x0000,0x0000,0x0000,0x0000,0x0000,0x0000,0x0000,0x0000,0x0000,0x0000,
    0x0000,0x0000,0x0000,0x0000,0x0000,0x0000,0x0000,0x0000,0x0000,0x0000,0x0000,0x0000,
    0x0000,0x0000,0x0000,0x0000,0x0000,0x0000,0x0000,0x0000,0x9e89,0x9e89,0x0000,0x0000,
    0x0000,0x0000,0x0000,0x0000,0x0000,0x0000,0x0000,0x0000,0x0000,0x0000,0x0000,0x0000,
    0x0000,0x0000,0x0000,0x0000,0x0000,0x0000,0x0000,0x0000,0x0000,0x0000,0x0000,0x0000,
    0x0000,0x0000,0x0000,0x0000,0x0000,0x0000,0x0000,0x0000,0x0000,0x0000,0x0000,0x0000,
};
const sprite_t spr_dino_down_6 = { 66, 30, px_dino_down_6 };

static const uint16_t px_dino_down_7[2112] = {
    0x0000,0x0000,0x0000,0x0000,0x0000,0x0000,0x0000,0x0000,0x0000,0x0000,0x0000,0x0000,
    0x0000,0x0000,0x0000,0x0000,0x0000,0x0000,0x0000,0x0000,0x0000,0x0000,0x0000,0x0000,
    0x0000,0x0000,0x0000,0x0000,0x0000,0x0000,0x0000,0x0000,0x0000,0x0000,0x0000,0x0000,
    0x0000,0x0000,0x0000,0x0000,0x0000,0x0000,0x0000,0x0000,0x9e89,0x9e89,0x9e89,0x9e89,
    0x9e89,0x9e89,0x9e89,0x9e89,0x9e89,0x9e89,0x9e89,0x9e89,0x9e89,0x9e89,0x9e89,0x9e89,
    0x0000,0x0000,0x0000,0x0000,0x0000,0x0000,0x0000,0x0000,0x0000,0x0000,0x0000,0x0000,
    0x0000,0x0000,0x0000,0x0000,0x0000,0x0000,0x0000,0x0000,0x0000,0x0000,0x0000,0x0000,
    0x0000,0x0000,0x0000,0x0000,0x0000,0x0000,0x0000,0x0000,0x0000,0x0000,0x0000,0x0000,
    0x0000,0x0000,0x0000,0x0000,0x0000,0x0000,0x0000,0x0000,0x0000,0x0000,0x0000,0x0000,
    0x0000,0x0000,0x9e89,0x9e89,0x9e89,0x9e89,0x9e89,0x9e89,0x9e89,0x9e89,0x9e89,0x9e89,
    0x9e89,0x9e89,0x9e89,0x9e89,0x9e89,0x9e89,0x9e89,0x0000,0x0000,0x0000,0x0000,0x0000,
    0x0000,0x0000,0x0000,0x0000,0x9e89,0x9e89,0x9e89,0x9e89,0x9e89,0x9e89,0x8de8,0x8de8,
    0x8de8,0x8de8,0x0000,0x0000,0x0000,0x0000,0x0000,0x0000,0x0000,0x0000,0x9e89,0x9e89,
    0x9e89,0x9e89,0x9e89,0x9e89,0x9e89,0x9e89,0x9e89,0x9e89,0x9e89,0x9e89,0x9e89,0x9e89,
    0x9e89,0x9e89,0x0000,0x0000,0x0000,0x0000,0x9e89,0x9e89,0x7d06,0x7d06,0x7d06,0x7d06,
    0x7d06,0x7d06,0x7d06,0x7d06,0x7d06,0x7d06,0x7d06,0x7d06,0x7d06,0x7d06,0x7d06,0x7d06,
    0x9e89,0x9e89,0x0000,0x0000,0x0000,0x0000,0x0000,0x0000,0x0000,0x53e4,0x9e89,0x9e89,
    0x9e89,0x9e89,0x9e89,0x9e89,0x8de8,0x8de8,0x8de8,0x8de8,0x53e4,0x0000,0x0000,0x0000,
    0x0000,0x0000,0x0000,0x0000,0x9e89,0x9e89,0x9e89,0x9e89,0x9e89,0x9e89,0x9e89,0x9e89,
    0x9e89,0x9e89,0x9e89,0x9e89,0x9e89,0x9e89,0x9e89,0x9e89,0x53e4,0x0000,0x0000,0x0000,
    0x9e89,0x9e89,0x7d06,0x7d06,0x7d06,0x7d06,0x7d06,0x7d06,0x7d06,0x7d06,0x7d06,0x7d06,
    0x7d06,0x7d06,0x7d06,0x7d06,0x7d06,0x7d06,0x9e89,0x9e89,0x9e89,0x0000,0x0000,0x0000,
    0x53e4,0x53e4,0x53e4,0x53e4,0x7d06,0x7d06,0x6c86,0x6c86,0x6c86,0x6c86,0x6c86,0x6c86,
    0x6c86,0x6c86,0x8de8,0x8de8,0x8de8,0x8de8,0x8de8,0x8de8,0x8de8,0x8de8,0x7d06,0x7d06,
    0x7d06,0x7d06,0x7d06,0x7d06,0x7d06,0x7d06,0x7d06,0x7d06,0x7d06,0x7d06,0x7d06,0x7d06,
    0x7d06,0x7d06,0x9e89,0x9e89,0x9e89,0x9e89,0x7d06,0x7d06,0x5384,0x5384,0x7d06,0x7d06,
    0x7d06,0x7d06,0x7d06,0x7d06,0x7d06,0x7d06,0x7d06,0x7d06,0x7d06,0x7d06,0x7d06,0x7d06,
    0x5384,0x5384,0x9e89,0x9e89,0x0000,0x0000,0x53e4,0x53e4,0x53e4,0x42e3,0x7d06,0x7d06,
    0x6c86,0x6c86,0x6c86,0x6c86,0x6c86,0x6c86,0x6c86,0x6c86,0x8de8,0x8de8,0x8de8,0x8de8,
    0x8de8,0x8de8,0x8de8,0x8de8,0x7d06,0x7d06,0x7d06,0x7d06,0x7d06,0x7d06,0x7d06,0x7d06,
    0x7d06,0x7d06,0x7d06,0x7d06,0x7d06,0x7d06,0x7d06,0x7d06,0x9e89,0x9e89,0x9e89,0x9e89,
    0x7d06,0x7d06,0x5384,0x5384,0x5384,0x7d06,0x7d06,0x7d06,0x7d06,0x7d06,0x7d06,0x7d06,
    0x7d06,0x7d06,0x7d06,0x7d06,0x7d06,0x7d06,0x5384,0x5384,0x5384,0x9e89,0x9e89,0x0000,
    0x0000,0x53e4,0x53e4,0x42e3,0x42e3,0x42e3,0x7d06,0x7d06,0x6c86,0x6c86,0x6c86,0x6c86,
    0x6c86,0x6c86,0x6c86,0x6c86,0x7d06,0x7d06,0x7d06,0x7d06,0x7d06,0x7d06,0x7d06,0x7d06,
    0x7d06,0x7d06,0x7d06,0x7d06,0x7d06,0x7d06,0x7d06,0x7d06,0x7d06,0x7d06,0x7d06,0x7d06,
    0x7d06,0x7d06,0x7d06,0x7d06,0x7d06,0x7d06,0x7d06,0x7d06,0x7d06,0x7d06,0x9e89,0x9e89,
    0x7d06,0x7d06,0x7d06,0x7d06,0x7d06,0x7d06,0x7d06,0x7d06,0x7d06,0x7d06,0x7d06,0x7d06,
    0x5384,0x5384,0x5384,0x5384,0x9e89,0x9e89,0x0000,0x0000,0x42e3,0x42e3,0x42e3,0x42e3,
    0x7d06,0x7d06,0x6c86,0x6c86,0x6c86,0x6c86,0x6c86,0x6c86,0x6c86,0x6c86,0x7d06,0x7d06,
    0x7d06,0x7d06,0x7d06,0x9e89,0x9e89,0x9e89,0x9e89,0x9e89,0x9e89,0x9e89,0x9e89,0x9e89,
    0x9e89,0x7d06,0x7d06,0x7d06,0x7d06,0x7d06,0x7d06,0x7d06,0x7d06,0x7d06,0x7d06,0x7d06,
    0x7d06,0x7d06,0x7d06,0x7d06,0x9e89,0x9e89,0x7d06,0x7d06,0x7d06,0x7d06,0x7d06,0x7d06,
    0x7d06,0x7d06,0x7d06,0x7d06,0x7d06,0x7d06,0x5384,0x5384,0x5384,0x5384,0x5384,0x9e89,
    0x0000,0x0000,0x0000,0x53e4,0x42e3,0x42e3,0x42e3,0x42e3,0x7d06,0x7d06,0x6c86,0x6c86,
    0x6c86,0x6c86,0x7d06,0x7d06,0x7d06,0x7d06,0x9e89,0x9e89,0x9e89,0x9e89,0x9e89,0x9e89,
    0x9e89,0x9e89,0x9e89,0x9e89,0x9e89,0x9e89,0x9e89,0x7d06,0x7d06,0x7d06,0x7d06,0x7d06,
    0x7d06,0x7d06,0x7d06,0x7d06,0x7d06,0x7d06,0x7d06,0x7d06,0x7d06,0x7d06,0x7d06,0x7d06,
    0x7d06,0x7d06,0x7d06,0x7d06,0x7d06,0x7d06,0x7d06,0x7d06,0x7d06,0x7d06,0x7d06,0x7d06,
    0x5384,0x5384,0x5384,0x5384,0x5384,0x5384,0x0000,0x0000,0x0000,0x0000,0x42e3,0x42e3,
    0x42e3,0x42e3,0x7d06,0x7d06,0x6c86,0x6c86,0x6c86,0x6c86,0x7d06,0x7d06,0x7d06,0x7d06,
    0x9e89,0x9e89,0x9e89,0x9e89,0x9e89,0x9e89,0x9e89,0x9e89,0x7d06,0x7d06,0x7d06,0x7d06,
    0x7d06,0x9e89,0x9e89,0x7d06,0x7d06,0x7d06,0x7d06,0x7d06,0x7d06,0x7d06,0x7d06,0x7d06,
    0x7d06,0x7d06,0x7d06,0x7d06,0x7d06,0x7d06,0x7d06,0x7d06,0x7d06,0x7d06,0x7d06,0x7d06,
    0x7d06,0x7d06,0x7d06,0x7d06,0x7d06,0x7d06,0x5384,0x5384,0x5384,0x5384,0x5384,0x5384,
    0x0000,0x0000,0x0000,0x0000,0x0000,0x0000,0x0000,0x42e3,0x42e3,0x42e3,0x7d06,0x7d06,
    0x6c86,0x6c86,0x7d06,0x7d06,0x7d06,0x7d06,0x7d06,0x7d06,0x7d06,0x7d06,0x7d06,0x7d06,
    0x7d06,0x7d06,0x9e89,0x9e89,0x7d06,0x7d06,0x7d06,0x9e89,0x9e89,0x7d06,0x7d06,0x7d06,
    0x7d06,0x7d06,0x7d06,0x7d06,0x7d06,0x7d06,0x7d06,0x7d06,0x7d06,0x7d06,0x7d06,0x7d06,
    0x7d06,0x7d06,0x7d06,0x7d06,0x7d06,0x7d06,0x7d06,0x7d06,0x7d06,0x7d06,0x7d06,0x7d06,
    0x5384,0x5384,0x5384,0x5384,0x5384,0x5384,0x0000,0x0000,0x0000,0x0000,0x0000,0x0000,
    0x0000,0x0000,0x0000,0x0000,0x7d06,0x7d06,0x6c86,0x6c86,0x7d06,0x7d06,0x7d06,0x7d06,
    0x7d06,0x7d06,0x7d06,0x7d06,0x7d06,0x7d06,0x7d06,0x7d06,0x9e89,0x9e89,0x7d06,0x7d06,
    0x7d06,0x5384,0x5384,0x7d06,0x7d06,0x7d06,0x7d06,0x7d06,0x7d06,0x7d06,0x7d06,0x7d06,
    0x7d06,0x7d06,0x7d06,0x7d06,0x7d06,0x7d06,0x7d06,0x7d06,0x7d06,0x7d06,0x7d06,0x7d06,
    0x7d06,0x7d06,0x7d06,0x7d06,0x7d06,0x7d06,0x5384,0x5384,0x5384,0x5384,0x5384,0x5384,
    0x0000,0x0000,0x0000,0x0000,0x0000,0x0000,0x0000,0x0000,0x0000,0x0000,0x0000,0x42e3,
    0x7d06,0x7d06,0x7d06,0x7d06,0x7d06,0x7d06,0x7d06,0x7d06,0x7d06,0x7d06,0x7d06,0x7d06,
    0x7d06,0x7d06,0x5384,0x5384,0x7d06,0x7d06,0x7d06,0x5384,0x5384,0x7d06,0x7d06,0x7d06,
    0x9e89,0x9e89,0x9e89,0x9e89,0x7d06,0x42e3,0x42e3,0x7d06,0x7d06,0x7d06,0x7d06,0x7d06,
    0x7d06,0x7d06,0x7d06,0x7d06,0x5384,0x5384,0x7d06,0x7d06,0x7d06,0x7d06,0x7d06,0x7d06,
    0x7d06,0x5384,0x5384,0x5384,0x5384,0x5384,0x0000,0x0000,0x0000,0x0000,0x0000,0x0000,
    0x0000,0x0000,0x0000,0x0000,0x0000,0x0000,0x7d06,0x7d06,0x7d06,0x7d06,0x7d06,0x7d06,
    0x7d06,0x7d06,0x7d06,0x7d06,0x7d06,0x7d06,0x7d06,0x7d06,0x5384,0x5384,0x7d06,0x7d06,
    0x7d06,0x5384,0x5384,0x7d06,0x7d06,0x7d06,0x9e89,0x9e89,0x9e89,0x9e89,0x9e89,0x2a02,
    0x2a02,0x42e3,0x7d06,0x7d06,0x7d06,0x7d06,0x7d06,0x7d06,0x7d06,0x7d06,0x5384,0x5384,
    0x7d06,0x7d06,0x7d06,0x7d06,0x7d06,0x7d06,0x7d06,0x7d06,0x5384,0x5384,0x5384,0x5384,
    0x0000,0x0000,0x0000,0x0000,0x0000,0x0000,0x0000,0x0000,0x0000,0x0000,0x0000,0x0000,
    0x0000,0x42e3,0x7d06,0x7d06,0x7d06,0x7d06,0x7d06,0x7d06,0x7d06,0x7d06,0x7d06,0x7d06,
    0x7d06,0x7d06,0x5384,0x5384,0x7d06,0x7d06,0x7d06,0x5384,0x5384,0x7d06,0x7d06,0x7d06,
    0x7d06,0x7d06,0x5384,0x5384,0x9e89,0x2a02,0x2a02,0x2a02,0x42e3,0x7d06,0x7d06,0x7d06,
    0x7d06,0x7d06,0x7d06,0x7d06,0x7d06,0x7d06,0x9e89,0x9e89,0x9e89,0x9e89,0x9e89,0x9e89,
    0x7d06,0x7d06,0x7d06,0x5384,0x5384,0x5384,0x0000,0x0000,0x0000,0x0000,0x0000,0x0000,
    0x0000,0x0000,0x0000,0x0000,0x0000,0x0000,0x0000,0x0000,0x7d06,0x7d06,0x7d06,0x7d06,
    0x7d06,0x7d06,0x7d06,0x7d06,0x7d06,0x7d06,0x7d06,0x7d06,0x5384,0x5384,0x7d06,0x7d06,
    0x7d06,0x5384,0x5384,0x7d06,0x7d06,0x7d06,0x7d06,0x7d06,0x5384,0x5384,0x5384,0x7d06,
    0x2a02,0x2a02,0x2a02,0x7d06,0x7d06,0x7d06,0x7d06,0x7d06,0x7d06,0x7d06,0x7d06,0x7d06,
    0x9e89,0x9e89,0x9e89,0x9e89,0x9e89,0x9e89,0x9e89,0x7d06,0x7d06,0x7d06,0x5384,0x5384,
    0x0000,0x0000,0x0000,0x0000,0x0000,0x0000,0x0000,0x0000,0x0000,0x0000,0x0000,0x0000,
    0x0000,0x0000,0x0000,0x42e3,0x7d06,0x7d06,0x7d06,0x7d06,0x7d06,0x7d06,0x7d06,0x7d06,
    0x7d06,0x7d06,0x5384,0x5384,0x7d06,0x7d06,0x7d06,0x5384,0x5384,0x7d06,0x7d06,0x7d06,
    0x7d06,0x7d06,0x7d06,0x7d06,0x9e89,0x9e89,0x9e89,0x9e89,0x9e89,0x9e89,0x0000,0x7d06,
    0x7d06,0x7d06,0x7d06,0x7d06,0x7d06,0x9e89,0x9e89,0x9e89,0x9e89,0x9e89,0x9e89,0x9e89,
    0x9e89,0x9e89,0x0000,0x0000,0x0000,0x0000,0x0000,0x0000,0x0000,0x0000,0x0000,0x0000,
    0x0000,0x0000,0x0000,0x0000,0x0000,0x0000,0x0000,0x0000,0x0000,0x0000,0x7d06,0x7d06,
    0x7d06,0x7d06,0x7d06,0x7d06,0x7d06,0x7d06,0x7d06,0x7d06,0x5384,0x5384,0x7d06,0x5384,
    0x5384,0x7d06,0x7d06,0x7d06,0x7d06,0x7d06,0x7d06,0x7d06,0x7d06,0x7d06,0x9e89,0x9e89,
    0x9e89,0x9e89,0x9e89,0x9e89,0x9e89,0x9e89,0x7d06,0x7d06,0x7d06,0x7d06,0x7d06,0x7d06,
    0x9e89,0x9e89,0x9e89,0x9e89,0x9e89,0x9e89,0x9e89,0x9e89,0x9e89,0x0000,0x0000,0x0000,
    0x0000,0x0000,0x0000,0x0000,0x0000,0x0000,0x0000,0x0000,0x0000,0x0000,0x0000,0x0000,
    0x0000,0x0000,0x0000,0x0000,0x0000,0x42e3,0x42e3,0x7d06,0x7d06,0x7d06,0x7d06,0x7d06,
    0x7d06,0x7d06,0x5384,0x5384,0x7d06,0x5384,0x5384,0x7d06,0x7d06,0x42e3,0x42e3,0x42e3,
    0x42e3,0x5384,0x5384,0x2a02,0x7d06,0x2a02,0x2a02,0x5384,0x5384,0x5384,0x9e89,0x9e89,
    0x9e89,0x7d06,0x7d06,0x7d06,0x7d06,0x7d06,0x7d06,0x9e89,0x9e89,0x9e89,0x9e89,0x9e89,
    0x9e89,0x9e89,0x9e89,0x9e89,0x0000,0x0000,0x0000,0x0000,0x0000,0x0000,0x0000,0x0000,
    0x0000,0x0000,0x0000,0x0000,0x0000,0x0000,0x0000,0x0000,0x0000,0x0000,0x0000,0x0000,
    0x42e3,0x42e3,0x7d06,0x7d06,0x7d06,0x7d06,0x7d06,0x7d06,0x5384,0x5384,0x5384,0x42e3,
    0x42e3,0x2a02,0x2a02,0x7d06,0x42e3,0x42e3,0x42e3,0x42e3,0x2a02,0x2a02,0x2a02,0x7d06,
    0x5384,0x5384,0x5384,0x5384,0x7d06,0x5384,0x5384,0x9e89,0x7d06,0x7d06,0x7d06,0x7d06,
    0x7d06,0x7d06,0x7d06,0x7d06,0x9e89,0x9e89,0x9e89,0x9e89,0x9e89,0x9e89,0x0000,0x0000,
    0x0000,0x0000,0x0000,0x0000,0x0000,0x0000,0x0000,0x0000,0x0000,0x0000,0x0000,0x0000,
    0x0000,0x0000,0x0000,0x0000,0x0000,0x0000,0x0000,0x42e3,0x42e3,0x7d06,0x7d06,0x7d06,
    0x7d06,0x7d06,0x5384,0x5384,0x5384,0x42e3,0x42e3,0x2a02,0x2a02,0x2a02,0x7d06,0x42e3,
    0x42e3,0x42e3,0x42e3,0x2a02,0x2a02,0x5384,0x5384,0x5384,0x0000,0x7d06,0x7d06,0x5384,
    0x5384,0x5384,0x0000,0x0000,0x0000,0x0000,0x0000,0x0000,0x0000,0x0000,0x0000,0x0000,
    0x0000,0x0000,0x0000,0x0000,0x0000,0x0000,0x0000,0x0000,0x0000,0x0000,0x0000,0x0000,
    0x0000,0x0000,0x0000,0x0000,0x0000,0x0000,0x0000,0x0000,0x0000,0x0000,0x0000,0x0000,
    0x0000,0x0000,0x7d06,0x7d06,0x7d06,0x7d06,0x7d06,0x7d06,0x5384,0x5384,0x42e3,0x42e3,
    0x42e3,0x42e3,0x2a02,0x2a02,0x2a02,0x7d06,0x7d06,0x7d06,0x7d06,0x7d06,0x5384,0x5384,
    0x5384,0x5384,0x0000,0x0000,0x7d06,0x7d06,0x5384,0x5384,0x0000,0x0000,0x0000,0x0000,
    0x0000,0x0000,0x0000,0x0000,0x0000,0x0000,0x0000,0x0000,0x0000,0x0000,0x0000,0x0000,
    0x0000,0x0000,0x0000,0x0000,0x0000,0x0000,0x0000,0x0000,0x0000,0x0000,0x0000,0x0000,
    0x0000,0x0000,0x0000,0x0000,0x0000,0x0000,0x0000,0x0000,0x0000,0x0000,0x0000,0x0000,
    0x5384,0x5384,0x5384,0x42e3,0x42e3,0x42e3,0x42e3,0x42e3,0x42e3,0x2a02,0x2a02,0x7d06,
    0x7d06,0x7d06,0x7d06,0x7d06,0x7d06,0x5384,0x5384,0x5384,0x0000,0x0000,0x7d06,0x7d06,
    0x7d06,0x7d06,0x9e89,0x9e89,0x9e89,0x9e89,0x9e89,0x9e89,0x0000,0x0000,0x0000,0x0000,
    0x0000,0x0000,0x0000,0x0000,0x0000,0x0000,0x0000,0x0000,0x0000,0x0000,0x0000,0x0000,
    0x0000,0x0000,0x0000,0x0000,0x0000,0x0000,0x0000,0x0000,0x0000,0x0000,0x0000,0x0000,
    0x0000,0x0000,0x0000,0x0000,0x0000,0x0000,0x5384,0x5384,0x0000,0x0000,0x0000,0x0000,
    0x0000,0x0000,0x0000,0x0000,0x7d06,0x7d06,0x7d06,0x7d06,0x7d06,0x7d06,0x7d06,0x5384,
    0x5384,0x5384,0x0000,0x0000,0x7d06,0x7d06,0x7d06,0x7d06,0x9e89,0x9e89,0x9e89,0x9e89,
    0x9e89,0x9e89,0x0000,0x0000,0x0000,0x0000,0x0000,0x0000,0x0000,0x0000,0x0000,0x0000,
    0x0000,0x0000,0x0000,0x0000,0x0000,0x0000,0x0000,0x0000,0x0000,0x0000,0x0000,0x0000,
    0x0000,0x0000,0x0000,0x0000,0x0000,0x0000,0x0000,0x0000,0x0000,0x0000,0x0000,0x0000,
    0x5384,0x5384,0x0000,0x0000,0x0000,0x0000,0x0000,0x0000,0x0000,0x0000,0x0000,0x7d06,
    0x7d06,0x7d06,0x7d06,0x7d06,0x7d06,0x5384,0x5384,0x5384,0x0000,0x0000,0x0000,0x0000,
    0x0000,0x0000,0x0000,0x0000,0x0000,0x0000,0x5384,0x5384,0x0000,0x0000,0x0000,0x0000,
    0x0000,0x0000,0x0000,0x0000,0x0000,0x0000,0x0000,0x0000,0x0000,0x0000,0x0000,0x0000,
    0x0000,0x0000,0x0000,0x0000,0x0000,0x0000,0x0000,0x0000,0x0000,0x0000,0x0000,0x0000,
    0x0000,0x0000,0x0000,0x0000,0x0000,0x0000,0x5384,0x5384,0x0000,0x0000,0x0000,0x0000,
    0x0000,0x0000,0x0000,0x0000,0x0000,0x0000,0x7d06,0x7d06,0x7d06,0x7d06,0x7d06,0x5384,
    0x5384,0x5384,0x0000,0x0000,0x0000,0x0000,0x0000,0x0000,0x0000,0x0000,0x0000,0x0000,
    0x5384,0x5384,0x0000,0x0000,0x0000,0x0000,0x0000,0x0000,0x0000,0x0000,0x0000,0x0000,
    0x0000,0x0000,0x0000,0x0000,0x0000,0x0000,0x0000,0x0000,0x0000,0x0000,0x0000,0x0000,
    0x0000,0x0000,0x0000,0x0000,0x0000,0x0000,0x0000,0x0000,0x0000,0x0000,0x0000,0x0000,
    0x7d06,0x7d06,0x9e89,0x9e89,0x0000,0x0000,0x0000,0x0000,0x0000,0x0000,0x0000,0x0000,
    0x0000,0x0000,0x7d06,0x7d06,0x7d06,0x5384,0x5384,0x5384,0x0000,0x0000,0x0000,0x0000,
    0x0000,0x0000,0x0000,0x0000,0x0000,0x0000,0x0000,0x0000,0x0000,0x0000,0x0000,0x0000,
    0x0000,0x0000,0x0000,0x0000,0x0000,0x0000,0x0000,0x0000,0x0000,0x0000,0x0000,0x0000,
    0x0000,0x0000,0x0000,0x0000,0x0000,0x0000,0x0000,0x0000,0x0000,0x0000,0x0000,0x0000,
    0x0000,0x0000,0x0000,0x0000,0x0000,0x0000,0x7d06,0x7d06,0x9e89,0x9e89,0x0000,0x0000,
    0x0000,0x0000,0x0000,0x0000,0x0000,0x0000,0x0000,0x0000,0x7d06,0x7d06,0x7d06,0x7d06,
    0x5384,0x5384,0x0000,0x0000,0x0000,0x0000,0x0000,0x0000,0x0000,0x0000,0x0000,0x0000,
    0x0000,0x0000,0x0000,0x0000,0x0000,0x0000,0x0000,0x0000,0x0000,0x0000,0x0000,0x0000,
    0x0000,0x0000,0x0000,0x0000,0x0000,0x0000,0x0000,0x0000,0x0000,0x0000,0x0000,0x0000,
    0x0000,0x0000,0x0000,0x0000,0x0000,0x0000,0x0000,0x0000,0x0000,0x0000,0x0000,0x0000,
    0x0000,0x0000,0x0000,0x0000,0x0000,0x0000,0x0000,0x0000,0x0000,0x0000,0x9e89,0x9e89,
    0x9e89,0x9e89,0x7d06,0x7d06,0x5384,0x5384,0x0000,0x0000,0x0000,0x0000,0x0000,0x0000,
    0x0000,0x0000,0x0000,0x0000,0x0000,0x0000,0x0000,0x0000,0x0000,0x0000,0x0000,0x0000,
    0x0000,0x0000,0x0000,0x0000,0x0000,0x0000,0x0000,0x0000,0x0000,0x0000,0x0000,0x0000,
    0x0000,0x0000,0x0000,0x0000,0x0000,0x0000,0x0000,0x0000,0x0000,0x0000,0x0000,0x0000,
    0x0000,0x0000,0x0000,0x0000,0x0000,0x0000,0x0000,0x0000,0x0000,0x0000,0x0000,0x0000,
    0x0000,0x0000,0x0000,0x0000,0x9e89,0x9e89,0x9e89,0x9e89,0x7d06,0x7d06,0x5384,0x5384,
    0x0000,0x0000,0x0000,0x0000,0x0000,0x0000,0x0000,0x0000,0x0000,0x0000,0x0000,0x0000,
    0x0000,0x0000,0x0000,0x0000,0x0000,0x0000,0x0000,0x0000,0x0000,0x0000,0x0000,0x0000,
    0x0000,0x0000,0x0000,0x0000,0x0000,0x0000,0x0000,0x0000,0x0000,0x0000,0x0000,0x0000,
    0x0000,0x0000,0x0000,0x0000,0x0000,0x0000,0x0000,0x0000,0x0000,0x0000,0x0000,0x0000,
    0x0000,0x0000,0x0000,0x0000,0x0000,0x0000,0x0000,0x0000,0x0000,0x0000,0x5384,0x5384,
    0x0000,0x0000,0x0000,0x0000,0x0000,0x0000,0x0000,0x0000,0x0000,0x0000,0x0000,0x0000,
    0x0000,0x0000,0x0000,0x0000,0x0000,0x0000,0x0000,0x0000,0x0000,0x0000,0x0000,0x0000,
    0x0000,0x0000,0x0000,0x0000,0x0000,0x0000,0x0000,0x0000,0x0000,0x0000,0x0000,0x0000,
    0x0000,0x0000,0x0000,0x0000,0x0000,0x0000,0x0000,0x0000,0x0000,0x0000,0x0000,0x0000,
    0x0000,0x0000,0x0000,0x0000,0x0000,0x0000,0x0000,0x0000,0x0000,0x0000,0x0000,0x0000,
    0x0000,0x0000,0x0000,0x0000,0x5384,0x5384,0x0000,0x0000,0x0000,0x0000,0x0000,0x0000,
    0x0000,0x0000,0x0000,0x0000,0x0000,0x0000,0x0000,0x0000,0x0000,0x0000,0x0000,0x0000,
    0x0000,0x0000,0x0000,0x0000,0x0000,0x0000,0x0000,0x0000,0x0000,0x0000,0x0000,0x0000,
};
const sprite_t spr_dino_down_7 = { 66, 32, px_dino_down_7 };

static const uint16_t px_dino_dead[2392] = {
    0x0000,0x0000,0x0000,0x0000,0x0000,0x0000,0x0000,0x0000,0x0000,0x0000,0x0000,0x0000,
    0x0000,0x0000,0x0000,0x0000,0x0000,0x0000,0x0000,0x0000,0x0000,0x0000,0x0000,0x0000,
    0x9e89,0x9e89,0x9e89,0x9e89,0x9e89,0x9e89,0x9e89,0x9e89,0x9e89,0x9e89,0x9e89,0x9e89,
    0x9e89,0x9e89,0x9e89,0x9e89,0x0000,0x0000,0x0000,0x0000,0x0000,0x0000,0x0000,0x0000,
    0x0000,0x0000,0x0000,0x0000,0x0000,0x0000,0x0000,0x0000,0x0000,0x0000,0x0000,0x0000,
    0x0000,0x0000,0x0000,0x0000,0x0000,0x0000,0x0000,0x0000,0x0000,0x0000,0x9e89,0xffff,
    0xffff,0xffff,0xffff,0xffff,0xffff,0x9e89,0x9e89,0x9e89,0x9e89,0x9e89,0x9e89,0x9e89,
    0x9e89,0x9e89,0x9e89,0x0000,0x0000,0x0000,0x0000,0x0000,0x0000,0x0000,0x0000,0x0000,
    0x0000,0x0000,0x0000,0x0000,0x0000,0x0000,0x0000,0x0000,0x0000,0x0000,0x0000,0x0000,
    0x0000,0x0000,0x0000,0x0000,0x0000,0x0000,0x9e89,0x9e89,0x7d06,0xffff,0xffff,0xffff,
    0xffff,0xffff,0xffff,0x7d06,0x7d06,0x7d06,0x7d06,0x7d06,0x7d06,0x7d06,0x7d06,0x7d06,
    0x9e89,0x9e89,0x0000,0x0000,0x0000,0x0000,0x0000,0x0000,0x0000,0x0000,0x0000,0x0000,
    0x0000,0x0000,0x0000,0x0000,0x0000,0x0000,0x0000,0x0000,0x0000,0x0000,0x0000,0x0000,
    0x0000,0x0000,0x0000,0x0000,0x9e89,0x9e89,0x7d06,0xf79e,0xf79e,0x2147,0x2147,0xad55,
    0xad55,0x7d06,0x7d06,0x7d06,0x7d06,0x7d06,0x7d06,0x7d06,0x7d06,0x7d06,0x9e89,0x9e89,
    0x9e89,0x0000,0x0000,0x0000,0x0000,0x0000,0x0000,0x0000,0x0000,0x0000,0x0000,0x0000,
    0x0000,0x0000,0x0000,0x0000,0x0000,0x0000,0x0000,0x0000,0x0000,0x0000,0x0000,0x0000,
    0x0000,0x0000,0x7d06,0x7d06,0x7d06,0xf79e,0xf79e,0x2147,0x2147,0xad55,0xad55,0x7d06,
    0x7d06,0x7d06,0x7d06,0x7d06,0x7d06,0x7d06,0x7d06,0x7d06,0x5384,0x5384,0x9e89,0x9e89,
    0x0000,0x0000,0x0000,0x0000,0x0000,0x0000,0x0000,0x0000,0x0000,0x0000,0x0000,0x0000,
    0x0000,0x0000,0x0000,0x0000,0x0000,0x0000,0x0000,0x0000,0x0000,0x0000,0x0000,0x0000,
    0x7d06,0x7d06,0x7d06,0xf79e,0xf79e,0xf79e,0xf79e,0xad55,0xad55,0x7d06,0x7d06,0x7d06,
    0x7d06,0x7d06,0x7d06,0x7d06,0x7d06,0x7d06,0x5384,0x5384,0x5384,0x9e89,0x9e89,0x0000,
    0x0000,0x0000,0x0000,0x0000,0x0000,0x0000,0x0000,0x0000,0x0000,0x0000,0x0000,0x0000,
    0x0000,0x0000,0x0000,0x0000,0x0000,0x0000,0x0000,0x0000,0x0000,0x0000,0x7d06,0x7d06,
    0x7d06,0xf79e,0xf79e,0xf79e,0xf79e,0xad55,0xad55,0x7d06,0x7d06,0x7d06,0x7d06,0x7d06,
    0x7d06,0x7d06,0x7d06,0x7d06,0x5384,0x5384,0x5384,0x5384,0x9e89,0x9e89,0x0000,0x0000,
    0x0000,0x0000,0x0000,0x0000,0x0000,0x0000,0x0000,0x0000,0x0000,0x0000,0x0000,0x0000,
    0x0000,0x0000,0x0000,0x0000,0x0000,0x0000,0x0000,0x0000,0x7d06,0x7d06,0x7d06,0x7d06,
    0x7d06,0x7d06,0x7d06,0x7d06,0x7d06,0x7d06,0x7d06,0x7d06,0x7d06,0x7d06,0x7d06,0x7d06,
    0x7d06,0x7d06,0x5384,0x5384,0x5384,0x5384,0x5384,0x9e89,0x0000,0x0000,0x0000,0x0000,
    0x0000,0x0000,0x0000,0x0000,0x0000,0x0000,0x0000,0x0000,0x0000,0x0000,0x0000,0x0000,
    0x0000,0x0000,0x0000,0x0000,0x0000,0x0000,0x7d06,0x7d06,0x7d06,0x7d06,0x7d06,0x7d06,
    0x7d06,0x7d06,0x7d06,0x7d06,0x7d06,0x7d06,0x7d06,0x7d06,0x7d06,0x7d06,0x7d06,0x7d06,
    0x5384,0x5384,0x5384,0x5384,0x5384,0x5384,0x0000,0x0000,0x0000,0x0000,0x0000,0x0000,
    0x0000,0x0000,0x0000,0x0000,0x0000,0x0000,0x0000,0x0000,0x0000,0x0000,0x0000,0x0000,
    0x0000,0x0000,0x0000,0x0000,0x7d06,0x7d06,0x7d06,0x7d06,0x7d06,0x7d06,0x7d06,0x7d06,
    0x7d06,0x7d06,0x7d06,0x7d06,0x7d06,0x7d06,0x7d06,0x7d06,0x7d06,0x7d06,0x5384,0x5384,
    0x5384,0x5384,0x5384,0x5384,0x53e4,0x53e4,0x0000,0x0000,0x0000,0x0000,0x0000,0x0000,
    0x0000,0x0000,0x0000,0x0000,0x0000,0x0000,0x0000,0x0000,0x0000,0x0000,0x0000,0x0000,
    0x0000,0x0000,0x7d06,0x7d06,0x7d06,0x7d06,0x7d06,0x7d06,0x7d06,0x7d06,0x7d06,0x7d06,
    0x5384,0x5384,0x7d06,0x7d06,0x7d06,0x7d06,0x7d06,0x7d06,0x7d06,0x5384,0x5384,0x5384,
    0x5384,0x5384,0x53e4,0x53e4,0x0000,0x0000,0x0000,0x0000,0x0000,0x0000,0x0000,0x0000,
    0x0000,0x0000,0x0000,0x0000,0x0000,0x0000,0x0000,0x0000,0x0000,0x0000,0x0000,0x0000,
    0x7d06,0x7d06,0x7d06,0x7d06,0x7d06,0x7d06,0x7d06,0x7d06,0x7d06,0x7d06,0x5384,0x5384,
    0x7d06,0x7d06,0x7d06,0x7d06,0x7d06,0x7d06,0x7d06,0x7d06,0x5384,0x5384,0x5384,0x5384,
    0x42e3,0x42e3,0x53e4,0x53e4,0x0000,0x0000,0x0000,0x0000,0x0000,0x0000,0x0000,0x0000,
    0x0000,0x0000,0x0000,0x0000,0x0000,0x0000,0x0000,0x0000,0x0000,0x0000,0x7d06,0x7d06,
    0x7d06,0x7d06,0x7d06,0x7d06,0x7d06,0x7d06,0x7d06,0x7d06,0x7d06,0x7d06,0x9e89,0x9e89,
    0x9e89,0x9e89,0x9e89,0x9e89,0x7d06,0x7d06,0x7d06,0x5384,0x5384,0x5384,0x42e3,0x53e4,
    0x53e4,0x53e4,0x0000,0x0000,0x0000,0x0000,0x0000,0x0000,0x0000,0x0000,0x0000,0x0000,
    0x0000,0x0000,0x0000,0x0000,0x0000,0x0000,0x0000,0x0000,0x7d06,0x7d06,0x7d06,0x7d06,
    0x7d06,0x7d06,0x7d06,0x7d06,0x7d06,0x7d06,0x7d06,0x7d06,0x9e89,0x9e89,0x9e89,0x9e89,
    0x9e89,0x9e89,0x9e89,0x7d06,0x7d06,0x7d06,0x5384,0x5384,0x42e3,0x53e4,0x53e4,0x42e3,
    0x53e4,0x53e4,0x0000,0x0000,0x0000,0x0000,0x0000,0x0000,0x0000,0x0000,0x0000,0x0000,
    0x0000,0x0000,0x0000,0x0000,0x0000,0x0000,0x7d06,0x7d06,0x7d06,0x7d06,0x7d06,0x7d06,
    0x7d06,0x7d06,0x7d06,0x7d06,0x5384,0x5384,0x9e89,0x9e89,0x9e89,0x9e89,0x9e89,0x9e89,
    0x9e89,0x9e89,0x0000,0x0000,0x0000,0x0000,0x42e3,0x42e3,0x42e3,0x53e4,0x53e4,0x53e4,
    0x0000,0x0000,0x0000,0x0000,0x0000,0x0000,0x0000,0x0000,0x0000,0x0000,0x0000,0x0000,
    0x0000,0x0000,0x0000,0x0000,0x7d06,0x7d06,0x7d06,0x7d06,0x7d06,0x7d06,0x7d06,0x7d06,
    0x7d06,0x7d06,0x5384,0x5384,0x5384,0x9e89,0x9e89,0x9e89,0x9e89,0x9e89,0x9e89,0x9e89,
    0x9e89,0x0000,0x0000,0x0000,0x0000,0x42e3,0x42e3,0x53e4,0x53e4,0x42e3,0x53e4,0x53e4,
    0x0000,0x0000,0x0000,0x0000,0x0000,0x0000,0x0000,0x0000,0x0000,0x0000,0x0000,0x0000,
    0x9e89,0x9e89,0x7d06,0x7d06,0x7d06,0x7d06,0x9e89,0x9e89,0x9e89,0x9e89,0x7d06,0x7d06,
    0x5384,0x5384,0x5384,0x5384,0x9e89,0x9e89,0x9e89,0x9e89,0x9e89,0x9e89,0x9e89,0x9e89,
    0x0000,0x0000,0x0000,0x42e3,0x42e3,0x42e3,0x42e3,0x53e4,0x53e4,0x53e4,0x0000,0x0000,
    0x0000,0x0000,0x0000,0x0000,0x0000,0x0000,0x0000,0x0000,0x0000,0x53e4,0x9e89,0x9e89,
    0x7d06,0x7d06,0x7d06,0x7d06,0x9e89,0x9e89,0x9e89,0x9e89,0x9e89,0x7d06,0x5384,0x5384,
    0x5384,0x5384,0x5384,0x7d06,0x9e89,0x9e89,0x9e89,0x9e89,0x9e89,0x9e89,0x0000,0x0000,
    0x0000,0x42e3,0x8de8,0x8de8,0x8de8,0x8de8,0x53e4,0x42e3,0x53e4,0x53e4,0x0000,0x0000,
    0x0000,0x0000,0x0000,0x0000,0x0000,0x0000,0x9e89,0x9e89,0x7d06,0x7d06,0x7d06,0x7d06,
    0x7d06,0x7d06,0x7d06,0x7d06,0x5384,0x5384,0x9e89,0x7d06,0x5384,0x5384,0x5384,0x5384,
    0x5384,0x5384,0x0000,0x0000,0x0000,0x0000,0x0000,0x0000,0x0000,0x0000,0x0000,0x42e3,
    0x8de8,0x8de8,0x8de8,0x8de8,0x42e3,0x53e4,0x53e4,0x53e4,0x0000,0x0000,0x0000,0x0000,
    0x0000,0x0000,0x0000,0x53e4,0x9e89,0x9e89,0x7d06,0x7d06,0x7d06,0x7d06,0x7d06,0x7d06,
    0x7d06,0x7d06,0x5384,0x5384,0x5384,0x7d06,0x5384,0x5384,0x5384,0x5384,0x5384,0x5384,
    0x0000,0x0000,0x0000,0x0000,0x0000,0x0000,0x0000,0x0000,0x0000,0x42e3,0x6c86,0x6c86,
    0x6c86,0x6c86,0x8de8,0x8de8,0x53e4,0x2a02,0x0000,0x0000,0x0000,0x0000,0x9e89,0x9e89,
    0x9e89,0x9e89,0x7d06,0x7d06,0x7d06,0x7d06,0x7d06,0x7d06,0x7d06,0x7d06,0x7d06,0x7d06,
    0x7d06,0x7d06,0x9e89,0x9e89,0x9e89,0x9e89,0x9e89,0x9e89,0x5384,0x5384,0x0000,0x0000,
    0x0000,0x0000,0x0000,0x0000,0x0000,0x0000,0x0000,0x0000,0x6c86,0x6c86,0x6c86,0x6c86,
    0x8de8,0x8de8,0x2a02,0x2a02,0x53e4,0x0000,0x0000,0x0000,0x9e89,0x9e89,0x9e89,0x9e89,
    0x7d06,0x7d06,0x7d06,0x7d06,0x7d06,0x7d06,0x7d06,0x7d06,0x7d06,0x7d06,0x7d06,0x7d06,
    0x9e89,0x9e89,0x9e89,0x9e89,0x9e89,0x9e89,0x5384,0x5384,0x0000,0x0000,0x0000,0x0000,
    0x0000,0x0000,0x0000,0x0000,0x0000,0x0000,0x6c86,0x6c86,0x6c86,0x6c86,0x6c86,0x6c86,
    0x8de8,0x8de8,0x8de8,0x8de8,0x8de8,0x8de8,0x7d06,0x7d06,0x7d06,0x7d06,0x7d06,0x7d06,
    0x7d06,0x7d06,0x7d06,0x7d06,0x7d06,0x7d06,0x7d06,0x5384,0x5384,0x7d06,0x7d06,0x7d06,
    0x5384,0x5384,0x5384,0x5384,0x5384,0x5384,0x0000,0x0000,0x0000,0x0000,0x0000,0x0000,
    0x0000,0x0000,0x0000,0x0000,0x6c86,0x6c86,0x6c86,0x6c86,0x6c86,0x6c86,0x8de8,0x8de8,
    0x8de8,0x8de8,0x8de8,0x8de8,0x7d06,0x7d06,0x7d06,0x7d06,0x7d06,0x7d06,0x7d06,0x7d06,
    0x7d06,0x7d06,0x7d06,0x7d06,0x7d06,0x7d06,0x7d06,0x7d06,0x7d06,0x7d06,0x5384,0x5384,
    0x5384,0x5384,0x5384,0x5384,0x9e89,0x0000,0x0000,0x0000,0x0000,0x0000,0x0000,0x0000,
    0x0000,0x0000,0x0000,0x42e3,0x6c86,0x6c86,0x6c86,0x6c86,0x7d06,0x7d06,0x7d06,0x7d06,
    0x7d06,0x7d06,0x7d06,0x7d06,0x7d06,0x7d06,0x7d06,0x7d06,0x7d06,0x7d06,0x7d06,0x7d06,
    0x7d06,0x7d06,0x7d06,0x7d06,0x7d06,0x7d06,0x7d06,0x7d06,0x5384,0x5384,0x2a02,0x2a02,
    0x5384,0x5384,0x9e89,0x9e89,0x0000,0x0000,0x0000,0x0000,0x0000,0x0000,0x0000,0x0000,
    0x0000,0x42e3,0x6c86,0x6c86,0x6c86,0x6c86,0x7d06,0x7d06,0x7d06,0x9e89,0x9e89,0x9e89,
    0x9e89,0x9e89,0x9e89,0x9e89,0x9e89,0x9e89,0x9e89,0x9e89,0x9e89,0x7d06,0x7d06,0x7d06,
    0x7d06,0x7d06,0x7d06,0x7d06,0x7d06,0x7d06,0x5384,0x5384,0x2a02,0x2a02,0x2a02,0x5384,
    0x5384,0x9e89,0x0000,0x0000,0x0000,0x0000,0x0000,0x0000,0x0000,0x0000,0x0000,0x42e3,
    0x6c86,0x6c86,0x7d06,0x7d06,0x7d06,0x7d06,0x9e89,0x9e89,0x9e89,0x9e89,0x9e89,0x9e89,
    0x9e89,0x9e89,0x9e89,0x9e89,0x9e89,0x9e89,0x9e89,0x7d06,0x7d06,0x7d06,0x7d06,0x7d06,
    0x7d06,0x7d06,0x7d06,0x7d06,0x5384,0x5384,0x2a02,0x2a02,0x2a02,0x5384,0x5384,0x5384,
    0x0000,0x0000,0x0000,0x0000,0x0000,0x0000,0x0000,0x0000,0x0000,0x0000,0x6c86,0x6c86,
    0x7d06,0x7d06,0x7d06,0x7d06,0x9e89,0x9e89,0x9e89,0x9e89,0x9e89,0x9e89,0x9e89,0x9e89,
    0x9e89,0x9e89,0x7d06,0x5384,0x5384,0x7d06,0x7d06,0x7d06,0x7d06,0x7d06,0x7d06,0x7d06,
    0x7d06,0x7d06,0x5384,0x5384,0x2a02,0x2a02,0x2a02,0x5384,0x5384,0x5384,0x0000,0x0000,
    0x0000,0x0000,0x0000,0x0000,0x0000,0x0000,0x0000,0x0000,0x6c86,0x6c86,0x7d06,0x7d06,
    0x7d06,0x7d06,0x7d06,0x7d06,0x7d06,0x7d06,0x7d06,0x7d06,0x7d06,0x7d06,0x5384,0x5384,
    0x7d06,0x5384,0x5384,0x7d06,0x7d06,0x7d06,0x7d06,0x7d06,0x7d06,0x7d06,0x7d06,0x7d06,
    0x5384,0x5384,0x2a02,0x2a02,0x2a02,0x5384,0x7d06,0x7d06,0x9e89,0x9e89,0x9e89,0x9e89,
    0x9e89,0x9e89,0x0000,0x0000,0x0000,0x0000,0x6c86,0x6c86,0x7d06,0x7d06,0x7d06,0x7d06,
    0x7d06,0x7d06,0x7d06,0x7d06,0x7d06,0x7d06,0x7d06,0x7d06,0x5384,0x5384,0x7d06,0x5384,
    0x5384,0x7d06,0x7d06,0x7d06,0x7d06,0x7d06,0x7d06,0x7d06,0x7d06,0x7d06,0x5384,0x5384,
    0x2a02,0x2a02,0x2a02,0x5384,0x7d06,0x7d06,0x9e89,0x9e89,0x9e89,0x9e89,0x9e89,0x9e89,
    0x0000,0x0000,0x0000,0x0000,0x0000,0x42e3,0x7d06,0x7d06,0x7d06,0x7d06,0x7d06,0x7d06,
    0x7d06,0x7d06,0x7d06,0x7d06,0x7d06,0x7d06,0x5384,0x5384,0x7d06,0x5384,0x5384,0x7d06,
    0x7d06,0x7d06,0x7d06,0x7d06,0x7d06,0x7d06,0x5384,0x5384,0x42e3,0x2a02,0x2a02,0x2a02,
    0x2a02,0x5384,0x0000,0x0000,0x0000,0x0000,0x0000,0x0000,0x5384,0x5384,0x0000,0x0000,
    0x0000,0x0000,0x0000,0x0000,0x7d06,0x7d06,0x7d06,0x7d06,0x7d06,0x7d06,0x7d06,0x7d06,
    0x7d06,0x7d06,0x7d06,0x7d06,0x5384,0x5384,0x7d06,0x5384,0x5384,0x7d06,0x7d06,0x7d06,
    0x7d06,0x7d06,0x7d06,0x7d06,0x5384,0x5384,0x42e3,0x2a02,0x2a02,0x2a02,0x2a02,0x5384,
    0x0000,0x0000,0x0000,0x0000,0x0000,0x0000,0x5384,0x5384,0x0000,0x0000,0x0000,0x0000,
    0x0000,0x0000,0x0000,0x42e3,0x7d06,0x7d06,0x7d06,0x7d06,0x7d06,0x7d06,0x7d06,0x7d06,
    0x7d06,0x7d06,0x5384,0x5384,0x7d06,0x5384,0x5384,0x7d06,0x7d06,0x7d06,0x7d06,0x7d06,
    0x7d06,0x7d06,0x5384,0x5384,0x42e3,0x2a02,0x2a02,0x2a02,0x2a02,0x5384,0x0000,0x0000,
    0x0000,0x0000,0x0000,0x0000,0x0000,0x0000,0x0000,0x0000,0x0000,0x0000,0x0000,0x0000,
    0x0000,0x0000,0x7d06,0x7d06,0x7d06,0x7d06,0x7d06,0x7d06,0x7d06,0x7d06,0x7d06,0x7d06,
    0x5384,0x5384,0x7d06,0x5384,0x5384,0x7d06,0x7d06,0x7d06,0x7d06,0x7d06,0x7d06,0x7d06,
    0x5384,0x5384,0x2a02,0x42e3,0x2a02,0x2a02,0x2a02,0x5384,0x0000,0x0000,0x0000,0x0000,
    0x0000,0x0000,0x0000,0x0000,0x0000,0x0000,0x0000,0x0000,0x0000,0x0000,0x0000,0x0000,
    0x0000,0x42e3,0x7d06,0x7d06,0x7d06,0x7d06,0x7d06,0x7d06,0x7d06,0x7d06,0x5384,0x5384,
    0x7d06,0x5384,0x5384,0x7d06,0x7d06,0x7d06,0x7d06,0x7d06,0x5384,0x5384,0x42e3,0x2a02,
    0x2a02,0x2a02,0x42e3,0x2a02,0x2a02,0x0000,0x0000,0x0000,0x0000,0x0000,0x0000,0x0000,
    0x0000,0x0000,0x0000,0x0000,0x0000,0x0000,0x0000,0x0000,0x0000,0x0000,0x0000,0x0000,
    0x7d06,0x7d06,0x7d06,0x7d06,0x7d06,0x7d06,0x7d06,0x7d06,0x5384,0x5384,0x5384,0x7d06,
    0x7d06,0x7d06,0x7d06,0x7d06,0x7d06,0x7d06,0x5384,0x5384,0x2a02,0x42e3,0x2a02,0x2a02,
    0x2a02,0x5384,0x0000,0x0000,0x0000,0x0000,0x0000,0x0000,0x0000,0x0000,0x0000,0x0000,
    0x0000,0x0000,0x0000,0x0000,0x0000,0x0000,0x0000,0x0000,0x0000,0x0000,0x0000,0x42e3,
    0x7d06,0x7d06,0x7d06,0x7d06,0x7d06,0x7d06,0x5384,0x5384,0x5384,0x42e3,0x42e3,0x42e3,
    0x42e3,0x42e3,0x42e3,0x42e3,0x42e3,0x2a02,0x2a02,0x2a02,0x42e3,0x2a02,0x2a02,0x5384,
    0x0000,0x0000,0x0000,0x0000,0x0000,0x0000,0x0000,0x0000,0x0000,0x0000,0x0000,0x0000,
    0x0000,0x0000,0x0000,0x0000,0x0000,0x0000,0x0000,0x0000,0x0000,0x0000,0x7d06,0x7d06,
    0x7d06,0x7d06,0x7d06,0x7d06,0x5384,0x5384,0x5384,0x42e3,0x42e3,0x2a02,0x2a02,0x42e3,
    0x42e3,0x42e3,0x42e3,0x42e3,0x2a02,0x2a02,0x2a02,0x7d06,0x5384,0x5384,0x0000,0x0000,
    0x0000,0x0000,0x0000,0x0000,0x0000,0x0000,0x0000,0x0000,0x0000,0x0000,0x0000,0x0000,
    0x0000,0x0000,0x0000,0x0000,0x0000,0x0000,0x0000,0x0000,0x0000,0x7d06,0x7d06,0x7d06,
    0x7d06,0x7d06,0x5384,0x5384,0x5384,0x42e3,0x42e3,0x2a02,0x2a02,0x2a02,0x42e3,0x42e3,
    0x42e3,0x42e3,0x42e3,0x2a02,0x2a02,0x5384,0x5384,0x5384,0x0000,0x0000,0x0000,0x0000,
    0x0000,0x0000,0x0000,0x0000,0x0000,0x0000,0x0000,0x0000,0x0000,0x0000,0x0000,0x0000,
    0x0000,0x0000,0x0000,0x0000,0x0000,0x0000,0x0000,0x0000,0x7d06,0x7d06,0x7d06,0x7d06,
    0x5384,0x5384,0x42e3,0x42e3,0x42e3,0x42e3,0x2a02,0x2a02,0x2a02,0x7d06,0x7d06,0x7d06,
    0x7d06,0x7d06,0x5384,0x5384,0x5384,0x5384,0x0000,0x0000,0x0000,0x0000,0x0000,0x0000,
    0x0000,0x0000,0x0000,0x0000,0x0000,0x0000,0x0000,0x0000,0x0000,0x0000,0x0000,0x0000,
    0x0000,0x0000,0x9e89,0x9e89,0x9e89,0x9e89,0x9e89,0x9e89,0x5384,0x5384,0x42e3,0x42e3,
    0x42e3,0x42e3,0x42e3,0x42e3,0x42e3,0x2a02,0x2a02,0x7d06,0x7d06,0x7d06,0x7d06,0x7d06,
    0x7d06,0x5384,0x5384,0x5384,0x0000,0x0000,0x0000,0x0000,0x0000,0x0000,0x0000,0x0000,
    0x0000,0x0000,0x0000,0x0000,0x0000,0x0000,0x0000,0x0000,0x0000,0x0000,0x0000,0x0000,
    0x9e89,0x9e89,0x9e89,0x9e89,0x9e89,0x9e89,0x5384,0x5384,0x0000,0x0000,0x0000,0x0000,
    0x0000,0x0000,0x0000,0x7d06,0x7d06,0x7d06,0x7d06,0x7d06,0x7d06,0x7d06,0x7d06,0x5384,
    0x5384,0x5384,0x0000,0x0000,0x0000,0x0000,0x0000,0x0000,0x0000,0x0000,0x0000,0x0000,
    0x0000,0x0000,0x0000,0x0000,0x0000,0x0000,0x0000,0x0000,0x0000,0x0000,0x5384,0x5384,
    0x0000,0x0000,0x0000,0x0000,0x0000,0x0000,0x0000,0x0000,0x0000,0x0000,0x0000,0x0000,
    0x0000,0x7d06,0x7d06,0x7d06,0x7d06,0x7d06,0x7d06,0x7d06,0x7d06,0x5384,0x5384,0x5384,
    0x0000,0x0000,0x0000,0x0000,0x0000,0x0000,0x0000,0x0000,0x0000,0x0000,0x0000,0x0000,
    0x0000,0x0000,0x0000,0x0000,0x0000,0x0000,0x0000,0x0000,0x5384,0x5384,0x0000,0x0000,
    0x0000,0x0000,0x0000,0x0000,0x0000,0x0000,0x0000,0x0000,0x0000,0x0000,0x0000,0x7d06,
    0x7d06,0x7d06,0x7d06,0x7d06,0x7d06,0x5384,0x5384,0x7d06,0x5384,0x5384,0x0000,0x0000,
    0x0000,0x0000,0x0000,0x0000,0x0000,0x0000,0x0000,0x0000,0x0000,0x0000,0x0000,0x0000,
    0x0000,0x0000,0x0000,0x0000,0x0000,0x0000,0x0000,0x0000,0x0000,0x0000,0x0000,0x0000,
    0x0000,0x0000,0x0000,0x0000,0x0000,0x0000,0x0000,0x0000,0x0000,0x7d06,0x7d06,0x7d06,
    0x7d06,0x7d06,0x7d06,0x5384,0x5384,0x7d06,0x5384,0x5384,0x0000,0x0000,0x0000,0x0000,
    0x0000,0x0000,0x0000,0x0000,0x0000,0x0000,0x0000,0x0000,0x0000,0x0000,0x0000,0x0000,
    0x0000,0x0000,0x0000,0x0000,0x0000,0x0000,0x0000,0x0000,0x0000,0x0000,0x0000,0x0000,
    0x0000,0x0000,0x0000,0x0000,0x0000,0x0000,0x0000,0x0000,0x7d06,0x7d06,0x7d06,0x7d06,
    0x7d06,0x7d06,0x7d06,0x7d06,0x5384,0x5384,0x0000,0x0000,0x0000,0x0000,0x0000,0x0000,
    0x0000,0x0000,0x0000,0x0000,0x0000,0x0000,0x0000,0x0000,0x0000,0x0000,0x0000,0x0000,
    0x0000,0x0000,0x0000,0x0000,0x0000,0x0000,0x0000,0x0000,0x0000,0x0000,0x0000,0x0000,
    0x0000,0x0000,0x0000,0x0000,0x0000,0x0000,0x0000,0x0000,0x0000,0x0000,0x0000,0x0000,
    0x0000,0x0000,0x5384,0x5384,0x0000,0x0000,0x0000,0x0000,0x0000,0x0000,0x0000,0x0000,
    0x0000,0x0000,0x0000,0x0000,0x0000,0x0000,0x0000,0x0000,0x0000,0x0000,0x0000,0x0000,
    0x0000,0x0000,0x0000,0x0000,0x0000,0x0000,0x0000,0x0000,0x0000,0x0000,0x0000,0x0000,
    0x0000,0x0000,0x0000,0x0000,0x0000,0x0000,0x0000,0x0000,0x0000,0x0000,0x0000,0x0000,
    0x5384,0x5384,0x0000,0x0000,0x0000,0x0000,0x0000,0x0000,0x0000,0x0000,0x0000,0x0000,
    0x0000,0x0000,0x0000,0x0000,0x0000,0x0000,0x0000,0x0000,0x0000,0x0000,0x0000,0x0000,
    0x0000,0x0000,0x0000,0x0000,0x0000,0x0000,0x0000,0x0000,0x0000,0x0000,0x0000,0x0000,
    0x0000,0x0000,0x0000,0x0000,0x0000,0x0000,0x0000,0x0000,0x0000,0x0000,0x5384,0x5384,
    0x0000,0x0000,0x0000,0x0000,0x0000,0x0000,0x0000,0x0000,0x0000,0x0000,0x0000,0x0000,
    0x0000,0x0000,0x0000,0x0000,0x0000,0x0000,0x0000,0x0000,0x0000,0x0000,0x0000,0x0000,
    0x0000,0x0000,0x0000,0x0000,0x0000,0x0000,0x0000,0x0000,0x0000,0x0000,0x0000,0x0000,
    0x0000,0x0000,0x0000,0x0000,0x0000,0x0000,0x0000,0x0000,0x5384,0x5384,0x0000,0x0000,
    0x0000,0x0000,0x0000,0x0000,0x0000,0x0000,0x0000,0x0000,0x0000,0x0000,0x0000,0x0000,
    0x0000,0x0000,0x0000,0x0000,0x0000,0x0000,0x0000,0x0000,0x0000,0x0000,0x0000,0x0000,
    0x0000,0x0000,0x0000,0x0000,0x0000,0x0000,0x0000,0x0000,0x0000,0x0000,0x0000,0x0000,
    0x0000,0x0000,0x0000,0x0000,0x0000,0x0000,0x7d06,0x7d06,0x9e89,0x9e89,0x0000,0x0000,
    0x0000,0x0000,0x0000,0x0000,0x0000,0x0000,0x0000,0x0000,0x0000,0x0000,0x0000,0x0000,
    0x0000,0x0000,0x0000,0x0000,0x0000,0x0000,0x0000,0x0000,0x0000,0x0000,0x0000,0x0000,
    0x0000,0x0000,0x0000,0x0000,0x0000,0x0000,0x0000,0x0000,0x0000,0x0000,0x0000,0x0000,
    0x0000,0x0000,0x0000,0x0000,0x7d06,0x7d06,0x9e89,0x9e89,0x0000,0x0000,0x0000,0x0000,
    0x0000,0x0000,0x0000,0x0000,
};
const sprite_t spr_dino_dead = { 46, 52, px_dino_dead };

static const uint16_t px_dino_dead_down[2244] = {
    0x0000,0x0000,0x0000,0x0000,0x0000,0x0000,0x0000,0x0000,0x0000,0x0000,0x0000,0x0000,
    0x0000,0x0000,0x0000,0x0000,0x0000,0x0000,0x0000,0x0000,0x0000,0x0000,0x0000,0x0000,
    0x0000,0x0000,0x0000,0x0000,0x0000,0x0000,0x0000,0x0000,0x0000,0x0000,0x0000,0x0000,
    0x0000,0x0000,0x0000,0x0000,0x0000,0x0000,0x0000,0x0000,0x9e89,0x9e89,0x9e89,0x9e89,
    0x9e89,0x9e89,0x9e89,0x9e89,0x9e89,0x9e89,0x9e89,0x9e89,0x9e89,0x9e89,0x9e89,0x9e89,
    0x0000,0x0000,0x0000,0x0000,0x0000,0x0000,0x0000,0x0000,0x0000,0x0000,0x0000,0x0000,
    0x0000,0x0000,0x0000,0x0000,0x0000,0x0000,0x0000,0x0000,0x0000,0x0000,0x0000,0x0000,
    0x0000,0x0000,0x0000,0x0000,0x0000,0x0000,0x0000,0x0000,0x0000,0x0000,0x0000,0x0000,
    0x0000,0x0000,0x0000,0x0000,0x0000,0x0000,0x0000,0x0000,0x0000,0x0000,0x0000,0x0000,
    0x0000,0x0000,0x9e89,0xffff,0xffff,0xffff,0xffff,0xffff,0xffff,0x9e89,0x9e89,0x9e89,
    0x9e89,0x9e89,0x9e89,0x9e89,0x9e89,0x9e89,0x9e89,0x0000,0x0000,0x0000,0x0000,0x0000,
    0x0000,0x0000,0x0000,0x0000,0x9e89,0x9e89,0x9e89,0x9e89,0x9e89,0x9e89,0x8de8,0x8de8,
    0x8de8,0x8de8,0x0000,0x0000,0x0000,0x0000,0x0000,0x0000,0x0000,0x0000,0x9e89,0x9e89,
    0x9e89,0x9e89,0x9e89,0x9e89,0x9e89,0x9e89,0x9e89,0x9e89,0x9e89,0x9e89,0x9e89,0x9e89,
    0x9e89,0x9e89,0x0000,0x0000,0x0000,0x0000,0x9e89,0x9e89,0x7d06,0xffff,0xffff,0xffff,
    0xffff,0xffff,0xffff,0x7d06,0x7d06,0x7d06,0x7d06,0x7d06,0x7d06,0x7d06,0x7d06,0x7d06,
    0x9e89,0x9e89,0x0000,0x0000,0x0000,0x0000,0x0000,0x0000,0x0000,0x53e4,0x9e89,0x9e89,
    0x9e89,0x9e89,0x9e89,0x9e89,0x8de8,0x8de8,0x8de8,0x8de8,0x53e4,0x0000,0x0000,0x0000,
    0x0000,0x0000,0x0000,0x0000,0x9e89,0x9e89,0x9e89,0x9e89,0x9e89,0x9e89,0x9e89,0x9e89,
    0x9e89,0x9e89,0x9e89,0x9e89,0x9e89,0x9e89,0x9e89,0x9e89,0x53e4,0x0000,0x0000,0x0000,
    0x9e89,0x9e89,0x7d06,0xf79e,0xf79e,0x2147,0x2147,0xad55,0xad55,0x7d06,0x7d06,0x7d06,
    0x7d06,0x7d06,0x7d06,0x7d06,0x7d06,0x7d06,0x9e89,0x9e89,0x9e89,0x0000,0x0000,0x0000,
    0x53e4,0x53e4,0x53e4,0x53e4,0x7d06,0x7d06,0x6c86,0x6c86,0x6c86,0x6c86,0x6c86,0x6c86,
    0x6c86,0x6c86,0x8de8,0x8de8,0x8de8,0x8de8,0x8de8,0x8de8,0x8de8,0x8de8,0x7d06,0x7d06,
    0x7d06,0x7d06,0x7d06,0x7d06,0x7d06,0x7d06,0x7d06,0x7d06,0x7d06,0x7d06,0x7d06,0x7d06,
    0x7d06,0x7d06,0x9e89,0x9e89,0x9e89,0x9e89,0x7d06,0x7d06,0x7d06,0xf79e,0xf79e,0x2147,
    0x2147,0xad55,0xad55,0x7d06,0x7d06,0x7d06,0x7d06,0x7d06,0x7d06,0x7d06,0x7d06,0x7d06,
    0x5384,0x5384,0x9e89,0x9e89,0x0000,0x0000,0x53e4,0x53e4,0x53e4,0x42e3,0x7d06,0x7d06,
    0x6c86,0x6c86,0x6c86,0x6c86,0x6c86,0x6c86,0x6c86,0x6c86,0x8de8,0x8de8,0x8de8,0x8de8,
    0x8de8,0x8de8,0x8de8,0x8de8,0x7d06,0x7d06,0x7d06,0x7d06,0x7d06,0x7d06,0x7d06,0x7d06,
    0x7d06,0x7d06,0x7d06,0x7d06,0x7d06,0x7d06,0x7d06,0x7d06,0x9e89,0x9e89,0x9e89,0x9e89,
    0x7d06,0x7d06,0x7d06,0xf79e,0xf79e,0xf79e,0xf79e,0xad55,0xad55,0x7d06,0x7d06,0x7d06,
    0x7d06,0x7d06,0x7d06,0x7d06,0x7d06,0x7d06,0x5384,0x5384,0x5384,0x9e89,0x9e89,0x0000,
    0x0000,0x53e4,0x53e4,0x42e3,0x42e3,0x42e3,0x7d06,0x7d06,0x6c86,0x6c86,0x6c86,0x6c86,
    0x6c86,0x6c86,0x6c86,0x6c86,0x7d06,0x7d06,0x7d06,0x7d06,0x7d06,0x7d06,0x7d06,0x7d06,
    0x7d06,0x7d06,0x7d06,0x7d06,0x7d06,0x7d06,0x7d06,0x7d06,0x7d06,0x7d06,0x7d06,0x7d06,
    0x7d06,0x7d06,0x7d06,0x7d06,0x7d06,0x7d06,0x7d06,0x7d06,0x7d06,0xf79e,0xf79e,0xf79e,
    0xf79e,0xad55,0xad55,0x7d06,0x7d06,0x7d06,0x7d06,0x7d06,0x7d06,0x7d06,0x7d06,0x7d06,
    0x5384,0x5384,0x5384,0x5384,0x9e89,0x9e89,0x0000,0x0000,0x42e3,0x42e3,0x42e3,0x42e3,
    0x7d06,0x7d06,0x6c86,0x6c86,0x6c86,0x6c86,0x6c86,0x6c86,0x6c86,0x6c86,0x7d06,0x7d06,
    0x7d06,0x9e89,0x9e89,0x9e89,0x9e89,0x9e89,0x9e89,0x9e89,0x9e89,0x9e89,0x9e89,0x9e89,
    0x9e89,0x7d06,0x7d06,0x7d06,0x7d06,0x7d06,0x7d06,0x7d06,0x7d06,0x7d06,0x7d06,0x7d06,
    0x7d06,0x7d06,0x7d06,0x7d06,0x7d06,0x7d06,0x9e89,0x9e89,0x7d06,0x7d06,0x7d06,0x7d06,
    0x7d06,0x7d06,0x7d06,0x7d06,0x7d06,0x7d06,0x5384,0x5384,0x5384,0x5384,0x5384,0x9e89,
    0x0000,0x0000,0x0000,0x53e4,0x42e3,0x42e3,0x42e3,0x42e3,0x7d06,0x7d06,0x6c86,0x6c86,
    0x6c86,0x6c86,0x7d06,0x7d06,0x7d06,0x7d06,0x9e89,0x9e89,0x9e89,0x9e89,0x9e89,0x9e89,
    0x9e89,0x9e89,0x9e89,0x9e89,0x9e89,0x9e89,0x9e89,0x7d06,0x7d06,0x7d06,0x7d06,0x7d06,
    0x7d06,0x7d06,0x7d06,0x7d06,0x7d06,0x7d06,0x7d06,0x7d06,0x7d06,0x7d06,0x7d06,0x7d06,
    0x7d06,0x7d06,0x7d06,0x7d06,0x7d06,0x7d06,0x7d06,0x7d06,0x7d06,0x7d06,0x7d06,0x7d06,
    0x5384,0x5384,0x5384,0x5384,0x5384,0x5384,0x0000,0x0000,0x0000,0x0000,0x42e3,0x42e3,
    0x42e3,0x42e3,0x7d06,0x7d06,0x6c86,0x6c86,0x6c86,0x6c86,0x7d06,0x7d06,0x7d06,0x7d06,
    0x9e89,0x9e89,0x9e89,0x9e89,0x9e89,0x9e89,0x9e89,0x9e89,0x9e89,0x9e89,0x7d06,0x5384,
    0x5384,0x7d06,0x7d06,0x7d06,0x7d06,0x7d06,0x7d06,0x7d06,0x7d06,0x7d06,0x7d06,0x7d06,
    0x7d06,0x7d06,0x7d06,0x7d06,0x7d06,0x7d06,0x7d06,0x7d06,0x7d06,0x7d06,0x7d06,0x7d06,
    0x7d06,0x7d06,0x7d06,0x7d06,0x7d06,0x7d06,0x5384,0x5384,0x5384,0x5384,0x5384,0x5384,
    0x0000,0x0000,0x0000,0x0000,0x0000,0x0000,0x0000,0x42e3,0x42e3,0x42e3,0x7d06,0x7d06,
    0x6c86,0x6c86,0x7d06,0x7d06,0x7d06,0x7d06,0x7d06,0x7d06,0x7d06,0x7d06,0x7d06,0x7d06,
    0x7d06,0x7d06,0x5384,0x5384,0x7d06,0x5384,0x5384,0x7d06,0x7d06,0x7d06,0x7d06,0x7d06,
    0x7d06,0x7d06,0x7d06,0x7d06,0x7d06,0x7d06,0x7d06,0x7d06,0x7d06,0x7d06,0x7d06,0x7d06,
    0x7d06,0x7d06,0x7d06,0x7d06,0x7d06,0x7d06,0x7d06,0x7d06,0x7d06,0x7d06,0x7d06,0x7d06,
    0x5384,0x5384,0x5384,0x5384,0x5384,0x5384,0x0000,0x0000,0x0000,0x0000,0x0000,0x0000,
    0x0000,0x0000,0x0000,0x0000,0x7d06,0x7d06,0x6c86,0x6c86,0x7d06,0x7d06,0x7d06,0x7d06,
    0x7d06,0x7d06,0x7d06,0x7d06,0x7d06,0x7d06,0x7d06,0x7d06,0x5384,0x5384,0x7d06,0x5384,
    0x5384,0x7d06,0x7d06,0x7d06,0x7d06,0x7d06,0x7d06,0x7d06,0x7d06,0x7d06,0x7d06,0x7d06,
    0x7d06,0x7d06,0x7d06,0x7d06,0x7d06,0x7d06,0x7d06,0x7d06,0x7d06,0x7d06,0x7d06,0x7d06,
    0x7d06,0x7d06,0x7d06,0x7d06,0x7d06,0x7d06,0x5384,0x5384,0x5384,0x5384,0x5384,0x5384,
    0x0000,0x0000,0x0000,0x0000,0x0000,0x0000,0x0000,0x0000,0x0000,0x0000,0x0000,0x42e3,
    0x7d06,0x7d06,0x7d06,0x7d06,0x7d06,0x7d06,0x7d06,0x7d06,0x7d06,0x7d06,0x7d06,0x7d06,
    0x7d06,0x7d06,0x5384,0x5384,0x7d06,0x5384,0x5384,0x7d06,0x7d06,0x7d06,0x7d06,0x7d06,
    0x9e89,0x9e89,0x9e89,0x9e89,0x42e3,0x42e3,0x42e3,0x7d06,0x7d06,0x7d06,0x7d06,0x7d06,
    0x7d06,0x7d06,0x7d06,0x7d06,0x5384,0x5384,0x7d06,0x7d06,0x7d06,0x7d06,0x7d06,0x7d06,
    0x7d06,0x5384,0x5384,0x5384,0x5384,0x5384,0x0000,0x0000,0x0000,0x0000,0x0000,0x0000,
    0x0000,0x0000,0x0000,0x0000,0x0000,0x0000,0x7d06,0x7d06,0x7d06,0x7d06,0x7d06,0x7d06,
    0x7d06,0x7d06,0x7d06,0x7d06,0x7d06,0x7d06,0x7d06,0x7d06,0x5384,0x5384,0x7d06,0x5384,
    0x5384,0x7d06,0x7d06,0x7d06,0x7d06,0x7d06,0x9e89,0x9e89,0x9e89,0x9e89,0x9e89,0x2a02,
    0x2a02,0x42e3,0x7d06,0x7d06,0x7d06,0x7d06,0x7d06,0x7d06,0x7d06,0x7d06,0x5384,0x5384,
    0x7d06,0x7d06,0x7d06,0x7d06,0x7d06,0x7d06,0x7d06,0x7d06,0x5384,0x5384,0x5384,0x5384,
    0x0000,0x0000,0x0000,0x0000,0x0000,0x0000,0x0000,0x0000,0x0000,0x0000,0x0000,0x0000,
    0x0000,0x42e3,0x7d06,0x7d06,0x7d06,0x7d06,0x7d06,0x7d06,0x7d06,0x7d06,0x7d06,0x7d06,
    0x7d06,0x7d06,0x5384,0x5384,0x7d06,0x5384,0x5384,0x7d06,0x7d06,0x7d06,0x7d06,0x7d06,
    0x7d06,0x7d06,0x5384,0x5384,0x9e89,0x2a02,0x2a02,0x2a02,0x42e3,0x7d06,0x7d06,0x7d06,
    0x7d06,0x7d06,0x7d06,0x7d06,0x7d06,0x7d06,0x9e89,0x9e89,0x9e89,0x9e89,0x9e89,0x9e89,
    0x7d06,0x7d06,0x7d06,0x5384,0x5384,0x5384,0x0000,0x0000,0x0000,0x0000,0x0000,0x0000,
    0x0000,0x0000,0x0000,0x0000,0x0000,0x0000,0x0000,0x0000,0x7d06,0x7d06,0x7d06,0x7d06,
    0x7d06,0x7d06,0x7d06,0x7d06,0x7d06,0x7d06,0x7d06,0x7d06,0x5384,0x5384,0x7d06,0x5384,
    0x5384,0x7d06,0x7d06,0x7d06,0x7d06,0x7d06,0x7d06,0x7d06,0x5384,0x5384,0x5384,0x42e3,
    0x2a02,0x2a02,0x2a02,0x7d06,0x7d06,0x7d06,0x7d06,0x7d06,0x7d06,0x7d06,0x7d06,0x7d06,
    0x9e89,0x9e89,0x9e89,0x9e89,0x9e89,0x9e89,0x9e89,0x7d06,0x7d06,0x7d06,0x5384,0x5384,
    0x0000,0x0000,0x0000,0x0000,0x0000,0x0000,0x0000,0x0000,0x0000,0x0000,0x0000,0x0000,
    0x0000,0x0000,0x0000,0x42e3,0x7d06,0x7d06,0x7d06,0x7d06,0x7d06,0x7d06,0x7d06,0x7d06,
    0x7d06,0x7d06,0x5384,0x5384,0x7d06,0x5384,0x5384,0x7d06,0x7d06,0x7d06,0x7d06,0x7d06,
    0x7d06,0x7d06,0x7d06,0x7d06,0x9e89,0x9e89,0x9e89,0x9e89,0x9e89,0x9e89,0x0000,0x7d06,
    0x7d06,0x7d06,0x7d06,0x7d06,0x7d06,0x9e89,0x9e89,0x9e89,0x9e89,0x9e89,0x9e89,0x9e89,
    0x9e89,0x9e89,0x0000,0x0000,0x0000,0x0000,0x0000,0x0000,0x0000,0x0000,0x0000,0x0000,
    0x0000,0x0000,0x0000,0x0000,0x0000,0x0000,0x0000,0x0000,0x0000,0x0000,0x7d06,0x7d06,
    0x7d06,0x7d06,0x7d06,0x7d06,0x7d06,0x7d06,0x7d06,0x7d06,0x5384,0x5384,0x5384,0x7d06,
    0x7d06,0x7d06,0x7d06,0x7d06,0x7d06,0x7d06,0x7d06,0x7d06,0x7d06,0x7d06,0x9e89,0x9e89,
    0x9e89,0x9e89,0x9e89,0x9e89,0x9e89,0x9e89,0x7d06,0x7d06,0x7d06,0x7d06,0x7d06,0x7d06,
    0x9e89,0x9e89,0x9e89,0x9e89,0x9e89,0x9e89,0x9e89,0x9e89,0x9e89,0x0000,0x0000,0x0000,
    0x0000,0x0000,0x0000,0x0000,0x0000,0x0000,0x0000,0x0000,0x0000,0x0000,0x0000,0x0000,
    0x0000,0x0000,0x0000,0x0000,0x0000,0x42e3,0x42e3,0x42e3,0x7d06,0x7d06,0x7d06,0x7d06,
    0x7d06,0x7d06,0x5384,0x5384,0x5384,0x42e3,0x42e3,0x42e3,0x42e3,0x42e3,0x42e3,0x42e3,
    0x42e3,0x5384,0x5384,0x2a02,0x42e3,0x2a02,0x2a02,0x5384,0x5384,0x5384,0x9e89,0x9e89,
    0x9e89,0x7d06,0x7d06,0x7d06,0x7d06,0x7d06,0x7d06,0x9e89,0x9e89,0x9e89,0x9e89,0x9e89,
    0x9e89,0x9e89,0x9e89,0x9e89,0x0000,0x0000,0x0000,0x0000,0x0000,0x0000,0x0000,0x0000,
    0x0000,0x0000,0x0000,0x0000,0x0000,0x0000,0x0000,0x0000,0x0000,0x0000,0x0000,0x0000,
    0x42e3,0x42e3,0x7d06,0x7d06,0x7d06,0x7d06,0x7d06,0x7d06,0x5384,0x5384,0x5384,0x42e3,
    0x42e3,0x2a02,0x2a02,0x42e3,0x42e3,0x42e3,0x42e3,0x42e3,0x2a02,0x2a02,0x2a02,0x7d06,
    0x5384,0x5384,0x5384,0x5384,0x7d06,0x5384,0x5384,0x9e89,0x7d06,0x7d06,0x7d06,0x7d06,
    0x7d06,0x7d06,0x7d06,0x7d06,0x9e89,0x9e89,0x9e89,0x9e89,0x9e89,0x9e89,0x0000,0x0000,
    0x0000,0x0000,0x0000,0x0000,0x0000,0x0000,0x0000,0x0000,0x0000,0x0000,0x0000,0x0000,
    0x0000,0x0000,0x0000,0x0000,0x0000,0x0000,0x0000,0x42e3,0x42e3,0x7d06,0x7d06,0x7d06,
    0x7d06,0x7d06,0x5384,0x5384,0x5384,0x42e3,0x42e3,0x2a02,0x2a02,0x2a02,0x42e3,0x42e3,
    0x42e3,0x42e3,0x42e3,0x2a02,0x2a02,0x5384,0x5384,0x5384,0x0000,0x7d06,0x7d06,0x5384,
    0x5384,0x5384,0x0000,0x0000,0x0000,0x0000,0x0000,0x0000,0x0000,0x0000,0x0000,0x0000,
    0x0000,0x0000,0x0000,0x0000,0x0000,0x0000,0x0000,0x0000,0x0000,0x0000,0x0000,0x0000,
    0x0000,0x0000,0x0000,0x0000,0x0000,0x0000,0x0000,0x0000,0x0000,0x0000,0x0000,0x0000,
    0x0000,0x0000,0x7d06,0x7d06,0x7d06,0x7d06,0x7d06,0x7d06,0x5384,0x5384,0x42e3,0x42e3,
    0x42e3,0x42e3,0x2a02,0x2a02,0x2a02,0x7d06,0x7d06,0x7d06,0x7d06,0x7d06,0x5384,0x5384,
    0x5384,0x5384,0x0000,0x5384,0x5384,0x7d06,0x5384,0x5384,0x0000,0x0000,0x0000,0x0000,
    0x0000,0x0000,0x0000,0x0000,0x0000,0x0000,0x0000,0x0000,0x0000,0x0000,0x0000,0x0000,
    0x0000,0x0000,0x0000,0x0000,0x0000,0x0000,0x0000,0x0000,0x0000,0x0000,0x0000,0x0000,
    0x0000,0x0000,0x0000,0x0000,0x0000,0x0000,0x9e89,0x9e89,0x9e89,0x9e89,0x9e89,0x9e89,
    0x5384,0x5384,0x42e3,0x42e3,0x42e3,0x42e3,0x42e3,0x42e3,0x42e3,0x2a02,0x2a02,0x7d06,
    0x7d06,0x7d06,0x7d06,0x7d06,0x7d06,0x5384,0x5384,0x5384,0x0000,0x5384,0x5384,0x7d06,
    0x7d06,0x7d06,0x9e89,0x9e89,0x9e89,0x9e89,0x9e89,0x9e89,0x0000,0x0000,0x0000,0x0000,
    0x0000,0x0000,0x0000,0x0000,0x0000,0x0000,0x0000,0x0000,0x0000,0x0000,0x0000,0x0000,
    0x0000,0x0000,0x0000,0x0000,0x0000,0x0000,0x0000,0x0000,0x0000,0x0000,0x0000,0x0000,
    0x9e89,0x9e89,0x9e89,0x9e89,0x9e89,0x9e89,0x5384,0x5384,0x0000,0x0000,0x0000,0x0000,
    0x0000,0x0000,0x0000,0x7d06,0x7d06,0x7d06,0x7d06,0x7d06,0x7d06,0x7d06,0x7d06,0x5384,
    0x5384,0x5384,0x0000,0x0000,0x7d06,0x7d06,0x7d06,0x7d06,0x9e89,0x9e89,0x9e89,0x9e89,
    0x9e89,0x9e89,0x0000,0x0000,0x0000,0x0000,0x0000,0x0000,0x0000,0x0000,0x0000,0x0000,
    0x0000,0x0000,0x0000,0x0000,0x0000,0x0000,0x0000,0x0000,0x0000,0x0000,0x0000,0x0000,
    0x0000,0x0000,0x0000,0x0000,0x0000,0x0000,0x5384,0x5384,0x0000,0x0000,0x0000,0x0000,
    0x0000,0x0000,0x0000,0x0000,0x0000,0x0000,0x0000,0x0000,0x0000,0x7d06,0x7d06,0x7d06,
    0x7d06,0x7d06,0x7d06,0x7d06,0x7d06,0x5384,0x5384,0x5384,0x0000,0x0000,0x0000,0x0000,
    0x0000,0x0000,0x0000,0x0000,0x0000,0x0000,0x5384,0x5384,0x0000,0x0000,0x0000,0x0000,
    0x0000,0x0000,0x0000,0x0000,0x0000,0x0000,0x0000,0x0000,0x0000,0x0000,0x0000,0x0000,
    0x0000,0x0000,0x0000,0x0000,0x0000,0x0000,0x0000,0x0000,0x0000,0x0000,0x0000,0x0000,
    0x5384,0x5384,0x0000,0x0000,0x0000,0x0000,0x0000,0x0000,0x0000,0x0000,0x0000,0x0000,
    0x0000,0x0000,0x0000,0x7d06,0x7d06,0x7d06,0x7d06,0x7d06,0x7d06,0x5384,0x5384,0x7d06,
    0x5384,0x5384,0x0000,0x0000,0x0000,0x0000,0x0000,0x0000,0x0000,0x0000,0x0000,0x0000,
    0x5384,0x5384,0x0000,0x0000,0x0000,0x0000,0x0000,0x0000,0x0000,0x0000,0x0000,0x0000,
    0x0000,0x0000,0x0000,0x0000,0x0000,0x0000,0x0000,0x0000,0x0000,0x0000,0x0000,0x0000,
    0x0000,0x0000,0x0000,0x0000,0x0000,0x0000,0x0000,0x0000,0x0000,0x0000,0x0000,0x0000,
    0x0000,0x0000,0x0000,0x0000,0x0000,0x0000,0x0000,0x0000,0x0000,0x7d06,0x7d06,0x7d06,
    0x7d06,0x7d06,0x7d06,0x5384,0x5384,0x7d06,0x5384,0x5384,0x0000,0x0000,0x0000,0x0000,
    0x0000,0x0000,0x0000,0x0000,0x0000,0x0000,0x0000,0x0000,0x0000,0x0000,0x0000,0x0000,
    0x0000,0x0000,0x0000,0x0000,0x0000,0x0000,0x0000,0x0000,0x0000,0x0000,0x0000,0x0000,
    0x0000,0x0000,0x0000,0x0000,0x0000,0x0000,0x0000,0x0000,0x0000,0x0000,0x0000,0x0000,
    0x0000,0x0000,0x0000,0x0000,0x0000,0x0000,0x0000,0x0000,0x0000,0x0000,0x0000,0x0000,
    0x0000,0x0000,0x0000,0x0000,0x7d06,0x7d06,0x7d06,0x7d06,0x7d06,0x7d06,0x7d06,0x7d06,
    0x5384,0x5384,0x0000,0x0000,0x0000,0x0000,0x0000,0x0000,0x0000,0x0000,0x0000,0x0000,
    0x0000,0x0000,0x0000,0x0000,0x0000,0x0000,0x0000,0x0000,0x0000,0x0000,0x0000,0x0000,
    0x0000,0x0000,0x0000,0x0000,0x0000,0x0000,0x0000,0x0000,0x0000,0x0000,0x0000,0x0000,
    0x0000,0x0000,0x0000,0x0000,0x0000,0x0000,0x0000,0x0000,0x0000,0x0000,0x0000,0x0000,
    0x0000,0x0000,0x0000,0x0000,0x0000,0x0000,0x0000,0x0000,0x0000,0x0000,0x0000,0x0000,
    0x0000,0x0000,0x0000,0x0000,0x0000,0x0000,0x5384,0x5384,0x0000,0x0000,0x0000,0x0000,
    0x0000,0x0000,0x0000,0x0000,0x0000,0x0000,0x0000,0x0000,0x0000,0x0000,0x0000,0x0000,
    0x0000,0x0000,0x0000,0x0000,0x0000,0x0000,0x0000,0x0000,0x0000,0x0000,0x0000,0x0000,
    0x0000,0x0000,0x0000,0x0000,0x0000,0x0000,0x0000,0x0000,0x0000,0x0000,0x0000,0x0000,
    0x0000,0x0000,0x0000,0x0000,0x0000,0x0000,0x0000,0x0000,0x0000,0x0000,0x0000,0x0000,
    0x0000,0x0000,0x0000,0x0000,0x0000,0x0000,0x0000,0x0000,0x0000,0x0000,0x0000,0x0000,
    0x5384,0x5384,0x0000,0x0000,0x0000,0x0000,0x0000,0x0000,0x0000,0x0000,0x0000,0x0000,
    0x0000,0x0000,0x0000,0x0000,0x0000,0x0000,0x0000,0x0000,0x0000,0x0000,0x0000,0x0000,
    0x0000,0x0000,0x0000,0x0000,0x0000,0x0000,0x0000,0x0000,0x0000,0x0000,0x0000,0x0000,
    0x0000,0x0000,0x0000,0x0000,0x0000,0x0000,0x0000,0x0000,0x0000,0x0000,0x0000,0x0000,
    0x0000,0x0000,0x0000,0x0000,0x0000,0x0000,0x0000,0x0000,0x0000,0x0000,0x0000,0x0000,
    0x0000,0x0000,0x0000,0x0000,0x0000,0x0000,0x5384,0x5384,0x0000,0x0000,0x0000,0x0000,
    0x0000,0x0000,0x0000,0x0000,0x0000,0x0000,0x0000,0x0000,0x0000,0x0000,0x0000,0x0000,
    0x0000,0x0000,0x0000,0x0000,0x0000,0x0000,0x0000,0x0000,0x0000,0x0000,0x0000,0x0000,
    0x0000,0x0000,0x0000,0x0000,0x0000,0x0000,0x0000,0x0000,0x0000,0x0000,0x0000,0x0000,
    0x0000,0x0000,0x0000,0x0000,0x0000,0x0000,0x0000,0x0000,0x0000,0x0000,0x0000,0x0000,
    0x0000,0x0000,0x0000,0x0000,0x0000,0x0000,0x0000,0x0000,0x0000,0x0000,0x0000,0x0000,
    0x5384,0x5384,0x0000,0x0000,0x0000,0x0000,0x0000,0x0000,0x0000,0x0000,0x0000,0x0000,
    0x0000,0x0000,0x0000,0x0000,0x0000,0x0000,0x0000,0x0000,0x0000,0x0000,0x0000,0x0000,
    0x0000,0x0000,0x0000,0x0000,0x0000,0x0000,0x0000,0x0000,0x0000,0x0000,0x0000,0x0000,
    0x0000,0x0000,0x0000,0x0000,0x0000,0x0000,0x0000,0x0000,0x0000,0x0000,0x0000,0x0000,
    0x0000,0x0000,0x0000,0x0000,0x0000,0x0000,0x0000,0x0000,0x0000,0x0000,0x0000,0x0000,
    0x0000,0x0000,0x0000,0x0000,0x0000,0x0000,0x7d06,0x7d06,0x9e89,0x9e89,0x0000,0x0000,
    0x0000,0x0000,0x0000,0x0000,0x0000,0x0000,0x0000,0x0000,0x0000,0x0000,0x0000,0x0000,
    0x0000,0x0000,0x0000,0x0000,0x0000,0x0000,0x0000,0x0000,0x0000,0x0000,0x0000,0x0000,
    0x0000,0x0000,0x0000,0x0000,0x0000,0x0000,0x0000,0x0000,0x0000,0x0000,0x0000,0x0000,
    0x0000,0x0000,0x0000,0x0000,0x0000,0x0000,0x0000,0x0000,0x0000,0x0000,0x0000,0x0000,
    0x0000,0x0000,0x0000,0x0000,0x0000,0x0000,0x0000,0x0000,0x0000,0x0000,0x0000,0x0000,
    0x7d06,0x7d06,0x9e89,0x9e89,0x0000,0x0000,0x0000,0x0000,0x0000,0x0000,0x0000,0x0000,
    0x0000,0x0000,0x0000,0x0000,0x0000,0x0000,0x0000,0x0000,0x0000,0x0000,0x0000,0x0000,
};
const sprite_t spr_dino_dead_down = { 66, 34, px_dino_dead_down };

static const uint16_t px_cactus[1836] = {
    0x0000,0x0000,0x0000,0x0000,0x0000,0x0000,0x0000,0x0000,0x0000,0x0000,0x0000,0x0000,
    0x0000,0x0000,0x0000,0x54c3,0x54c3,0x0000,0x0000,0x0000,0x0000,0x0000,0x0000,0x0000,
    0x0000,0x0000,0x0000,0x0000,0x0000,0x0000,0x0000,0x0000,0x0000,0x0000,0x0000,0x0000,
    0x0000,0x0000,0x0000,0x0000,0x0000,0x0000,0x0000,0x0000,0x0000,0x0000,0x0000,0x0000,
    0x0000,0x54c3,0x54c3,0x54c3,0x0000,0x0000,0x0000,0x0000,0x0000,0x0000,0x0000,0x0000,
    0x0000,0x0000,0x0000,0x0000,0x0000,0x0000,0x0000,0x0000,0x0000,0x0000,0x0000,0x0000,
    0x0000,0x0000,0x0000,0x0000,0x0000,0x0000,0x0000,0x0000,0x0000,0x54c3,0x54c3,0x43a2,
    0x43a2,0x54c3,0x54c3,0x0000,0x0000,0x0000,0x0000,0x0000,0x0000,0x0000,0x0000,0x0000,
    0x0000,0x0000,0x0000,0x0000,0x0000,0x0000,0x0000,0x0000,0x0000,0x0000,0x0000,0x0000,
    0x0000,0x0000,0x0000,0x0000,0x0000,0x0000,0x0000,0x54c3,0x54c3,0x43a2,0x43a2,0x54c3,
    0x54c3,0x54c3,0x0000,0x0000,0x0000,0x0000,0x0000,0x0000,0x0000,0x0000,0x0000,0x0000,
    0x0000,0x0000,0x0000,0x0000,0x0000,0x0000,0x0000,0x0000,0x0000,0x0000,0x0000,0x0000,
    0x0000,0x0000,0x0000,0x43a2,0x43a2,0x43a2,0x43a2,0x43a2,0x43a2,0x32c1,0x32c1,0x54c3,
    0x54c3,0x0000,0x0000,0x0000,0x0000,0x0000,0x0000,0x0000,0x0000,0x0000,0x0000,0x0000,
    0x0000,0x0000,0x0000,0x0000,0x0000,0x0000,0x0000,0x0000,0x0000,0x0000,0x0000,0x0000,
    0x0000,0x43a2,0x43a2,0x43a2,0x43a2,0x43a2,0x43a2,0x32c1,0x32c1,0x54c3,0x54c3,0x54c3,
    0x0000,0x0000,0x0000,0x0000,0x0000,0x0000,0x0000,0x0000,0x0000,0x0000,0x0000,0x0000,
    0x0000,0x0000,0x0000,0x0000,0x0000,0x0000,0x0000,0x0000,0x0000,0x0000,0x0000,0x43a2,
    0x43a2,0x43a2,0x43a2,0x43a2,0x43a2,0x43a2,0x43a2,0x2a81,0x2a81,0x54c3,0x43a2,0x0000,
    0x0000,0x0000,0x0000,0x0000,0x0000,0x0000,0x0000,0x0000,0x0000,0x0000,0x0000,0x0000,
    0x0000,0x0000,0x0000,0x0000,0x0000,0x0000,0x0000,0x0000,0x0000,0x43a2,0x43a2,0x43a2,
    0x43a2,0x43a2,0x43a2,0x43a2,0x43a2,0x2a81,0x2a81,0x2a81,0x43a2,0x0000,0x0000,0x0000,
    0x0000,0x0000,0x0000,0x0000,0x0000,0x0000,0x0000,0x0000,0x0000,0x0000,0x0000,0x54c3,
    0x54c3,0x54c3,0x54c3,0x0000,0x0000,0x0000,0x0000,0x43a2,0x43a2,0x43a2,0x43a2,0x43a2,
    0x43a2,0x43a2,0x43a2,0x2a81,0x2a81,0x2a81,0x2a81,0x0000,0x0000,0x0000,0x0000,0x0000,
    0x0000,0x0000,0x0000,0x0000,0x0000,0x0000,0x0000,0x0000,0x0000,0x54c3,0x54c3,0x54c3,
    0x54c3,0x54c3,0x0000,0x0000,0x0000,0x43a2,0x43a2,0x43a2,0x43a2,0x43a2,0x43a2,0x43a2,
    0x43a2,0x2a81,0x2a81,0x2a81,0x2a81,0x0000,0x0000,0x0000,0x0000,0x0000,0x0000,0x0000,
    0x0000,0x0000,0x0000,0x0000,0x0000,0x54c3,0x54c3,0x43a2,0x43a2,0x43a2,0x43a2,0x54c3,
    0x54c3,0x0000,0x0000,0x43a2,0x43a2,0x43a2,0x43a2,0x43a2,0x43a2,0x43a2,0x43a2,0x2a81,
    0x2a81,0x2a81,0x2a81,0x0000,0x0000,0x0000,0x0000,0x0000,0x0000,0x0000,0x0000,0x0000,
    0x0000,0x0000,0x0000,0x54c3,0x54c3,0x43a2,0x43a2,0x43a2,0x43a2,0x54c3,0x54c3,0x54c3,
    0x0000,0x43a2,0x6583,0x6583,0x43a2,0x43a2,0x43a2,0x43a2,0x43a2,0x2a81,0x2a81,0x2a81,
    0x2a81,0x0000,0x0000,0x0000,0x0000,0x0000,0x0000,0x0000,0x0000,0x0000,0x0000,0x0000,
    0x0000,0x43a2,0x43a2,0x32c1,0x32c1,0x43a2,0x43a2,0x2a81,0x2a81,0x54c3,0x54c3,0x43a2,
    0x6583,0x6583,0x32c1,0x43a2,0x43a2,0x43a2,0x43a2,0x2a81,0x2a81,0x2a81,0x2a81,0x0000,
    0x0000,0x0000,0x0000,0x0000,0x0000,0x0000,0x0000,0x0000,0x0000,0x0000,0x0000,0x43a2,
    0x43a2,0x32c1,0x32c1,0x43a2,0x43a2,0x2a81,0x2a81,0x2a81,0x54c3,0x43a2,0x43a2,0x32c1,
    0x32c1,0x43a2,0x43a2,0x43a2,0x43a2,0x2a81,0x2a81,0x2a81,0x2a81,0x0000,0x0000,0x0000,
    0x0000,0x0000,0x0000,0x0000,0x0000,0x0000,0x0000,0x0000,0x0000,0x43a2,0x43a2,0x43a2,
    0x43a2,0x43a2,0x43a2,0x2a81,0x2a81,0x2a81,0x2a81,0x43a2,0x43a2,0x43a2,0x43a2,0x43a2,
    0x43a2,0x43a2,0x43a2,0x2a81,0x2a81,0x2a81,0x32c1,0x6583,0x6583,0x0000,0x0000,0x0000,
    0x0000,0x0000,0x0000,0x0000,0x0000,0x0000,0x6583,0x6583,0x43a2,0x43a2,0x43a2,0x43a2,
    0x43a2,0x2a81,0x2a81,0x21e1,0x2a81,0x43a2,0x43a2,0x43a2,0x43a2,0x43a2,0x43a2,0x43a2,
    0x43a2,0x2a81,0x2a81,0x2a81,0x32c1,0x6583,0x6583,0x0000,0x0000,0x0000,0x0000,0x0000,
    0x0000,0x0000,0x0000,0x0000,0x6583,0x6583,0x32c1,0x43a2,0x43a2,0x43a2,0x43a2,0x2a81,
    0x2a81,0x21e1,0x21e1,0x43a2,0x43a2,0x43a2,0x43a2,0x43a2,0x43a2,0x43a2,0x43a2,0x2a81,
    0x2a81,0x2a81,0x2a81,0x0000,0x0000,0x0000,0x0000,0x0000,0x0000,0x0000,0x0000,0x0000,
    0x0000,0x0000,0x0000,0x32c1,0x32c1,0x43a2,0x43a2,0x43a2,0x43a2,0x2a81,0x2a81,0x2a81,
    0x21e1,0x43a2,0x43a2,0x43a2,0x43a2,0x43a2,0x43a2,0x43a2,0x43a2,0x2a81,0x2a81,0x2a81,
    0x2a81,0x0000,0x0000,0x0000,0x0000,0x0000,0x0000,0x0000,0x0000,0x0000,0x0000,0x0000,
    0x0000,0x43a2,0x43a2,0x43a2,0x43a2,0x43a2,0x43a2,0x2a81,0x2a81,0x2a81,0x2a81,0x43a2,
    0x43a2,0x43a2,0x43a2,0x43a2,0x43a2,0x43a2,0x43a2,0x2a81,0x2a81,0x2a81,0x2a81,0x0000,
    0x0000,0x54c3,0x54c3,0x54c3,0x54c3,0x0000,0x0000,0x0000,0x0000,0x0000,0x0000,0x43a2,
    0x43a2,0x43a2,0x43a2,0x43a2,0x43a2,0x2a81,0x2a81,0x2a81,0x2a81,0x43a2,0x43a2,0x43a2,
    0x43a2,0x43a2,0x43a2,0x43a2,0x6583,0x6583,0x2a81,0x2a81,0x2a81,0x0000,0x0000,0x54c3,
    0x54c3,0x54c3,0x54c3,0x54c3,0x0000,0x0000,0x0000,0x0000,0x0000,0x43a2,0x43a2,0x43a2,
    0x43a2,0x43a2,0x43a2,0x2a81,0x2a81,0x2a81,0x2a81,0x43a2,0x43a2,0x43a2,0x43a2,0x43a2,
    0x43a2,0x43a2,0x6583,0x6583,0x2a81,0x2a81,0x2a81,0x54c3,0x54c3,0x43a2,0x43a2,0x43a2,
    0x43a2,0x54c3,0x54c3,0x0000,0x0000,0x0000,0x0000,0x43a2,0x43a2,0x43a2,0x43a2,0x43a2,
    0x43a2,0x2a81,0x2a81,0x2a81,0x2a81,0x43a2,0x43a2,0x43a2,0x43a2,0x43a2,0x43a2,0x43a2,
    0x43a2,0x2a81,0x2a81,0x2a81,0x2a81,0x54c3,0x54c3,0x43a2,0x43a2,0x43a2,0x43a2,0x54c3,
    0x54c3,0x54c3,0x0000,0x0000,0x0000,0x43a2,0x43a2,0x43a2,0x43a2,0x43a2,0x43a2,0x43a2,
    0x43a2,0x54c3,0x54c3,0x43a2,0x43a2,0x32c1,0x32c1,0x43a2,0x43a2,0x43a2,0x43a2,0x2a81,
    0x2a81,0x2a81,0x21e1,0x32c1,0x32c1,0x43a2,0x43a2,0x43a2,0x43a2,0x2a81,0x2a81,0x54c3,
    0x54c3,0x0000,0x0000,0x43a2,0x43a2,0x43a2,0x43a2,0x43a2,0x43a2,0x43a2,0x43a2,0x54c3,
    0x54c3,0x43a2,0x43a2,0x32c1,0x32c1,0x43a2,0x43a2,0x43a2,0x43a2,0x2a81,0x2a81,0x2a81,
    0x21e1,0x32c1,0x32c1,0x43a2,0x43a2,0x43a2,0x43a2,0x2a81,0x2a81,0x43a2,0x6583,0x6583,
    0x0000,0x43a2,0x43a2,0x43a2,0x43a2,0x43a2,0x43a2,0x43a2,0x43a2,0x43a2,0x43a2,0x43a2,
    0x43a2,0x43a2,0x43a2,0x43a2,0x43a2,0x43a2,0x43a2,0x2a81,0x2a81,0x2a81,0x2a81,0x43a2,
    0x43a2,0x43a2,0x43a2,0x43a2,0x43a2,0x2a81,0x2a81,0x43a2,0x6583,0x6583,0x0000,0x43a2,
    0x43a2,0x43a2,0x43a2,0x43a2,0x43a2,0x43a2,0x43a2,0x43a2,0x43a2,0x43a2,0x43a2,0x43a2,
    0x43a2,0x43a2,0x43a2,0x43a2,0x43a2,0x2a81,0x2a81,0x2a81,0x2a81,0x43a2,0x43a2,0x43a2,
    0x43a2,0x43a2,0x43a2,0x2a81,0x2a81,0x2a81,0x2a81,0x0000,0x0000,0x0000,0x43a2,0x43a2,
    0x43a2,0x43a2,0x43a2,0x43a2,0x43a2,0x32c1,0x32c1,0x43a2,0x43a2,0x43a2,0x43a2,0x43a2,
    0x43a2,0x43a2,0x43a2,0x2a81,0x2a81,0x2a81,0x2a81,0x43a2,0x43a2,0x43a2,0x43a2,0x43a2,
    0x43a2,0x21e1,0x21e1,0x2a81,0x2a81,0x0000,0x0000,0x0000,0x0000,0x43a2,0x43a2,0x43a2,
    0x43a2,0x43a2,0x43a2,0x32c1,0x32c1,0x43a2,0x43a2,0x43a2,0x43a2,0x43a2,0x43a2,0x43a2,
    0x43a2,0x2a81,0x2a81,0x2a81,0x2a81,0x43a2,0x43a2,0x43a2,0x43a2,0x43a2,0x43a2,0x21e1,
    0x21e1,0x2a81,0x2a81,0x0000,0x0000,0x0000,0x0000,0x0000,0x43a2,0x43a2,0x43a2,0x43a2,
    0x43a2,0x43a2,0x43a2,0x43a2,0x43a2,0x43a2,0x43a2,0x43a2,0x43a2,0x43a2,0x43a2,0x2a81,
    0x2a81,0x2a81,0x2a81,0x43a2,0x43a2,0x43a2,0x43a2,0x43a2,0x43a2,0x2a81,0x2a81,0x2a81,
    0x2a81,0x0000,0x0000,0x0000,0x0000,0x0000,0x0000,0x43a2,0x43a2,0x43a2,0x43a2,0x43a2,
    0x43a2,0x43a2,0x43a2,0x43a2,0x43a2,0x43a2,0x43a2,0x43a2,0x43a2,0x2a81,0x2a81,0x2a81,
    0x6583,0x6583,0x43a2,0x43a2,0x43a2,0x43a2,0x43a2,0x2a81,0x2a81,0x2a81,0x2a81,0x0000,
    0x0000,0x0000,0x0000,0x0000,0x0000,0x0000,0x43a2,0x43a2,0x43a2,0x43a2,0x43a2,0x43a2,
    0x43a2,0x43a2,0x43a2,0x43a2,0x43a2,0x43a2,0x43a2,0x43a2,0x43a2,0x54c3,0x6583,0x6583,
    0x32c1,0x43a2,0x43a2,0x43a2,0x43a2,0x2a81,0x2a81,0x2a81,0x2a81,0x0000,0x0000,0x0000,
    0x0000,0x0000,0x0000,0x0000,0x0000,0x43a2,0x43a2,0x43a2,0x43a2,0x43a2,0x43a2,0x43a2,
    0x43a2,0x43a2,0x43a2,0x43a2,0x43a2,0x43a2,0x43a2,0x54c3,0x54c3,0x32c1,0x32c1,0x43a2,
    0x43a2,0x43a2,0x43a2,0x2a81,0x2a81,0x2a81,0x2a81,0x0000,0x0000,0x0000,0x0000,0x0000,
    0x0000,0x0000,0x0000,0x0000,0x0000,0x0000,0x0000,0x43a2,0x43a2,0x43a2,0x43a2,0x43a2,
    0x43a2,0x43a2,0x43a2,0x43a2,0x43a2,0x43a2,0x43a2,0x43a2,0x43a2,0x43a2,0x43a2,0x43a2,
    0x43a2,0x2a81,0x2a81,0x2a81,0x2a81,0x0000,0x0000,0x0000,0x0000,0x0000,0x0000,0x0000,
    0x0000,0x0000,0x0000,0x0000,0x0000,0x43a2,0x43a2,0x43a2,0x43a2,0x43a2,0x43a2,0x43a2,
    0x43a2,0x43a2,0x43a2,0x43a2,0x43a2,0x43a2,0x43a2,0x43a2,0x43a2,0x43a2,0x43a2,0x2a81,
    0x2a81,0x2a81,0x2a81,0x0000,0x0000,0x0000,0x0000,0x0000,0x0000,0x0000,0x0000,0x0000,
    0x0000,0x0000,0x0000,0x43a2,0x43a2,0x32c1,0x32c1,0x43a2,0x43a2,0x43a2,0x43a2,0x43a2,
    0x43a2,0x43a2,0x43a2,0x43a2,0x43a2,0x43a2,0x43a2,0x2a81,0x2a81,0x43a2,0x2a81,0x2a81,
    0x2a81,0x0000,0x0000,0x0000,0x0000,0x0000,0x0000,0x0000,0x0000,0x0000,0x0000,0x0000,
    0x0000,0x43a2,0x43a2,0x32c1,0x32c1,0x43a2,0x43a2,0x43a2,0x43a2,0x43a2,0x43a2,0x43a2,
    0x43a2,0x43a2,0x43a2,0x43a2,0x43a2,0x2a81,0x2a81,0x2a81,0x43a2,0x2a81,0x2a81,0x0000,
    0x0000,0x0000,0x0000,0x0000,0x0000,0x0000,0x0000,0x0000,0x0000,0x0000,0x0000,0x43a2,
    0x43a2,0x43a2,0x43a2,0x43a2,0x43a2,0x43a2,0x43a2,0x43a2,0x43a2,0x43a2,0x43a2,0x43a2,
    0x43a2,0x2a81,0x2a81,0x43a2,0x2a81,0x2a81,0x21e1,0x0000,0x0000,0x0000,0x0000,0x0000,
    0x0000,0x0000,0x0000,0x0000,0x0000,0x0000,0x0000,0x0000,0x0000,0x43a2,0x43a2,0x43a2,
    0x43a2,0x43a2,0x43a2,0x43a2,0x43a2,0x43a2,0x43a2,0x43a2,0x43a2,0x43a2,0x43a2,0x2a81,
    0x2a81,0x2a81,0x43a2,0x21e1,0x21e1,0x0000,0x0000,0x0000,0x0000,0x0000,0x0000,0x0000,
    0x0000,0x0000,0x0000,0x0000,0x0000,0x0000,0x0000,0x43a2,0x43a2,0x43a2,0x43a2,0x43a2,
    0x43a2,0x43a2,0x43a2,0x2a81,0x2a81,0x43a2,0x43a2,0x43a2,0x43a2,0x43a2,0x2a81,0x2a81,
    0x2a81,0x0000,0x0000,0x0000,0x0000,0x0000,0x0000,0x0000,0x0000,0x0000,0x0000,0x0000,
    0x0000,0x0000,0x0000,0x0000,0x0000,0x43a2,0x43a2,0x43a2,0x43a2,0x43a2,0x43a2,0x43a2,
    0x43a2,0x2a81,0x2a81,0x2a81,0x43a2,0x43a2,0x43a2,0x43a2,0x43a2,0x2a81,0x2a81,0x0000,
    0x0000,0x0000,0x0000,0x0000,0x0000,0x0000,0x0000,0x0000,0x0000,0x0000,0x0000,0x0000,
    0x0000,0x0000,0x0000,0x3b63,0x3b63,0x3b63,0x3b63,0x3b63,0x3b63,0x3b63,0x3b63,0x2a62,
    0x2a62,0x2a81,0x2a81,0x2a81,0x21e1,0x2a81,0x0000,0x0000,0x0000,0x0000,0x0000,0x0000,
    0x0000,0x0000,0x0000,0x0000,0x0000,0x0000,0x0000,0x0000,0x0000,0x0000,0x0000,0x0000,
    0x0000,0x3b63,0x3b63,0x3b63,0x3b63,0x3b63,0x3b63,0x3b63,0x3b63,0x2a62,0x2a62,0x2a62,
    0x2a81,0x2a81,0x21e1,0x0000,0x0000,0x0000,0x0000,0x0000,0x0000,0x0000,0x0000,0x0000,
    0x0000,0x0000,0x0000,0x0000,0x0000,0x0000,0x0000,0x0000,0x0000,0x0000,0x0000,0x3b63,
    0x3b63,0x3b63,0x3b63,0x3b63,0x3b63,0x3b63,0x3b63,0x2a62,0x2a62,0x2a62,0x2a62,0x2a81,
    0x0000,0x0000,0x0000,0x0000,0x0000,0x0000,0x0000,0x0000,0x0000,0x0000,0x0000,0x0000,
    0x0000,0x0000,0x0000,0x0000,0x0000,0x0000,0x0000,0x0000,0x0000,0x3b63,0x3b63,0x3b63,
    0x3b63,0x3b63,0x3b63,0x3b63,0x3b63,0x2a62,0x2a62,0x2a62,0x2a62,0x0000,0x0000,0x0000,
    0x0000,0x0000,0x0000,0x0000,0x0000,0x0000,0x0000,0x0000,0x0000,0x0000,0x0000,0x0000,
    0x0000,0x0000,0x0000,0x0000,0x0000,0x0000,0x0000,0x3b40,0x3b40,0x3b40,0x3b40,0x3b40,
    0x3b40,0x3b40,0x3b40,0x2a40,0x2a40,0x2a62,0x2a62,0x0000,0x0000,0x0000,0x0000,0x0000,
    0x0000,0x0000,0x0000,0x0000,0x0000,0x0000,0x0000,0x0000,0x0000,0x0000,0x0000,0x0000,
    0x0000,0x0000,0x0000,0x0000,0x0000,0x3b40,0x3b40,0x3b40,0x3b40,0x3b40,0x3b40,0x3b40,
    0x3b40,0x2a40,0x2a40,0x43a2,0x43a2,0x43a2,0x0000,0x0000,0x0000,0x0000,0x0000,0x0000,
    0x0000,0x0000,0x0000,0x0000,0x0000,0x0000,0x0000,0x0000,0x0000,0x0000,0x0000,0x0000,
    0x0000,0x0000,0x0000,0x3b40,0x3b40,0x3b40,0x3b40,0x3b40,0x3b40,0x3b40,0x3b40,0x2a40,
    0x2a40,0x43a2,0x43a2,0x43a2,0x0000,0x0000,0x0000,0x0000,0x0000,0x0000,0x0000,0x0000,
    0x0000,0x0000,0x0000,0x0000,0x0000,0x0000,0x0000,0x0000,0x0000,0x0000,0x0000,0x0000,
    0x0000,0x3b40,0x3b40,0x3b40,0x3b40,0x3b40,0x3b40,0x3b40,0x3b40,0x2a40,0x2a40,0x2a40,
    0x2a40,0x0000,0x0000,0x0000,0x0000,0x0000,0x0000,0x0000,0x0000,0x0000,0x0000,0x0000,
    0x0000,0x0000,0x0000,0x0000,0x0000,0x0000,0x0000,0x0000,0x0000,0x0000,0x0000,0x3280,
    0x3280,0x3280,0x3280,0x3280,0x3280,0x3280,0x3280,0x21c0,0x21c0,0x2a40,0x2a40,0x0000,
    0x0000,0x0000,0x0000,0x0000,0x0000,0x0000,0x0000,0x0000,0x0000,0x0000,0x0000,0x0000,
    0x0000,0x0000,0x0000,0x0000,0x0000,0x0000,0x0000,0x0000,0x0000,0x3280,0x3280,0x3280,
    0x3280,0x3280,0x3280,0x3280,0x3280,0x21c0,0x21c0,0x21c0,0x2a40,0x0000,0x0000,0x0000,
    0x0000,0x0000,0x0000,0x0000,0x0000,0x0000,0x0000,0x0000,0x0000,0x0000,0x0000,0x0000,
    0x0000,0x0000,0x0000,0x0000,0x0000,0x0000,0x0000,0x3280,0x3280,0x3280,0x3280,0x3280,
    0x3280,0x3280,0x3280,0x21c0,0x21c0,0x21c0,0x21c0,0x0000,0x0000,0x0000,0x0000,0x0000,
    0x0000,0x0000,0x0000,0x0000,0x0000,0x0000,0x0000,0x0000,0x0000,0x0000,0x0000,0x0000,
    0x0000,0x0000,0x0000,0x0000,0x0000,0x3280,0x3280,0x3280,0x3280,0x3280,0x3280,0x3280,
    0x3280,0x21c0,0x21c0,0x21c0,0x21c0,0x0000,0x0000,0x0000,0x0000,0x0000,0x0000,0x0000,
    0x0000,0x0000,0x0000,0x0000,0x0000,0x0000,0x0000,0x0000,0x0000,0x0000,0x0000,0x0000,
    0x0000,0x0000,0x0000,0x0000,0x3280,0x3280,0x43a2,0x43a2,0x43a2,0x43a2,0x43a2,0x43a2,
    0x21c0,0x21c0,0x21c0,0x0000,0x0000,0x0000,0x0000,0x0000,0x0000,0x0000,0x0000,0x0000,
    0x0000,0x0000,0x0000,0x0000,0x0000,0x0000,0x0000,0x0000,0x0000,0x0000,0x0000,0x0000,
    0x0000,0x0000,0x0000,0x3280,0x3280,0x3280,0x3280,0x3280,0x3280,0x3280,0x3280,0x21c0,
    0x21c0,0x0000,0x0000,0x0000,0x0000,0x0000,0x0000,0x0000,0x0000,0x0000,0x0000,0x0000,
};
const sprite_t spr_cactus = { 34, 54, px_cactus };

static const uint16_t px_cactus_tall[1782] = {
    0x0000,0x0000,0x0000,0x0000,0x0000,0x0000,0x0000,0x0000,0x0000,0x0000,0x0000,0x0000,
    0x54c3,0x54c3,0x0000,0x0000,0x0000,0x0000,0x0000,0x0000,0x0000,0x0000,0x0000,0x0000,
    0x0000,0x0000,0x0000,0x0000,0x0000,0x0000,0x0000,0x0000,0x0000,0x0000,0x0000,0x0000,
    0x0000,0x0000,0x0000,0x0000,0x0000,0x0000,0x0000,0x0000,0x0000,0x54c3,0x54c3,0x54c3,
    0x0000,0x0000,0x0000,0x0000,0x0000,0x0000,0x0000,0x0000,0x0000,0x0000,0x0000,0x0000,
    0x0000,0x0000,0x0000,0x0000,0x0000,0x0000,0x0000,0x0000,0x0000,0x0000,0x0000,0x0000,
    0x0000,0x0000,0x0000,0x0000,0x0000,0x0000,0x43a2,0x43a2,0x54c3,0x54c3,0x0000,0x0000,
    0x0000,0x0000,0x0000,0x0000,0x0000,0x0000,0x0000,0x0000,0x0000,0x0000,0x0000,0x0000,
    0x0000,0x0000,0x0000,0x0000,0x0000,0x0000,0x0000,0x0000,0x0000,0x0000,0x0000,0x0000,
    0x0000,0x0000,0x0000,0x43a2,0x43a2,0x54c3,0x54c3,0x54c3,0x0000,0x0000,0x0000,0x0000,
    0x0000,0x0000,0x0000,0x0000,0x0000,0x0000,0x0000,0x0000,0x0000,0x0000,0x0000,0x0000,
    0x0000,0x0000,0x0000,0x0000,0x54c3,0x54c3,0x0000,0x0000,0x0000,0x0000,0x43a2,0x43a2,
    0x43a2,0x43a2,0x43a2,0x43a2,0x43a2,0x43a2,0x0000,0x0000,0x0000,0x0000,0x0000,0x0000,
    0x0000,0x0000,0x0000,0x0000,0x0000,0x0000,0x0000,0x0000,0x0000,0x0000,0x0000,0x0000,
    0x0000,0x54c3,0x54c3,0x54c3,0x0000,0x0000,0x0000,0x43a2,0x43a2,0x43a2,0x43a2,0x43a2,
    0x43a2,0x43a2,0x43a2,0x54c3,0x0000,0x0000,0x0000,0x0000,0x0000,0x0000,0x0000,0x0000,
    0x0000,0x0000,0x0000,0x0000,0x0000,0x0000,0x0000,0x0000,0x0000,0x0000,0x2a81,0x2a81,
    0x54c3,0x54c3,0x0000,0x0000,0x43a2,0x43a2,0x43a2,0x43a2,0x43a2,0x43a2,0x2a81,0x2a81,
    0x54c3,0x54c3,0x0000,0x0000,0x0000,0x0000,0x0000,0x0000,0x0000,0x0000,0x0000,0x0000,
    0x0000,0x0000,0x0000,0x0000,0x0000,0x0000,0x43a2,0x2a81,0x2a81,0x43a2,0x43a2,0x43a2,
    0x0000,0x43a2,0x43a2,0x43a2,0x43a2,0x43a2,0x43a2,0x2a81,0x2a81,0x2a81,0x54c3,0x0000,
    0x0000,0x0000,0x0000,0x0000,0x0000,0x0000,0x0000,0x0000,0x0000,0x0000,0x0000,0x0000,
    0x0000,0x0000,0x43a2,0x43a2,0x43a2,0x43a2,0x54c3,0x54c3,0x43a2,0x0000,0x43a2,0x43a2,
    0x43a2,0x43a2,0x43a2,0x43a2,0x2a81,0x2a81,0x2a81,0x2a81,0x0000,0x0000,0x0000,0x0000,
    0x0000,0x0000,0x0000,0x0000,0x0000,0x0000,0x0000,0x0000,0x0000,0x0000,0x0000,0x43a2,
    0x43a2,0x43a2,0x43a2,0x54c3,0x54c3,0x2a81,0x0000,0x43a2,0x43a2,0x43a2,0x43a2,0x43a2,
    0x43a2,0x2a81,0x2a81,0x2a81,0x2a81,0x0000,0x0000,0x0000,0x0000,0x0000,0x0000,0x0000,
    0x0000,0x0000,0x0000,0x0000,0x0000,0x0000,0x0000,0x0000,0x43a2,0x43a2,0x43a2,0x43a2,
    0x2a81,0x2a81,0x2a81,0x54c3,0x43a2,0x43a2,0x43a2,0x43a2,0x43a2,0x43a2,0x2a81,0x2a81,
    0x2a81,0x2a81,0x0000,0x0000,0x0000,0x0000,0x0000,0x0000,0x0000,0x0000,0x0000,0x0000,
    0x0000,0x0000,0x0000,0x0000,0x0000,0x43a2,0x43a2,0x43a2,0x43a2,0x2a81,0x2a81,0x21e1,
    0x54c3,0x43a2,0x6583,0x6583,0x43a2,0x43a2,0x43a2,0x2a81,0x2a81,0x2a81,0x2a81,0x0000,
    0x0000,0x0000,0x0000,0x0000,0x0000,0x0000,0x0000,0x0000,0x0000,0x0000,0x0000,0x0000,
    0x0000,0x0000,0x43a2,0x43a2,0x43a2,0x43a2,0x2a81,0x2a81,0x21e1,0x21e1,0x43a2,0x6583,
    0x6583,0x32c1,0x32c1,0x32c1,0x2a81,0x2a81,0x2a81,0x21e1,0x0000,0x0000,0x0000,0x0000,
    0x54c3,0x54c3,0x0000,0x0000,0x0000,0x0000,0x0000,0x0000,0x0000,0x0000,0x0000,0x43a2,
    0x43a2,0x43a2,0x43a2,0x2a81,0x2a81,0x2a81,0x21e1,0x43a2,0x43a2,0x32c1,0x32c1,0x32c1,
    0x32c1,0x2a81,0x2a81,0x2a81,0x21e1,0x0000,0x0000,0x0000,0x0000,0x54c3,0x54c3,0x54c3,
    0x0000,0x0000,0x0000,0x0000,0x0000,0x0000,0x6583,0x6583,0x43a2,0x43a2,0x43a2,0x43a2,
    0x2a81,0x2a81,0x2a81,0x2a81,0x43a2,0x43a2,0x43a2,0x43a2,0x43a2,0x43a2,0x2a81,0x2a81,
    0x2a81,0x2a81,0x0000,0x0000,0x43a2,0x43a2,0x43a2,0x43a2,0x54c3,0x54c3,0x0000,0x0000,
    0x0000,0x0000,0x0000,0x6583,0x6583,0x43a2,0x43a2,0x43a2,0x43a2,0x2a81,0x2a81,0x2a81,
    0x2a81,0x43a2,0x43a2,0x43a2,0x43a2,0x43a2,0x43a2,0x2a81,0x2a81,0x2a81,0x2a81,0x0000,
    0x0000,0x43a2,0x43a2,0x43a2,0x43a2,0x54c3,0x54c3,0x54c3,0x0000,0x0000,0x0000,0x0000,
    0x0000,0x0000,0x43a2,0x43a2,0x43a2,0x43a2,0x2a81,0x2a81,0x2a81,0x2a81,0x43a2,0x43a2,
    0x43a2,0x43a2,0x43a2,0x43a2,0x2a81,0x2a81,0x2a81,0x2a81,0x54c3,0x54c3,0x43a2,0x43a2,
    0x43a2,0x43a2,0x43a2,0x43a2,0x54c3,0x54c3,0x0000,0x0000,0x0000,0x0000,0x0000,0x43a2,
    0x43a2,0x43a2,0x43a2,0x2a81,0x2a81,0x2a81,0x2a81,0x43a2,0x43a2,0x43a2,0x43a2,0x43a2,
    0x43a2,0x2a81,0x2a81,0x2a81,0x2a81,0x54c3,0x54c3,0x43a2,0x43a2,0x43a2,0x43a2,0x43a2,
    0x43a2,0x54c3,0x54c3,0x43a2,0x0000,0x0000,0x0000,0x0000,0x43a2,0x43a2,0x43a2,0x43a2,
    0x43a2,0x43a2,0x54c3,0x54c3,0x43a2,0x43a2,0x43a2,0x43a2,0x43a2,0x43a2,0x2a81,0x2a81,
    0x2a81,0x2a81,0x43a2,0x43a2,0x43a2,0x43a2,0x43a2,0x43a2,0x43a2,0x43a2,0x43a2,0x43a2,
    0x6583,0x6583,0x0000,0x0000,0x0000,0x43a2,0x6583,0x6583,0x43a2,0x43a2,0x43a2,0x54c3,
    0x54c3,0x43a2,0x43a2,0x43a2,0x43a2,0x43a2,0x43a2,0x2a81,0x2a81,0x2a81,0x6583,0x6583,
    0x43a2,0x43a2,0x43a2,0x43a2,0x43a2,0x43a2,0x43a2,0x43a2,0x43a2,0x6583,0x6583,0x0000,
    0x0000,0x0000,0x43a2,0x6583,0x6583,0x43a2,0x43a2,0x43a2,0x43a2,0x43a2,0x43a2,0x43a2,
    0x43a2,0x43a2,0x43a2,0x43a2,0x2a81,0x2a81,0x2a81,0x6583,0x6583,0x43a2,0x43a2,0x43a2,
    0x43a2,0x43a2,0x43a2,0x43a2,0x2a81,0x2a81,0x2a81,0x2a81,0x0000,0x0000,0x0000,0x43a2,
    0x43a2,0x43a2,0x43a2,0x43a2,0x43a2,0x43a2,0x43a2,0x43a2,0x43a2,0x43a2,0x43a2,0x43a2,
    0x43a2,0x2a81,0x2a81,0x2a81,0x2a81,0x43a2,0x43a2,0x43a2,0x43a2,0x43a2,0x43a2,0x43a2,
    0x43a2,0x2a81,0x2a81,0x2a81,0x2a81,0x0000,0x0000,0x0000,0x0000,0x43a2,0x43a2,0x43a2,
    0x43a2,0x43a2,0x32c1,0x32c1,0x43a2,0x43a2,0x32c1,0x32c1,0x43a2,0x43a2,0x2a81,0x2a81,
    0x2a81,0x2a81,0x43a2,0x43a2,0x32c1,0x32c1,0x43a2,0x43a2,0x43a2,0x43a2,0x2a81,0x2a81,
    0x2a81,0x2a81,0x0000,0x0000,0x0000,0x0000,0x0000,0x43a2,0x43a2,0x43a2,0x43a2,0x32c1,
    0x32c1,0x43a2,0x43a2,0x32c1,0x32c1,0x43a2,0x43a2,0x2a81,0x2a81,0x2a81,0x2a81,0x43a2,
    0x43a2,0x32c1,0x32c1,0x43a2,0x43a2,0x43a2,0x43a2,0x2a81,0x2a81,0x2a81,0x2a81,0x0000,
    0x0000,0x0000,0x0000,0x0000,0x0000,0x43a2,0x43a2,0x43a2,0x43a2,0x43a2,0x43a2,0x43a2,
    0x43a2,0x43a2,0x43a2,0x43a2,0x2a81,0x2a81,0x2a81,0x2a81,0x43a2,0x43a2,0x43a2,0x43a2,
    0x43a2,0x43a2,0x43a2,0x43a2,0x2a81,0x2a81,0x2a81,0x2a81,0x0000,0x0000,0x0000,0x0000,
    0x0000,0x0000,0x0000,0x43a2,0x43a2,0x43a2,0x43a2,0x43a2,0x43a2,0x43a2,0x43a2,0x43a2,
    0x43a2,0x2a81,0x2a81,0x2a81,0x2a81,0x43a2,0x43a2,0x43a2,0x43a2,0x43a2,0x43a2,0x43a2,
    0x43a2,0x2a81,0x2a81,0x43a2,0x6583,0x6583,0x0000,0x0000,0x0000,0x0000,0x0000,0x0000,
    0x0000,0x0000,0x0000,0x0000,0x43a2,0x43a2,0x43a2,0x43a2,0x43a2,0x43a2,0x2a81,0x2a81,
    0x2a81,0x2a81,0x43a2,0x43a2,0x43a2,0x43a2,0x43a2,0x43a2,0x43a2,0x43a2,0x21e1,0x21e1,
    0x43a2,0x6583,0x6583,0x0000,0x0000,0x0000,0x0000,0x0000,0x0000,0x0000,0x0000,0x0000,
    0x0000,0x43a2,0x43a2,0x43a2,0x43a2,0x43a2,0x43a2,0x2a81,0x2a81,0x2a81,0x2a81,0x43a2,
    0x43a2,0x43a2,0x43a2,0x43a2,0x43a2,0x43a2,0x43a2,0x21e1,0x21e1,0x2a81,0x2a81,0x0000,
    0x0000,0x0000,0x0000,0x0000,0x0000,0x0000,0x0000,0x0000,0x0000,0x0000,0x43a2,0x43a2,
    0x43a2,0x43a2,0x43a2,0x43a2,0x2a81,0x2a81,0x2a81,0x21e1,0x43a2,0x43a2,0x43a2,0x43a2,
    0x43a2,0x43a2,0x43a2,0x43a2,0x2a81,0x2a81,0x2a81,0x2a81,0x0000,0x0000,0x0000,0x0000,
    0x0000,0x0000,0x0000,0x0000,0x0000,0x0000,0x0000,0x43a2,0x43a2,0x43a2,0x43a2,0x43a2,
    0x6583,0x6583,0x2a81,0x2a81,0x21e1,0x43a2,0x43a2,0x43a2,0x43a2,0x43a2,0x43a2,0x43a2,
    0x43a2,0x2a81,0x2a81,0x2a81,0x2a81,0x0000,0x0000,0x0000,0x0000,0x0000,0x0000,0x0000,
    0x0000,0x0000,0x0000,0x0000,0x43a2,0x43a2,0x43a2,0x43a2,0x43a2,0x6583,0x6583,0x43a2,
    0x54c3,0x54c3,0x43a2,0x43a2,0x32c1,0x32c1,0x43a2,0x43a2,0x43a2,0x43a2,0x2a81,0x2a81,
    0x2a81,0x2a81,0x0000,0x0000,0x0000,0x0000,0x0000,0x0000,0x0000,0x0000,0x0000,0x0000,
    0x0000,0x43a2,0x43a2,0x43a2,0x43a2,0x43a2,0x43a2,0x43a2,0x43a2,0x54c3,0x54c3,0x43a2,
    0x43a2,0x32c1,0x32c1,0x43a2,0x43a2,0x43a2,0x43a2,0x2a81,0x2a81,0x2a81,0x2a81,0x0000,
    0x0000,0x0000,0x0000,0x0000,0x0000,0x0000,0x0000,0x0000,0x0000,0x0000,0x43a2,0x43a2,
    0x43a2,0x43a2,0x43a2,0x43a2,0x43a2,0x43a2,0x43a2,0x43a2,0x43a2,0x43a2,0x43a2,0x43a2,
    0x43a2,0x43a2,0x2a81,0x2a81,0x43a2,0x2a81,0x2a81,0x2a81,0x0000,0x0000,0x0000,0x0000,
    0x0000,0x0000,0x0000,0x0000,0x0000,0x0000,0x0000,0x43a2,0x43a2,0x43a2,0x43a2,0x43a2,
    0x43a2,0x43a2,0x43a2,0x43a2,0x43a2,0x43a2,0x43a2,0x43a2,0x43a2,0x43a2,0x43a2,0x2a81,
    0x2a81,0x2a81,0x43a2,0x2a81,0x2a81,0x0000,0x0000,0x0000,0x0000,0x0000,0x0000,0x0000,
    0x0000,0x0000,0x0000,0x0000,0x43a2,0x43a2,0x32c1,0x32c1,0x43a2,0x43a2,0x43a2,0x43a2,
    0x43a2,0x43a2,0x43a2,0x43a2,0x43a2,0x43a2,0x2a81,0x2a81,0x43a2,0x2a81,0x2a81,0x2a81,
    0x0000,0x0000,0x0000,0x0000,0x0000,0x0000,0x0000,0x0000,0x0000,0x0000,0x0000,0x0000,
    0x0000,0x43a2,0x43a2,0x32c1,0x32c1,0x43a2,0x43a2,0x43a2,0x43a2,0x43a2,0x43a2,0x43a2,
    0x43a2,0x43a2,0x43a2,0x2a81,0x2a81,0x2a81,0x43a2,0x2a81,0x2a81,0x0000,0x0000,0x0000,
    0x0000,0x0000,0x0000,0x0000,0x0000,0x0000,0x0000,0x0000,0x0000,0x0000,0x43a2,0x43a2,
    0x43a2,0x43a2,0x43a2,0x43a2,0x43a2,0x43a2,0x43a2,0x43a2,0x43a2,0x43a2,0x2a81,0x2a81,
    0x43a2,0x2a81,0x2a81,0x2a81,0x0000,0x0000,0x0000,0x0000,0x0000,0x0000,0x0000,0x0000,
    0x0000,0x0000,0x0000,0x0000,0x0000,0x0000,0x0000,0x43a2,0x43a2,0x43a2,0x43a2,0x43a2,
    0x43a2,0x43a2,0x43a2,0x43a2,0x43a2,0x43a2,0x43a2,0x2a81,0x2a81,0x2a81,0x43a2,0x2a81,
    0x2a81,0x0000,0x0000,0x0000,0x0000,0x0000,0x0000,0x0000,0x0000,0x0000,0x0000,0x0000,
    0x0000,0x0000,0x0000,0x0000,0x43a2,0x43a2,0x43a2,0x43a2,0x43a2,0x43a2,0x2a81,0x2a81,
    0x43a2,0x43a2,0x43a2,0x43a2,0x43a2,0x2a81,0x2a81,0x2a81,0x0000,0x0000,0x0000,0x0000,
    0x0000,0x0000,0x0000,0x0000,0x0000,0x0000,0x0000,0x0000,0x0000,0x0000,0x0000,0x0000,
    0x0000,0x43a2,0x43a2,0x43a2,0x43a2,0x43a2,0x43a2,0x2a81,0x2a81,0x2a81,0x43a2,0x43a2,
    0x43a2,0x43a2,0x43a2,0x2a81,0x2a81,0x0000,0x0000,0x0000,0x0000,0x0000,0x0000,0x0000,
    0x0000,0x0000,0x0000,0x0000,0x0000,0x0000,0x0000,0x0000,0x0000,0x0000,0x3b63,0x3b63,
    0x3b63,0x3b63,0x3b63,0x3b63,0x2a62,0x2a62,0x2a81,0x2a81,0x0000,0x0000,0x0000,0x0000,
    0x0000,0x0000,0x0000,0x0000,0x0000,0x0000,0x0000,0x0000,0x0000,0x0000,0x0000,0x0000,
    0x0000,0x0000,0x0000,0x0000,0x0000,0x0000,0x0000,0x3b63,0x3b63,0x3b63,0x3b63,0x3b63,
    0x3b63,0x2a62,0x2a62,0x2a62,0x2a81,0x0000,0x0000,0x0000,0x0000,0x0000,0x0000,0x0000,
    0x0000,0x0000,0x0000,0x0000,0x0000,0x0000,0x0000,0x0000,0x0000,0x0000,0x0000,0x0000,
    0x0000,0x0000,0x0000,0x0000,0x3b63,0x3b63,0x3b63,0x3b63,0x3b63,0x3b63,0x2a62,0x2a62,
    0x2a62,0x2a62,0x0000,0x0000,0x0000,0x0000,0x0000,0x0000,0x0000,0x0000,0x0000,0x0000,
    0x0000,0x0000,0x0000,0x0000,0x0000,0x0000,0x0000,0x0000,0x0000,0x0000,0x0000,0x0000,
    0x0000,0x3b63,0x3b63,0x3b63,0x3b63,0x3b63,0x3b63,0x2a62,0x2a62,0x2a62,0x2a62,0x0000,
    0x0000,0x0000,0x0000,0x0000,0x0000,0x0000,0x0000,0x0000,0x0000,0x0000,0x0000,0x0000,
    0x0000,0x0000,0x0000,0x0000,0x0000,0x0000,0x0000,0x0000,0x0000,0x0000,0x3b40,0x3b40,
    0x3b40,0x3b40,0x3b40,0x3b40,0x2a40,0x2a40,0x2a62,0x2a62,0x0000,0x0000,0x0000,0x0000,
    0x0000,0x0000,0x0000,0x0000,0x0000,0x0000,0x0000,0x0000,0x0000,0x0000,0x0000,0x0000,
    0x0000,0x0000,0x0000,0x0000,0x0000,0x0000,0x0000,0x3b40,0x3b40,0x3b40,0x3b40,0x3b40,
    0x3b40,0x2a40,0x2a40,0x2a81,0x2a62,0x0000,0x0000,0x0000,0x0000,0x0000,0x0000,0x0000,
    0x0000,0x0000,0x0000,0x0000,0x0000,0x0000,0x0000,0x0000,0x0000,0x0000,0x0000,0x0000,
    0x0000,0x0000,0x0000,0x0000,0x3b40,0x3b40,0x3b40,0x3b40,0x3b40,0x3b40,0x2a40,0x2a40,
    0x2a81,0x2a40,0x0000,0x0000,0x0000,0x0000,0x0000,0x0000,0x0000,0x0000,0x0000,0x0000,
    0x0000,0x0000,0x0000,0x0000,0x0000,0x0000,0x0000,0x0000,0x0000,0x0000,0x0000,0x0000,
    0x0000,0x3b40,0x3b40,0x3b40,0x3b40,0x3b40,0x3b40,0x2a40,0x2a40,0x2a81,0x2a40,0x0000,
    0x0000,0x0000,0x0000,0x0000,0x0000,0x0000,0x0000,0x0000,0x0000,0x0000,0x0000,0x0000,
    0x0000,0x0000,0x0000,0x0000,0x0000,0x0000,0x0000,0x0000,0x0000,0x0000,0x3280,0x3280,
    0x3280,0x3280,0x3280,0x3280,0x21c0,0x21c0,0x2a81,0x2a40,0x0000,0x0000,0x0000,0x0000,
    0x0000,0x0000,0x0000,0x0000,0x0000,0x0000,0x0000,0x0000,0x0000,0x0000,0x0000,0x0000,
    0x0000,0x0000,0x0000,0x0000,0x0000,0x0000,0x0000,0x3280,0x3280,0x3280,0x3280,0x3280,
    0x3280,0x21c0,0x21c0,0x2a81,0x2a40,0x0000,0x0000,0x0000,0x0000,0x0000,0x0000,0x0000,
    0x0000,0x0000,0x0000,0x0000,0x0000,0x0000,0x0000,0x0000,0x0000,0x0000,0x0000,0x0000,
    0x0000,0x0000,0x0000,0x0000,0x3280,0x3280,0x3280,0x3280,0x3280,0x3280,0x21c0,0x21c0,
    0x2a81,0x21c0,0x0000,0x0000,0x0000,0x0000,0x0000,0x0000,0x0000,0x0000,0x0000,0x0000,
    0x0000,0x0000,0x0000,0x0000,0x0000,0x0000,0x0000,0x0000,0x0000,0x0000,0x0000,0x0000,
    0x0000,0x3280,0x3280,0x3280,0x3280,0x3280,0x3280,0x21c0,0x21c0,0x2a81,0x21c0,0x0000,
    0x0000,0x0000,0x0000,0x0000,0x0000,0x0000,0x0000,0x0000,0x0000,0x0000,0x0000,0x0000,
    0x0000,0x0000,0x0000,0x0000,0x0000,0x0000,0x0000,0x0000,0x0000,0x0000,0x0000,0x3280,
    0x3280,0x43a2,0x43a2,0x43a2,0x43a2,0x2a81,0x2a81,0x21c0,0x0000,0x0000,0x0000,0x0000,
    0x0000,0x0000,0x0000,0x0000,0x0000,0x0000,0x0000,0x0000,0x0000,0x0000,0x0000,0x0000,
    0x0000,0x0000,0x0000,0x0000,0x0000,0x0000,0x0000,0x0000,0x0000,0x3280,0x3280,0x3280,
    0x3280,0x3280,0x3280,0x21c0,0x21c0,0x0000,0x0000,0x0000,0x0000,0x0000,0x0000,0x0000,
    0x0000,0x0000,0x0000,0x0000,0x0000,0x0000,
};
const sprite_t spr_cactus_tall = { 33, 54, px_cactus_tall };

static const uint16_t px_cactus_thin[1620] = {
    0x0000,0x0000,0x0000,0x0000,0x0000,0x0000,0x0000,0x0000,0x0000,0x0000,0x0000,0x0000,
    0x0000,0x0000,0x54c3,0x54c3,0x0000,0x0000,0x0000,0x0000,0x0000,0x0000,0x0000,0x0000,
    0x0000,0x0000,0x0000,0x0000,0x0000,0x0000,0x0000,0x0000,0x0000,0x0000,0x0000,0x0000,
    0x0000,0x0000,0x0000,0x0000,0x0000,0x43a2,0x43a2,0x54c3,0x54c3,0x54c3,0x54c3,0x0000,
    0x0000,0x0000,0x0000,0x0000,0x0000,0x0000,0x0000,0x0000,0x0000,0x0000,0x0000,0x0000,
    0x0000,0x0000,0x0000,0x0000,0x0000,0x0000,0x0000,0x0000,0x0000,0x0000,0x0000,0x43a2,
    0x54c3,0x54c3,0x54c3,0x54c3,0x54c3,0x54c3,0x0000,0x0000,0x0000,0x0000,0x0000,0x0000,
    0x0000,0x0000,0x0000,0x0000,0x0000,0x0000,0x0000,0x0000,0x0000,0x0000,0x0000,0x0000,
    0x0000,0x0000,0x0000,0x6583,0x6583,0x43a2,0x54c3,0x54c3,0x43a2,0x21e1,0x21e1,0x54c3,
    0x54c3,0x0000,0x0000,0x0000,0x0000,0x0000,0x0000,0x0000,0x0000,0x0000,0x0000,0x0000,
    0x0000,0x0000,0x0000,0x0000,0x0000,0x0000,0x0000,0x0000,0x0000,0x6583,0x6583,0x43a2,
    0x2a81,0x2a81,0x43a2,0x21e1,0x21e1,0x43a2,0x54c3,0x54c3,0x0000,0x0000,0x0000,0x0000,
    0x0000,0x0000,0x0000,0x0000,0x0000,0x0000,0x0000,0x0000,0x0000,0x0000,0x0000,0x0000,
    0x0000,0x0000,0x0000,0x0000,0x54c3,0x43a2,0x2a81,0x2a81,0x43a2,0x2a81,0x2a81,0x43a2,
    0x54c3,0x54c3,0x0000,0x0000,0x0000,0x0000,0x0000,0x0000,0x0000,0x0000,0x0000,0x0000,
    0x0000,0x0000,0x0000,0x0000,0x0000,0x0000,0x0000,0x0000,0x0000,0x0000,0x43a2,0x43a2,
    0x2a81,0x2a81,0x43a2,0x2a81,0x2a81,0x43a2,0x2a81,0x2a81,0x0000,0x0000,0x0000,0x0000,
    0x0000,0x0000,0x0000,0x0000,0x0000,0x0000,0x0000,0x0000,0x0000,0x0000,0x0000,0x0000,
    0x0000,0x0000,0x0000,0x0000,0x43a2,0x43a2,0x2a81,0x2a81,0x43a2,0x2a81,0x2a81,0x43a2,
    0x2a81,0x2a81,0x0000,0x0000,0x0000,0x0000,0x0000,0x0000,0x0000,0x0000,0x0000,0x0000,
    0x0000,0x0000,0x0000,0x0000,0x0000,0x0000,0x0000,0x0000,0x0000,0x0000,0x43a2,0x43a2,
    0x2a81,0x2a81,0x43a2,0x2a81,0x2a81,0x43a2,0x43a2,0x43a2,0x6583,0x6583,0x0000,0x0000,
    0x0000,0x0000,0x0000,0x0000,0x0000,0x0000,0x0000,0x0000,0x0000,0x0000,0x0000,0x0000,
    0x0000,0x0000,0x0000,0x0000,0x43a2,0x43a2,0x2a81,0x2a81,0x43a2,0x2a81,0x2a81,0x43a2,
    0x43a2,0x43a2,0x6583,0x6583,0x0000,0x0000,0x0000,0x0000,0x0000,0x0000,0x0000,0x0000,
    0x0000,0x0000,0x0000,0x0000,0x54c3,0x54c3,0x0000,0x0000,0x0000,0x0000,0x32c1,0x43a2,
    0x2a81,0x2a81,0x43a2,0x2a81,0x2a81,0x43a2,0x2a81,0x2a81,0x0000,0x0000,0x0000,0x0000,
    0x0000,0x0000,0x0000,0x0000,0x0000,0x0000,0x0000,0x0000,0x0000,0x54c3,0x54c3,0x54c3,
    0x0000,0x0000,0x0000,0x0000,0x32c1,0x6583,0x6583,0x2a81,0x32c1,0x2a81,0x2a81,0x43a2,
    0x2a81,0x2a81,0x0000,0x0000,0x0000,0x0000,0x0000,0x0000,0x0000,0x0000,0x0000,0x0000,
    0x0000,0x0000,0x54c3,0x54c3,0x54c3,0x43a2,0x43a2,0x43a2,0x0000,0x0000,0x43a2,0x6583,
    0x6583,0x2a81,0x32c1,0x2a81,0x2a81,0x43a2,0x2a81,0x2a81,0x0000,0x0000,0x0000,0x0000,
    0x54c3,0x54c3,0x0000,0x0000,0x0000,0x0000,0x0000,0x0000,0x54c3,0x2a81,0x2a81,0x43a2,
    0x43a2,0x43a2,0x0000,0x0000,0x43a2,0x43a2,0x2a81,0x2a81,0x43a2,0x2a81,0x2a81,0x43a2,
    0x2a81,0x2a81,0x0000,0x0000,0x0000,0x54c3,0x54c3,0x54c3,0x0000,0x0000,0x0000,0x0000,
    0x0000,0x0000,0x43a2,0x2a81,0x2a81,0x43a2,0x2a81,0x2a81,0x0000,0x0000,0x43a2,0x43a2,
    0x2a81,0x2a81,0x43a2,0x2a81,0x2a81,0x43a2,0x2a81,0x2a81,0x0000,0x0000,0x54c3,0x54c3,
    0x54c3,0x43a2,0x54c3,0x54c3,0x0000,0x0000,0x0000,0x0000,0x43a2,0x2a81,0x2a81,0x43a2,
    0x2a81,0x2a81,0x0000,0x0000,0x43a2,0x43a2,0x2a81,0x2a81,0x43a2,0x21e1,0x21e1,0x43a2,
    0x2a81,0x2a81,0x0000,0x0000,0x54c3,0x2a81,0x2a81,0x43a2,0x54c3,0x54c3,0x0000,0x0000,
    0x0000,0x0000,0x32c1,0x2a81,0x2a81,0x43a2,0x2a81,0x2a81,0x0000,0x0000,0x43a2,0x43a2,
    0x2a81,0x2a81,0x43a2,0x21e1,0x21e1,0x43a2,0x2a81,0x2a81,0x0000,0x0000,0x43a2,0x2a81,
    0x2a81,0x43a2,0x2a81,0x2a81,0x0000,0x0000,0x0000,0x0000,0x32c1,0x2a81,0x2a81,0x43a2,
    0x2a81,0x2a81,0x0000,0x0000,0x43a2,0x43a2,0x2a81,0x2a81,0x43a2,0x2a81,0x2a81,0x43a2,
    0x2a81,0x2a81,0x0000,0x0000,0x43a2,0x2a81,0x2a81,0x43a2,0x2a81,0x2a81,0x0000,0x0000,
    0x0000,0x0000,0x43a2,0x2a81,0x2a81,0x43a2,0x2a81,0x2a81,0x0000,0x0000,0x43a2,0x43a2,
    0x2a81,0x2a81,0x43a2,0x2a81,0x2a81,0x43a2,0x2a81,0x2a81,0x6583,0x6583,0x43a2,0x2a81,
    0x2a81,0x43a2,0x21e1,0x21e1,0x0000,0x0000,0x0000,0x0000,0x43a2,0x2a81,0x2a81,0x43a2,
    0x2a81,0x2a81,0x0000,0x0000,0x43a2,0x43a2,0x2a81,0x2a81,0x43a2,0x2a81,0x2a81,0x43a2,
    0x2a81,0x2a81,0x6583,0x6583,0x54c3,0x43a2,0x43a2,0x54c3,0x54c3,0x21e1,0x0000,0x0000,
    0x0000,0x0000,0x43a2,0x2a81,0x2a81,0x43a2,0x2a81,0x2a81,0x0000,0x0000,0x32c1,0x43a2,
    0x2a81,0x2a81,0x43a2,0x2a81,0x2a81,0x43a2,0x2a81,0x2a81,0x0000,0x54c3,0x54c3,0x43a2,
    0x43a2,0x54c3,0x54c3,0x43a2,0x6583,0x6583,0x0000,0x0000,0x43a2,0x43a2,0x43a2,0x54c3,
    0x54c3,0x2a81,0x0000,0x0000,0x32c1,0x32c1,0x2a81,0x2a81,0x43a2,0x43a2,0x43a2,0x54c3,
    0x54c3,0x54c3,0x54c3,0x43a2,0x43a2,0x43a2,0x43a2,0x2a81,0x2a81,0x43a2,0x6583,0x6583,
    0x6583,0x6583,0x6583,0x6583,0x43a2,0x54c3,0x54c3,0x2a81,0x0000,0x0000,0x43a2,0x32c1,
    0x2a81,0x2a81,0x43a2,0x43a2,0x43a2,0x54c3,0x54c3,0x54c3,0x54c3,0x43a2,0x43a2,0x43a2,
    0x43a2,0x2a81,0x2a81,0x2a81,0x43a2,0x0000,0x6583,0x6583,0x6583,0x6583,0x43a2,0x43a2,
    0x43a2,0x43a2,0x43a2,0x54c3,0x54c3,0x43a2,0x2a81,0x2a81,0x43a2,0x43a2,0x43a2,0x43a2,
    0x43a2,0x32c1,0x32c1,0x43a2,0x43a2,0x21e1,0x21e1,0x43a2,0x2a81,0x2a81,0x2a81,0x0000,
    0x0000,0x0000,0x43a2,0x43a2,0x43a2,0x43a2,0x43a2,0x43a2,0x6583,0x6583,0x54c3,0x43a2,
    0x21e1,0x21e1,0x43a2,0x43a2,0x43a2,0x43a2,0x43a2,0x32c1,0x32c1,0x43a2,0x43a2,0x21e1,
    0x21e1,0x2a81,0x43a2,0x2a81,0x2a81,0x0000,0x0000,0x0000,0x43a2,0x32c1,0x32c1,0x43a2,
    0x43a2,0x43a2,0x6583,0x6583,0x43a2,0x43a2,0x21e1,0x21e1,0x43a2,0x43a2,0x43a2,0x43a2,
    0x43a2,0x2a81,0x2a81,0x43a2,0x43a2,0x43a2,0x2a81,0x2a81,0x2a81,0x0000,0x0000,0x0000,
    0x0000,0x0000,0x43a2,0x32c1,0x32c1,0x43a2,0x43a2,0x43a2,0x43a2,0x43a2,0x43a2,0x43a2,
    0x2a81,0x2a81,0x43a2,0x43a2,0x43a2,0x43a2,0x43a2,0x2a81,0x2a81,0x2a81,0x43a2,0x43a2,
    0x43a2,0x2a81,0x2a81,0x0000,0x0000,0x0000,0x0000,0x0000,0x43a2,0x43a2,0x43a2,0x43a2,
    0x43a2,0x43a2,0x43a2,0x43a2,0x43a2,0x6583,0x6583,0x2a81,0x43a2,0x2a81,0x2a81,0x43a2,
    0x43a2,0x43a2,0x2a81,0x2a81,0x2a81,0x6583,0x0000,0x0000,0x0000,0x0000,0x0000,0x0000,
    0x0000,0x0000,0x0000,0x0000,0x0000,0x43a2,0x43a2,0x43a2,0x43a2,0x43a2,0x43a2,0x6583,
    0x6583,0x2a81,0x43a2,0x2a81,0x2a81,0x43a2,0x2a81,0x2a81,0x43a2,0x2a81,0x2a81,0x0000,
    0x0000,0x0000,0x0000,0x0000,0x0000,0x0000,0x0000,0x0000,0x0000,0x0000,0x0000,0x0000,
    0x0000,0x0000,0x43a2,0x43a2,0x43a2,0x43a2,0x2a81,0x2a81,0x43a2,0x2a81,0x2a81,0x43a2,
    0x2a81,0x2a81,0x0000,0x0000,0x0000,0x0000,0x0000,0x0000,0x0000,0x0000,0x0000,0x0000,
    0x0000,0x0000,0x0000,0x0000,0x0000,0x0000,0x0000,0x0000,0x0000,0x43a2,0x43a2,0x43a2,
    0x2a81,0x2a81,0x43a2,0x2a81,0x2a81,0x43a2,0x21e1,0x21e1,0x0000,0x0000,0x0000,0x0000,
    0x0000,0x0000,0x0000,0x0000,0x0000,0x0000,0x0000,0x0000,0x0000,0x0000,0x0000,0x0000,
    0x0000,0x0000,0x0000,0x0000,0x43a2,0x43a2,0x2a81,0x2a81,0x43a2,0x2a81,0x2a81,0x43a2,
    0x21e1,0x21e1,0x0000,0x0000,0x0000,0x0000,0x0000,0x0000,0x0000,0x0000,0x0000,0x0000,
    0x0000,0x0000,0x0000,0x0000,0x0000,0x0000,0x0000,0x0000,0x0000,0x0000,0x43a2,0x43a2,
    0x2a81,0x2a81,0x43a2,0x2a81,0x2a81,0x43a2,0x2a81,0x2a81,0x0000,0x0000,0x0000,0x0000,
    0x0000,0x0000,0x0000,0x0000,0x0000,0x0000,0x0000,0x0000,0x0000,0x0000,0x0000,0x0000,
    0x0000,0x0000,0x0000,0x0000,0x43a2,0x32c1,0x2a81,0x2a81,0x43a2,0x2a81,0x2a81,0x43a2,
    0x2a81,0x2a81,0x0000,0x0000,0x0000,0x0000,0x0000,0x0000,0x0000,0x0000,0x0000,0x0000,
    0x0000,0x0000,0x0000,0x0000,0x0000,0x0000,0x0000,0x0000,0x0000,0x0000,0x43a2,0x32c1,
    0x2a81,0x2a81,0x43a2,0x2a81,0x2a81,0x43a2,0x2a81,0x2a81,0x0000,0x0000,0x0000,0x0000,
    0x0000,0x0000,0x0000,0x0000,0x0000,0x0000,0x0000,0x0000,0x0000,0x0000,0x0000,0x0000,
    0x0000,0x0000,0x0000,0x0000,0x43a2,0x43a2,0x2a81,0x2a81,0x43a2,0x2a81,0x2a81,0x43a2,
    0x2a81,0x2a81,0x0000,0x0000,0x0000,0x0000,0x0000,0x0000,0x0000,0x0000,0x0000,0x0000,
    0x0000,0x0000,0x0000,0x0000,0x0000,0x0000,0x0000,0x0000,0x0000,0x0000,0x43a2,0x43a2,
    0x2a81,0x2a81,0x43a2,0x2a81,0x2a81,0x43a2,0x2a81,0x2a81,0x0000,0x0000,0x0000,0x0000,
    0x0000,0x0000,0x0000,0x0000,0x0000,0x0000,0x0000,0x0000,0x0000,0x0000,0x0000,0x0000,
    0x0000,0x0000,0x0000,0x0000,0x43a2,0x43a2,0x2a81,0x2a81,0x43a2,0x2a81,0x2a81,0x43a2,
    0x2a81,0x2a81,0x0000,0x0000,0x0000,0x0000,0x0000,0x0000,0x0000,0x0000,0x0000,0x0000,
    0x0000,0x0000,0x0000,0x0000,0x0000,0x0000,0x0000,0x0000,0x0000,0x0000,0x43a2,0x43a2,
    0x2a62,0x2a62,0x43a2,0x2a81,0x2a81,0x43a2,0x2a81,0x2a81,0x0000,0x0000,0x0000,0x0000,
    0x0000,0x0000,0x0000,0x0000,0x0000,0x0000,0x0000,0x0000,0x0000,0x0000,0x0000,0x0000,
    0x0000,0x0000,0x0000,0x0000,0x43a2,0x3b63,0x2a62,0x2a62,0x3b63,0x2a62,0x2a62,0x43a2,
    0x2a81,0x2a81,0x0000,0x0000,0x0000,0x0000,0x0000,0x0000,0x0000,0x0000,0x0000,0x0000,
    0x0000,0x0000,0x0000,0x0000,0x0000,0x0000,0x0000,0x0000,0x0000,0x0000,0x3b63,0x3b63,
    0x2a62,0x2a62,0x3b63,0x2a62,0x2a62,0x3b63,0x2a62,0x2a62,0x0000,0x0000,0x0000,0x0000,
    0x0000,0x0000,0x0000,0x0000,0x0000,0x0000,0x0000,0x0000,0x0000,0x0000,0x0000,0x0000,
    0x0000,0x0000,0x0000,0x0000,0x3b63,0x3b63,0x2a62,0x2a62,0x3b63,0x2a62,0x2a62,0x3b63,
    0x2a62,0x2a62,0x0000,0x0000,0x0000,0x0000,0x0000,0x0000,0x0000,0x0000,0x0000,0x0000,
    0x0000,0x0000,0x0000,0x0000,0x0000,0x0000,0x0000,0x0000,0x0000,0x0000,0x3b63,0x3b63,
    0x2a40,0x2a40,0x3b63,0x2a62,0x2a62,0x3b63,0x2a62,0x2a62,0x0000,0x0000,0x0000,0x0000,
    0x0000,0x0000,0x0000,0x0000,0x0000,0x0000,0x0000,0x0000,0x0000,0x0000,0x0000,0x0000,
    0x0000,0x0000,0x0000,0x0000,0x3b63,0x3b40,0x2a40,0x2a40,0x3b40,0x2a40,0x2a40,0x3b63,
    0x2a62,0x2a62,0x0000,0x0000,0x0000,0x0000,0x0000,0x0000,0x0000,0x0000,0x0000,0x0000,
    0x0000,0x0000,0x0000,0x0000,0x0000,0x0000,0x0000,0x0000,0x0000,0x0000,0x3b40,0x3b40,
    0x2a40,0x2a40,0x3b40,0x2a40,0x2a40,0x43a2,0x2a40,0x2a40,0x0000,0x0000,0x0000,0x0000,
    0x0000,0x0000,0x0000,0x0000,0x0000,0x0000,0x0000,0x0000,0x0000,0x0000,0x0000,0x0000,
    0x0000,0x0000,0x0000,0x0000,0x3b40,0x3b40,0x2a40,0x2a40,0x3b40,0x2a40,0x2a40,0x43a2,
    0x2a40,0x2a40,0x0000,0x0000,0x0000,0x0000,0x0000,0x0000,0x0000,0x0000,0x0000,0x0000,
    0x0000,0x0000,0x0000,0x0000,0x0000,0x0000,0x0000,0x0000,0x0000,0x0000,0x3b40,0x3b40,
    0x21c0,0x21c0,0x3b40,0x2a40,0x2a40,0x43a2,0x2a40,0x2a40,0x0000,0x0000,0x0000,0x0000,
    0x0000,0x0000,0x0000,0x0000,0x0000,0x0000,0x0000,0x0000,0x0000,0x0000,0x0000,0x0000,
    0x0000,0x0000,0x0000,0x0000,0x3b40,0x3280,0x21c0,0x21c0,0x3280,0x21c0,0x21c0,0x43a2,
    0x2a40,0x2a40,0x0000,0x0000,0x0000,0x0000,0x0000,0x0000,0x0000,0x0000,0x0000,0x0000,
    0x0000,0x0000,0x0000,0x0000,0x0000,0x0000,0x0000,0x0000,0x0000,0x0000,0x3280,0x3280,
    0x21c0,0x21c0,0x3280,0x21c0,0x21c0,0x43a2,0x21c0,0x21c0,0x0000,0x0000,0x0000,0x0000,
    0x0000,0x0000,0x0000,0x0000,0x0000,0x0000,0x0000,0x0000,0x0000,0x0000,0x0000,0x0000,
    0x0000,0x0000,0x0000,0x0000,0x3280,0x3280,0x21c0,0x21c0,0x3280,0x21c0,0x21c0,0x43a2,
    0x21c0,0x21c0,0x0000,0x0000,0x0000,0x0000,0x0000,0x0000,0x0000,0x0000,0x0000,0x0000,
    0x0000,0x0000,0x0000,0x0000,0x0000,0x0000,0x0000,0x0000,0x0000,0x0000,0x3280,0x3280,
    0x3280,0x3280,0x3280,0x21c0,0x21c0,0x43a2,0x21c0,0x21c0,0x0000,0x0000,0x0000,0x0000,
    0x0000,0x0000,0x0000,0x0000,0x0000,0x0000,0x0000,0x0000,0x0000,0x0000,0x0000,0x0000,
    0x0000,0x0000,0x0000,0x0000,0x3280,0x3280,0x43a2,0x43a2,0x43a2,0x43a2,0x43a2,0x43a2,
    0x21c0,0x21c0,0x0000,0x0000,0x0000,0x0000,0x0000,0x0000,0x0000,0x0000,0x0000,0x0000,
    0x0000,0x0000,0x0000,0x0000,0x0000,0x0000,0x0000,0x0000,0x0000,0x0000,0x0000,0x0000,
    0x0000,0x3280,0x3280,0x3280,0x3280,0x21c0,0x21c0,0x0000,0x0000,0x0000,0x0000,0x0000,
    0x0000,0x0000,0x0000,0x0000,0x0000,0x0000,0x0000,0x0000,0x0000,0x0000,0x0000,0x0000,
    0x0000,0x0000,0x0000,0x0000,0x0000,0x0000,0x0000,0x0000,0x0000,0x0000,0x21c0,0x21c0,
    0x0000,0x0000,0x0000,0x0000,0x0000,0x0000,0x0000,0x0000,0x0000,0x0000,0x0000,0x0000,
};
const sprite_t spr_cactus_thin = { 30, 54, px_cactus_thin };

static const uint16_t px_fcactus[1870] = {
    0x0000,0x0000,0x0000,0x0000,0x0000,0x0000,0x0000,0x0000,0x0000,0x0000,0x0000,0x0000,
    0x0000,0x0000,0x0000,0x0000,0xfa1f,0xfa1f,0x0000,0x0000,0x0000,0x0000,0x0000,0x0000,
    0x0000,0x0000,0x0000,0x0000,0x0000,0x0000,0x0000,0x0000,0x0000,0x0000,0x0000,0x0000,
    0x0000,0x0000,0x0000,0x0000,0x0000,0x0000,0x0000,0x0000,0x0000,0x0000,0x0000,0x0000,
    0x0000,0xfa1f,0xfa1f,0xfa1f,0x0000,0x0000,0x0000,0x0000,0x0000,0x0000,0x0000,0x0000,
    0x0000,0x0000,0x0000,0x0000,0x0000,0x0000,0x0000,0x0000,0x0000,0x0000,0x0000,0x0000,
    0x0000,0x0000,0x0000,0x0000,0x0000,0x0000,0x0000,0x0000,0x0000,0x0000,0xfa1f,0xfa1f,
    0xfa1f,0xf99f,0xfa1f,0xfa1f,0x0000,0x0000,0x0000,0x0000,0x0000,0x0000,0x0000,0x0000,
    0x0000,0x0000,0x0000,0x0000,0x0000,0x0000,0x0000,0x0000,0x0000,0x0000,0x0000,0x0000,
    0x0000,0x0000,0x0000,0x0000,0x0000,0x0000,0x0000,0x54c3,0xfa1f,0xfa1f,0x43a2,0x54c3,
    0x54c3,0xfa1f,0x0000,0x0000,0x0000,0x0000,0x0000,0x0000,0x0000,0x0000,0x0000,0x0000,
    0x0000,0x0000,0x0000,0x0000,0x0000,0x0000,0x0000,0x0000,0x0000,0x0000,0x0000,0x0000,
    0x0000,0x0000,0x0000,0x0000,0xfa1f,0x54c3,0x54c3,0x43a2,0x43a2,0x54c3,0x54c3,0x43a2,
    0xfa1f,0xfa1f,0x0000,0x0000,0x0000,0x0000,0x0000,0x0000,0x0000,0x0000,0x0000,0x0000,
    0x0000,0x0000,0x0000,0x0000,0x0000,0x0000,0x0000,0x0000,0x0000,0x0000,0x0000,0x0000,
    0x0000,0x43a2,0x43a2,0x43a2,0x43a2,0x43a2,0x43a2,0x32c1,0x32c1,0x54c3,0x54c3,0xfa1f,
    0x0000,0x0000,0x0000,0x0000,0x0000,0x0000,0x0000,0x0000,0x0000,0x0000,0x0000,0x0000,
    0x0000,0x0000,0x0000,0x0000,0x0000,0x0000,0x0000,0x0000,0x0000,0x0000,0x0000,0x43a2,
    0x43a2,0x43a2,0x43a2,0x43a2,0x43a2,0x32c1,0x32c1,0x54c3,0x54c3,0x2a81,0x0000,0x0000,
    0x0000,0x0000,0x0000,0x0000,0x0000,0x0000,0x0000,0x0000,0x0000,0x0000,0x0000,0x0000,
    0x0000,0x0000,0x0000,0x0000,0x0000,0x0000,0x0000,0x0000,0x0000,0x43a2,0x43a2,0x43a2,
    0x43a2,0x43a2,0x43a2,0x43a2,0x43a2,0x2a81,0x2a81,0x2a81,0x43a2,0x0000,0x0000,0x0000,
    0x0000,0x0000,0x0000,0x0000,0x0000,0x0000,0x0000,0x0000,0x0000,0x0000,0x0000,0x0000,
    0x0000,0x0000,0x0000,0x0000,0x0000,0x0000,0x0000,0x43a2,0x43a2,0x43a2,0x43a2,0x43a2,
    0x43a2,0x43a2,0x43a2,0x2a81,0x2a81,0x2a81,0x43a2,0x0000,0x0000,0x0000,0x0000,0x0000,
    0x0000,0x0000,0x0000,0x0000,0x0000,0x0000,0x0000,0x0000,0x0000,0x54c3,0x54c3,0x54c3,
    0x54c3,0x0000,0x0000,0x0000,0x0000,0x43a2,0x43a2,0x43a2,0x43a2,0x43a2,0x43a2,0x43a2,
    0x43a2,0x2a81,0x2a81,0x2a81,0x2a81,0x0000,0x0000,0x0000,0x0000,0x0000,0x0000,0x0000,
    0x0000,0x0000,0x0000,0x0000,0x0000,0x0000,0x0000,0x54c3,0x54c3,0x54c3,0x54c3,0x54c3,
    0x0000,0x0000,0x0000,0x43a2,0x43a2,0x43a2,0x43a2,0x43a2,0x43a2,0x43a2,0x43a2,0x2a81,
    0x2a81,0x2a81,0x2a81,0x0000,0x0000,0x0000,0x0000,0x0000,0x0000,0x0000,0x0000,0x0000,
    0x0000,0x0000,0x0000,0x54c3,0x54c3,0x43a2,0x43a2,0x43a2,0x43a2,0x54c3,0x54c3,0x0000,
    0x0000,0x43a2,0x43a2,0x43a2,0x43a2,0x43a2,0x43a2,0x43a2,0x43a2,0x2a81,0x2a81,0x2a81,
    0x2a81,0x0000,0x0000,0x0000,0x0000,0x0000,0x0000,0x0000,0x0000,0x0000,0x0000,0x0000,
    0x0000,0x54c3,0x54c3,0x43a2,0x43a2,0x43a2,0x43a2,0x54c3,0x54c3,0x54c3,0x0000,0x43a2,
    0x6583,0x6583,0x43a2,0x43a2,0x43a2,0x43a2,0x43a2,0x2a81,0x2a81,0x2a81,0x2a81,0x0000,
    0x0000,0x0000,0x0000,0x0000,0x0000,0x0000,0x0000,0x0000,0x0000,0x0000,0x0000,0x43a2,
    0x43a2,0x32c1,0x32c1,0x43a2,0x43a2,0x2a81,0x2a81,0x54c3,0x54c3,0x43a2,0x6583,0x6583,
    0x32c1,0x43a2,0x43a2,0x43a2,0x43a2,0x2a81,0x2a81,0x2a81,0x2a81,0x0000,0x0000,0x0000,
    0x0000,0x0000,0x0000,0x0000,0x0000,0x0000,0x0000,0x0000,0x0000,0x43a2,0x43a2,0x32c1,
    0x32c1,0x43a2,0x43a2,0x2a81,0x2a81,0x2a81,0x54c3,0x43a2,0x43a2,0x32c1,0x32c1,0x43a2,
    0x43a2,0x43a2,0x43a2,0x2a81,0x2a81,0x2a81,0x2a81,0x0000,0x0000,0x0000,0x0000,0x0000,
    0x0000,0x0000,0x0000,0x0000,0x0000,0x0000,0x0000,0x43a2,0x43a2,0x43a2,0x43a2,0x43a2,
    0x43a2,0x2a81,0x2a81,0x2a81,0x2a81,0x43a2,0x43a2,0x43a2,0x43a2,0x43a2,0x43a2,0x43a2,
    0x43a2,0x2a81,0x2a81,0x2a81,0x32c1,0x6583,0x6583,0x0000,0x0000,0x0000,0x0000,0x0000,
    0x0000,0x0000,0x0000,0x0000,0x6583,0x6583,0x43a2,0x43a2,0x43a2,0x43a2,0x43a2,0x2a81,
    0x2a81,0x21e1,0x2a81,0x43a2,0x43a2,0x43a2,0x43a2,0x43a2,0x43a2,0x43a2,0x43a2,0x2a81,
    0x2a81,0x2a81,0x32c1,0x6583,0x6583,0x0000,0x0000,0x0000,0x0000,0x0000,0x0000,0x0000,
    0x0000,0x0000,0x6583,0x6583,0x32c1,0x43a2,0x43a2,0x43a2,0x43a2,0x2a81,0x2a81,0x21e1,
    0x21e1,0x43a2,0x43a2,0x43a2,0x43a2,0x43a2,0x43a2,0x43a2,0x43a2,0x2a81,0x2a81,0x2a81,
    0x2a81,0x0000,0x0000,0x0000,0x0000,0x0000,0x0000,0x0000,0x0000,0x0000,0x0000,0x0000,
    0x0000,0x32c1,0x32c1,0x43a2,0x43a2,0x43a2,0x43a2,0x2a81,0x2a81,0x2a81,0x21e1,0x43a2,
    0x43a2,0x43a2,0x43a2,0x43a2,0x43a2,0x43a2,0x43a2,0x2a81,0x2a81,0x2a81,0x2a81,0x0000,
    0x0000,0x0000,0x0000,0x0000,0x0000,0x0000,0x0000,0x0000,0x0000,0x0000,0x0000,0x43a2,
    0x43a2,0x43a2,0x43a2,0x43a2,0x43a2,0x2a81,0x2a81,0x2a81,0x2a81,0x43a2,0x43a2,0x43a2,
    0x43a2,0x43a2,0x43a2,0x43a2,0x43a2,0x2a81,0x2a81,0x2a81,0x2a81,0x0000,0x0000,0x54c3,
    0x54c3,0x54c3,0x54c3,0x0000,0x0000,0x0000,0x0000,0x0000,0x0000,0x43a2,0x43a2,0x43a2,
    0x43a2,0x43a2,0x43a2,0x2a81,0x2a81,0x2a81,0x2a81,0x43a2,0x43a2,0x43a2,0x43a2,0x43a2,
    0x43a2,0x43a2,0x6583,0x6583,0x2a81,0x2a81,0x2a81,0x0000,0x0000,0x54c3,0x54c3,0x54c3,
    0x54c3,0x54c3,0x0000,0x0000,0x0000,0x0000,0x0000,0x43a2,0x43a2,0x43a2,0x43a2,0x43a2,
    0x43a2,0x2a81,0x2a81,0x2a81,0x2a81,0x43a2,0x43a2,0x43a2,0x43a2,0x43a2,0x43a2,0x43a2,
    0x6583,0x6583,0x2a81,0x2a81,0x2a81,0x54c3,0x54c3,0x43a2,0x43a2,0x43a2,0x43a2,0x54c3,
    0x54c3,0x0000,0x0000,0x0000,0x0000,0x43a2,0x43a2,0x43a2,0x43a2,0x43a2,0x43a2,0x2a81,
    0x2a81,0x2a81,0x2a81,0x43a2,0x43a2,0x43a2,0x43a2,0x43a2,0x43a2,0x43a2,0x43a2,0x2a81,
    0x2a81,0x2a81,0x2a81,0x54c3,0x54c3,0x43a2,0x43a2,0x43a2,0x43a2,0x54c3,0x54c3,0x54c3,
    0x0000,0x0000,0x0000,0x43a2,0x43a2,0x43a2,0x43a2,0x43a2,0x43a2,0x43a2,0x43a2,0x54c3,
    0x54c3,0x43a2,0x43a2,0x32c1,0x32c1,0x43a2,0x43a2,0x43a2,0x43a2,0x2a81,0x2a81,0x2a81,
    0x21e1,0x32c1,0x32c1,0x43a2,0x43a2,0x43a2,0x43a2,0x2a81,0x2a81,0x54c3,0x54c3,0x0000,
    0x0000,0x43a2,0x43a2,0x43a2,0x43a2,0x43a2,0x43a2,0x43a2,0x43a2,0x54c3,0x54c3,0x43a2,
    0x43a2,0x32c1,0x32c1,0x43a2,0x43a2,0x43a2,0x43a2,0x2a81,0x2a81,0x2a81,0x21e1,0x32c1,
    0x32c1,0x43a2,0x43a2,0x43a2,0x43a2,0x2a81,0x2a81,0x43a2,0x6583,0x6583,0x0000,0x43a2,
    0x43a2,0x43a2,0x43a2,0x43a2,0x43a2,0x43a2,0x43a2,0x43a2,0x43a2,0x43a2,0x43a2,0x43a2,
    0x43a2,0x43a2,0x43a2,0x43a2,0x43a2,0x2a81,0x2a81,0x2a81,0x2a81,0x43a2,0x43a2,0x43a2,
    0x43a2,0x43a2,0x43a2,0x2a81,0x2a81,0x43a2,0x6583,0x6583,0x0000,0x43a2,0x43a2,0x43a2,
    0x43a2,0x43a2,0x43a2,0x43a2,0x43a2,0x43a2,0x43a2,0x43a2,0x43a2,0x43a2,0x43a2,0x43a2,
    0x43a2,0x43a2,0x43a2,0x2a81,0x2a81,0x2a81,0x2a81,0x43a2,0x43a2,0x43a2,0x43a2,0x43a2,
    0x43a2,0x2a81,0x2a81,0x2a81,0x2a81,0x0000,0x0000,0x0000,0x43a2,0x43a2,0x43a2,0x43a2,
    0x43a2,0x43a2,0x43a2,0x32c1,0x32c1,0x43a2,0x43a2,0x43a2,0x43a2,0x43a2,0x43a2,0x43a2,
    0x43a2,0x2a81,0x2a81,0x2a81,0x2a81,0x43a2,0x43a2,0x43a2,0x43a2,0x43a2,0x43a2,0x21e1,
    0x21e1,0x2a81,0x2a81,0x0000,0x0000,0x0000,0x0000,0x43a2,0x43a2,0x43a2,0x43a2,0x43a2,
    0x43a2,0x32c1,0x32c1,0x43a2,0x43a2,0x43a2,0x43a2,0x43a2,0x43a2,0x43a2,0x43a2,0x2a81,
    0x2a81,0x2a81,0x2a81,0x43a2,0x43a2,0x43a2,0x43a2,0x43a2,0x43a2,0x21e1,0x21e1,0x2a81,
    0x2a81,0x0000,0x0000,0x0000,0x0000,0x0000,0x43a2,0x43a2,0x43a2,0x43a2,0x43a2,0x43a2,
    0x43a2,0x43a2,0x43a2,0x43a2,0x43a2,0x43a2,0x43a2,0x43a2,0x43a2,0x2a81,0x2a81,0x2a81,
    0x2a81,0x43a2,0x43a2,0x43a2,0x43a2,0x43a2,0x43a2,0x2a81,0x2a81,0x2a81,0x2a81,0x0000,
    0x0000,0x0000,0x0000,0x0000,0x0000,0x43a2,0x43a2,0x43a2,0x43a2,0x43a2,0x43a2,0x43a2,
    0x43a2,0x43a2,0x43a2,0x43a2,0x43a2,0x43a2,0x43a2,0x2a81,0x2a81,0x2a81,0x6583,0x6583,
    0x43a2,0x43a2,0x43a2,0x43a2,0x43a2,0x2a81,0x2a81,0x2a81,0x2a81,0x0000,0x0000,0x0000,
    0x0000,0x0000,0x0000,0x0000,0x43a2,0x43a2,0x43a2,0x43a2,0x43a2,0x43a2,0x43a2,0x43a2,
    0x43a2,0x43a2,0x43a2,0x43a2,0x43a2,0x43a2,0x43a2,0x54c3,0x6583,0x6583,0x32c1,0x43a2,
    0x43a2,0x43a2,0x43a2,0x2a81,0x2a81,0x2a81,0x2a81,0x0000,0x0000,0x0000,0x0000,0x0000,
    0x0000,0x0000,0x0000,0x43a2,0x43a2,0x43a2,0x43a2,0x43a2,0x43a2,0x43a2,0x43a2,0x43a2,
    0x43a2,0x43a2,0x43a2,0x43a2,0x43a2,0x54c3,0x54c3,0x32c1,0x32c1,0x43a2,0x43a2,0x43a2,
    0x43a2,0x2a81,0x2a81,0x2a81,0x2a81,0x0000,0x0000,0x0000,0x0000,0x0000,0x0000,0x0000,
    0x0000,0x0000,0x0000,0x0000,0x0000,0x43a2,0x43a2,0x43a2,0x43a2,0x43a2,0x43a2,0x43a2,
    0x43a2,0x43a2,0x43a2,0x43a2,0x43a2,0x43a2,0x43a2,0x43a2,0x43a2,0x43a2,0x43a2,0x2a81,
    0x2a81,0x2a81,0x2a81,0x0000,0x0000,0x0000,0x0000,0x0000,0x0000,0x0000,0x0000,0x0000,
    0x0000,0x0000,0x0000,0x43a2,0x43a2,0x43a2,0x43a2,0x43a2,0x43a2,0x43a2,0x43a2,0x43a2,
    0x43a2,0x43a2,0x43a2,0x43a2,0x43a2,0x43a2,0x43a2,0x43a2,0x43a2,0x2a81,0x2a81,0x2a81,
    0x2a81,0x0000,0x0000,0x0000,0x0000,0x0000,0x0000,0x0000,0x0000,0x0000,0x0000,0x0000,
    0x0000,0x43a2,0x43a2,0x32c1,0x32c1,0x43a2,0x43a2,0x43a2,0x43a2,0x43a2,0x43a2,0x43a2,
    0x43a2,0x43a2,0x43a2,0x43a2,0x43a2,0x2a81,0x2a81,0x43a2,0x2a81,0x2a81,0x2a81,0x0000,
    0x0000,0x0000,0x0000,0x0000,0x0000,0x0000,0x0000,0x0000,0x0000,0x0000,0x0000,0x43a2,
    0x43a2,0x32c1,0x32c1,0x43a2,0x43a2,0x43a2,0x43a2,0x43a2,0x43a2,0x43a2,0x43a2,0x43a2,
    0x43a2,0x43a2,0x43a2,0x2a81,0x2a81,0x2a81,0x43a2,0x2a81,0x2a81,0x0000,0x0000,0x0000,
    0x0000,0x0000,0x0000,0x0000,0x0000,0x0000,0x0000,0x0000,0x0000,0x43a2,0x43a2,0x43a2,
    0x43a2,0x43a2,0x43a2,0x43a2,0x43a2,0x43a2,0x43a2,0x43a2,0x43a2,0x43a2,0x43a2,0x2a81,
    0x2a81,0x43a2,0x2a81,0x2a81,0x21e1,0x0000,0x0000,0x0000,0x0000,0x0000,0x0000,0x0000,
    0x0000,0x0000,0x0000,0x0000,0x0000,0x0000,0x0000,0x43a2,0x43a2,0x43a2,0x43a2,0x43a2,
    0x43a2,0x43a2,0x43a2,0x43a2,0x43a2,0x43a2,0x43a2,0x43a2,0x43a2,0x2a81,0x2a81,0x2a81,
    0x43a2,0x21e1,0x21e1,0x0000,0x0000,0x0000,0x0000,0x0000,0x0000,0x0000,0x0000,0x0000,
    0x0000,0x0000,0x0000,0x0000,0x0000,0x43a2,0x43a2,0x43a2,0x43a2,0x43a2,0x43a2,0x43a2,
    0x43a2,0x2a81,0x2a81,0x43a2,0x43a2,0x43a2,0x43a2,0x43a2,0x2a81,0x2a81,0x2a81,0x0000,
    0x0000,0x0000,0x0000,0x0000,0x0000,0x0000,0x0000,0x0000,0x0000,0x0000,0x0000,0x0000,
    0x0000,0x0000,0x0000,0x43a2,0x43a2,0x43a2,0x43a2,0x43a2,0x43a2,0x43a2,0x43a2,0x2a81,
    0x2a81,0x2a81,0x43a2,0x43a2,0x43a2,0x43a2,0x43a2,0x2a81,0x2a81,0x0000,0x0000,0x0000,
    0x0000,0x0000,0x0000,0x0000,0x0000,0x0000,0x0000,0x0000,0x0000,0x0000,0x0000,0x0000,
    0x0000,0x3b63,0x3b63,0x3b63,0x3b63,0x3b63,0x3b63,0x3b63,0x3b63,0x2a62,0x2a62,0x2a81,
    0x2a81,0x2a81,0x21e1,0x2a81,0x0000,0x0000,0x0000,0x0000,0x0000,0x0000,0x0000,0x0000,
    0x0000,0x0000,0x0000,0x0000,0x0000,0x0000,0x0000,0x0000,0x0000,0x0000,0x0000,0x3b63,
    0x3b63,0x3b63,0x3b63,0x3b63,0x3b63,0x3b63,0x3b63,0x2a62,0x2a62,0x2a62,0x2a81,0x2a81,
    0x21e1,0x0000,0x0000,0x0000,0x0000,0x0000,0x0000,0x0000,0x0000,0x0000,0x0000,0x0000,
    0x0000,0x0000,0x0000,0x0000,0x0000,0x0000,0x0000,0x0000,0x0000,0x3b63,0x3b63,0x3b63,
    0x3b63,0x3b63,0x3b63,0x3b63,0x3b63,0x2a62,0x2a62,0x2a62,0x2a62,0x2a81,0x0000,0x0000,
    0x0000,0x0000,0x0000,0x0000,0x0000,0x0000,0x0000,0x0000,0x0000,0x0000,0x0000,0x0000,
    0x0000,0x0000,0x0000,0x0000,0x0000,0x0000,0x0000,0x3b63,0x3b63,0x3b63,0x3b63,0x3b63,
    0x3b63,0x3b63,0x3b63,0x2a62,0x2a62,0x2a62,0x2a62,0x0000,0x0000,0x0000,0x0000,0x0000,
    0x0000,0x0000,0x0000,0x0000,0x0000,0x0000,0x0000,0x0000,0x0000,0x0000,0x0000,0x0000,
    0x0000,0x0000,0x0000,0x0000,0x0000,0x3b40,0x3b40,0x3b40,0x3b40,0x3b40,0x3b40,0x3b40,
    0x3b40,0x2a40,0x2a40,0x2a62,0x2a62,0x0000,0x0000,0x0000,0x0000,0x0000,0x0000,0x0000,
    0x0000,0x0000,0x0000,0x0000,0x0000,0x0000,0x0000,0x0000,0x0000,0x0000,0x0000,0x0000,
    0x0000,0x0000,0x0000,0x3b40,0x3b40,0x3b40,0x3b40,0x3b40,0x3b40,0x3b40,0x3b40,0x2a40,
    0x2a40,0x43a2,0x43a2,0x43a2,0x0000,0x0000,0x0000,0x0000,0x0000,0x0000,0x0000,0x0000,
    0x0000,0x0000,0x0000,0x0000,0x0000,0x0000,0x0000,0x0000,0x0000,0x0000,0x0000,0x0000,
    0x0000,0x3b40,0x3b40,0x3b40,0x3b40,0x3b40,0x3b40,0x3b40,0x3b40,0x2a40,0x2a40,0x43a2,
    0x43a2,0x43a2,0x0000,0x0000,0x0000,0x0000,0x0000,0x0000,0x0000,0x0000,0x0000,0x0000,
    0x0000,0x0000,0x0000,0x0000,0x0000,0x0000,0x0000,0x0000,0x0000,0x0000,0x0000,0x3b40,
    0x3b40,0x3b40,0x3b40,0x3b40,0x3b40,0x3b40,0x3b40,0x2a40,0x2a40,0x2a40,0x2a40,0x0000,
    0x0000,0x0000,0x0000,0x0000,0x0000,0x0000,0x0000,0x0000,0x0000,0x0000,0x0000,0x0000,
    0x0000,0x0000,0x0000,0x0000,0x0000,0x0000,0x0000,0x0000,0x0000,0x3280,0x3280,0x3280,
    0x3280,0x3280,0x3280,0x3280,0x3280,0x21c0,0x21c0,0x2a40,0x2a40,0x0000,0x0000,0x0000,
    0x0000,0x0000,0x0000,0x0000,0x0000,0x0000,0x0000,0x0000,0x0000,0x0000,0x0000,0x0000,
    0x0000,0x0000,0x0000,0x0000,0x0000,0x0000,0x0000,0x3280,0x3280,0x3280,0x3280,0x3280,
    0x3280,0x3280,0x3280,0x21c0,0x21c0,0x21c0,0x2a40,0x0000,0x0000,0x0000,0x0000,0x0000,
    0x0000,0x0000,0x0000,0x0000,0x0000,0x0000,0x0000,0x0000,0x0000,0x0000,0x0000,0x0000,
    0x0000,0x0000,0x0000,0x0000,0x0000,0x3280,0x3280,0x3280,0x3280,0x3280,0x3280,0x3280,
    0x3280,0x21c0,0x21c0,0x21c0,0x21c0,0x0000,0x0000,0x0000,0x0000,0x0000,0x0000,0x0000,
    0x0000,0x0000,0x0000,0x0000,0x0000,0x0000,0x0000,0x0000,0x0000,0x0000,0x0000,0x0000,
    0x0000,0x0000,0x0000,0x3280,0x3280,0x3280,0x3280,0x3280,0x3280,0x3280,0x3280,0x21c0,
    0x21c0,0x21c0,0x21c0,0x0000,0x0000,0x0000,0x0000,0x0000,0x0000,0x0000,0x0000,0x0000,
    0x0000,0x0000,0x0000,0x0000,0x0000,0x0000,0x0000,0x0000,0x0000,0x0000,0x0000,0x0000,
    0x0000,0x0000,0x3280,0x3280,0x43a2,0x43a2,0x43a2,0x43a2,0x43a2,0x43a2,0x21c0,0x21c0,
    0x21c0,0x0000,0x0000,0x0000,0x0000,0x0000,0x0000,0x0000,0x0000,0x0000,0x0000,0x0000,
    0x0000,0x0000,0x0000,0x0000,0x0000,0x0000,0x0000,0x0000,0x0000,0x0000,0x0000,0x0000,
    0x0000,0x3280,0x3280,0x3280,0x3280,0x3280,0x3280,0x3280,0x3280,0x21c0,0x21c0,0x0000,
    0x0000,0x0000,0x0000,0x0000,0x0000,0x0000,0x0000,0x0000,0x0000,0x0000,
};
const sprite_t spr_fcactus = { 34, 55, px_fcactus };

static const uint16_t px_fcactus_tall[1782] = {
    0x0000,0x0000,0x0000,0x0000,0x0000,0x0000,0x0000,0x0000,0x0000,0x0000,0x0000,0x0000,
    0x54c3,0x54c3,0x0000,0x0000,0x0000,0x0000,0x0000,0x0000,0x0000,0x0000,0x0000,0x0000,
    0x0000,0x0000,0x0000,0x0000,0x0000,0x0000,0x0000,0x0000,0x0000,0x0000,0x0000,0x0000,
    0x0000,0x0000,0x0000,0x0000,0x0000,0x0000,0x0000,0x0000,0x0000,0x54c3,0x54c3,0x54c3,
    0x0000,0x0000,0x0000,0x0000,0x0000,0x0000,0x0000,0x0000,0x0000,0x0000,0x0000,0x0000,
    0x0000,0x0000,0x0000,0x0000,0x0000,0x0000,0x0000,0x0000,0x0000,0x0000,0x0000,0x0000,
    0x0000,0x0000,0x0000,0x0000,0x0000,0x0000,0x43a2,0x43a2,0x54c3,0x54c3,0x0000,0x0000,
    0x0000,0x0000,0x0000,0x0000,0x0000,0x0000,0x0000,0x0000,0x0000,0x0000,0x0000,0x0000,
    0x0000,0x0000,0x0000,0x0000,0x0000,0x0000,0x0000,0x0000,0x0000,0x0000,0x0000,0x0000,
    0x0000,0x0000,0x0000,0x43a2,0x43a2,0x54c3,0x54c3,0x54c3,0x0000,0x0000,0x0000,0x0000,
    0x0000,0x0000,0x0000,0x0000,0x0000,0x0000,0x0000,0x0000,0x0000,0x0000,0x0000,0x0000,
    0x0000,0x0000,0x0000,0x0000,0x54c3,0x54c3,0x0000,0x0000,0x0000,0x0000,0x43a2,0x43a2,
    0x43a2,0x43a2,0x43a2,0x43a2,0x43a2,0x43a2,0x0000,0x0000,0x0000,0x0000,0x0000,0x0000,
    0x0000,0x0000,0x0000,0x0000,0x0000,0x0000,0x0000,0x0000,0x0000,0x0000,0x0000,0x0000,
    0x0000,0x54c3,0x54c3,0x54c3,0x0000,0x0000,0x0000,0x43a2,0x43a2,0x43a2,0x43a2,0x43a2,
    0x43a2,0x43a2,0x43a2,0x54c3,0x0000,0x0000,0x0000,0x0000,0x0000,0x0000,0x0000,0x0000,
    0x0000,0x0000,0x0000,0x0000,0x0000,0x0000,0x0000,0x0000,0x0000,0x0000,0x2a81,0x2a81,
    0x54c3,0x54c3,0x0000,0x0000,0x43a2,0x43a2,0x43a2,0x43a2,0x43a2,0x43a2,0x2a81,0x2a81,
    0x54c3,0x54c3,0x0000,0x0000,0x0000,0x0000,0x0000,0x0000,0x0000,0x0000,0x0000,0x0000,
    0x0000,0x0000,0x0000,0x0000,0x0000,0x0000,0x43a2,0x2a81,0x2a81,0x43a2,0x43a2,0x43a2,
    0x0000,0x43a2,0x43a2,0x43a2,0x43a2,0x43a2,0x43a2,0x2a81,0x2a81,0x2a81,0x54c3,0x0000,
    0x0000,0x0000,0x0000,0x0000,0x0000,0x0000,0x0000,0x0000,0x0000,0x0000,0x0000,0x0000,
    0x0000,0x0000,0x43a2,0x43a2,0x43a2,0x43a2,0x54c3,0x54c3,0x43a2,0x0000,0x43a2,0x43a2,
    0x43a2,0x43a2,0x43a2,0x43a2,0x2a81,0x2a81,0x2a81,0x2a81,0x0000,0x0000,0x0000,0x0000,
    0x0000,0x0000,0x0000,0x0000,0x0000,0x0000,0x0000,0x0000,0x0000,0x0000,0x0000,0x43a2,
    0x43a2,0x43a2,0x43a2,0x54c3,0x54c3,0x2a81,0x0000,0x43a2,0x43a2,0x43a2,0x43a2,0x43a2,
    0x43a2,0x2a81,0x2a81,0x2a81,0x2a81,0x0000,0x0000,0x0000,0x0000,0x0000,0x0000,0x0000,
    0x0000,0x0000,0x0000,0x0000,0x0000,0x0000,0x0000,0x0000,0x43a2,0x43a2,0x43a2,0x43a2,
    0x2a81,0x2a81,0x2a81,0x54c3,0x43a2,0x43a2,0x43a2,0x43a2,0x43a2,0x43a2,0x2a81,0x2a81,
    0x2a81,0x2a81,0x0000,0x0000,0x0000,0x0000,0x0000,0x0000,0x0000,0x0000,0x0000,0x0000,
    0x0000,0x0000,0x0000,0x0000,0x0000,0x43a2,0x43a2,0x43a2,0x43a2,0x2a81,0x2a81,0x21e1,
    0x54c3,0x43a2,0x6583,0x6583,0x43a2,0x43a2,0x43a2,0x2a81,0x2a81,0x2a81,0x2a81,0x0000,
    0x0000,0x0000,0x0000,0x0000,0xfa1f,0xfa1f,0x0000,0x0000,0x0000,0x0000,0x0000,0x0000,
    0x0000,0x0000,0x43a2,0x43a2,0x43a2,0x43a2,0x2a81,0x2a81,0x21e1,0x21e1,0x43a2,0x6583,
    0x6583,0x32c1,0x32c1,0x32c1,0x2a81,0x2a81,0x2a81,0x21e1,0x0000,0x0000,0x0000,0x0000,
    0xfa1f,0xfa1f,0xfa1f,0x0000,0x0000,0x0000,0x0000,0x0000,0x0000,0x0000,0x0000,0x43a2,
    0x43a2,0x43a2,0x43a2,0x2a81,0x2a81,0x2a81,0x21e1,0x43a2,0x43a2,0x32c1,0x32c1,0x32c1,
    0x32c1,0x2a81,0x2a81,0x2a81,0x21e1,0x0000,0x0000,0x0000,0xfa1f,0xfa1f,0xfa1f,0xf99f,
    0xfa1f,0xfa1f,0x0000,0x0000,0x0000,0x0000,0x6583,0x6583,0x43a2,0x43a2,0x43a2,0x43a2,
    0x2a81,0x2a81,0x2a81,0x2a81,0x43a2,0x43a2,0x43a2,0x43a2,0x43a2,0x43a2,0x2a81,0x2a81,
    0x2a81,0x2a81,0x0000,0x0000,0x43a2,0xfa1f,0xfa1f,0xf99f,0x54c3,0x54c3,0xfa1f,0x0000,
    0x0000,0x0000,0x0000,0x6583,0x6583,0x43a2,0x43a2,0x43a2,0x43a2,0x2a81,0x2a81,0x2a81,
    0x2a81,0x43a2,0x43a2,0x43a2,0x43a2,0x43a2,0x43a2,0x2a81,0x2a81,0x2a81,0x2a81,0x0000,
    0xfa1f,0x43a2,0x43a2,0xf99f,0xf99f,0x54c3,0x54c3,0xf99f,0xfa1f,0xfa1f,0x0000,0x0000,
    0x0000,0x0000,0x43a2,0x43a2,0x43a2,0x43a2,0x2a81,0x2a81,0x2a81,0x2a81,0x43a2,0x43a2,
    0x43a2,0x43a2,0x43a2,0x43a2,0x2a81,0x2a81,0x2a81,0x2a81,0x54c3,0x54c3,0x43a2,0x43a2,
    0x43a2,0x43a2,0x43a2,0x43a2,0x54c3,0x54c3,0xfa1f,0x0000,0x0000,0x0000,0x0000,0x43a2,
    0x43a2,0x43a2,0x43a2,0x2a81,0x2a81,0x2a81,0x2a81,0x43a2,0x43a2,0x43a2,0x43a2,0x43a2,
    0x43a2,0x2a81,0x2a81,0x2a81,0x2a81,0x54c3,0x54c3,0x43a2,0x43a2,0x43a2,0x43a2,0x43a2,
    0x43a2,0x54c3,0x54c3,0x21e1,0x0000,0x0000,0x0000,0x0000,0x43a2,0x43a2,0x43a2,0x43a2,
    0x43a2,0x43a2,0x54c3,0x54c3,0x43a2,0x43a2,0x43a2,0x43a2,0x43a2,0x43a2,0x2a81,0x2a81,
    0x2a81,0x2a81,0x43a2,0x43a2,0x43a2,0x43a2,0x43a2,0x43a2,0x43a2,0x43a2,0x43a2,0x43a2,
    0x6583,0x6583,0x0000,0x0000,0x0000,0x43a2,0x6583,0x6583,0x43a2,0x43a2,0x43a2,0x54c3,
    0x54c3,0x43a2,0x43a2,0x43a2,0x43a2,0x43a2,0x43a2,0x2a81,0x2a81,0x2a81,0x6583,0x6583,
    0x43a2,0x43a2,0x43a2,0x43a2,0x43a2,0x43a2,0x43a2,0x43a2,0x43a2,0x6583,0x6583,0x0000,
    0x0000,0x0000,0x43a2,0x6583,0x6583,0x43a2,0x43a2,0x43a2,0x43a2,0x43a2,0x43a2,0x43a2,
    0x43a2,0x43a2,0x43a2,0x43a2,0x2a81,0x2a81,0x2a81,0x6583,0x6583,0x43a2,0x43a2,0x43a2,
    0x43a2,0x43a2,0x43a2,0x43a2,0x2a81,0x2a81,0x2a81,0x2a81,0x0000,0x0000,0x0000,0x43a2,
    0x43a2,0x43a2,0x43a2,0x43a2,0x43a2,0x43a2,0x43a2,0x43a2,0x43a2,0x43a2,0x43a2,0x43a2,
    0x43a2,0x2a81,0x2a81,0x2a81,0x2a81,0x43a2,0x43a2,0x43a2,0x43a2,0x43a2,0x43a2,0x43a2,
    0x43a2,0x2a81,0x2a81,0x2a81,0x2a81,0x0000,0x0000,0x0000,0x0000,0x43a2,0x43a2,0x43a2,
    0x43a2,0x43a2,0x32c1,0x32c1,0x43a2,0x43a2,0x32c1,0x32c1,0x43a2,0x43a2,0x2a81,0x2a81,
    0x2a81,0x2a81,0x43a2,0x43a2,0x32c1,0x32c1,0x43a2,0x43a2,0x43a2,0x43a2,0x2a81,0x2a81,
    0x2a81,0x2a81,0x0000,0x0000,0x0000,0x0000,0x0000,0x43a2,0x43a2,0x43a2,0x43a2,0x32c1,
    0x32c1,0x43a2,0x43a2,0x32c1,0x32c1,0x43a2,0x43a2,0x2a81,0x2a81,0x2a81,0x2a81,0x43a2,
    0x43a2,0x32c1,0x32c1,0x43a2,0x43a2,0x43a2,0x43a2,0x2a81,0x2a81,0x2a81,0x2a81,0x0000,
    0x0000,0x0000,0x0000,0x0000,0x0000,0x43a2,0x43a2,0x43a2,0x43a2,0x43a2,0x43a2,0x43a2,
    0x43a2,0x43a2,0x43a2,0x43a2,0x2a81,0x2a81,0x2a81,0x2a81,0x43a2,0x43a2,0x43a2,0x43a2,
    0x43a2,0x43a2,0x43a2,0x43a2,0x2a81,0x2a81,0x2a81,0x2a81,0x0000,0x0000,0x0000,0x0000,
    0x0000,0x0000,0x0000,0x43a2,0x43a2,0x43a2,0x43a2,0x43a2,0x43a2,0x43a2,0x43a2,0x43a2,
    0x43a2,0x2a81,0x2a81,0x2a81,0x2a81,0x43a2,0x43a2,0x43a2,0x43a2,0x43a2,0x43a2,0x43a2,
    0x43a2,0x2a81,0x2a81,0x43a2,0x6583,0x6583,0x0000,0x0000,0x0000,0x0000,0x0000,0x0000,
    0x0000,0x0000,0x0000,0x0000,0x43a2,0x43a2,0x43a2,0x43a2,0x43a2,0x43a2,0x2a81,0x2a81,
    0x2a81,0x2a81,0x43a2,0x43a2,0x43a2,0x43a2,0x43a2,0x43a2,0x43a2,0x43a2,0x21e1,0x21e1,
    0x43a2,0x6583,0x6583,0x0000,0x0000,0x0000,0x0000,0x0000,0x0000,0x0000,0x0000,0x0000,
    0x0000,0x43a2,0x43a2,0x43a2,0x43a2,0x43a2,0x43a2,0x2a81,0x2a81,0x2a81,0x2a81,0x43a2,
    0x43a2,0x43a2,0x43a2,0x43a2,0x43a2,0x43a2,0x43a2,0x21e1,0x21e1,0x2a81,0x2a81,0x0000,
    0x0000,0x0000,0x0000,0x0000,0x0000,0x0000,0x0000,0x0000,0x0000,0x0000,0x43a2,0x43a2,
    0x43a2,0x43a2,0x43a2,0x43a2,0x2a81,0x2a81,0x2a81,0x21e1,0x43a2,0x43a2,0x43a2,0x43a2,
    0x43a2,0x43a2,0x43a2,0x43a2,0x2a81,0x2a81,0x2a81,0x2a81,0x0000,0x0000,0x0000,0x0000,
    0x0000,0x0000,0x0000,0x0000,0x0000,0x0000,0x0000,0x43a2,0x43a2,0x43a2,0x43a2,0x43a2,
    0x6583,0x6583,0x2a81,0x2a81,0x21e1,0x43a2,0x43a2,0x43a2,0x43a2,0x43a2,0x43a2,0x43a2,
    0x43a2,0x2a81,0x2a81,0x2a81,0x2a81,0x0000,0x0000,0x0000,0x0000,0x0000,0x0000,0x0000,
    0x0000,0x0000,0x0000,0x0000,0x43a2,0x43a2,0x43a2,0x43a2,0x43a2,0x6583,0x6583,0x43a2,
    0x54c3,0x54c3,0x43a2,0x43a2,0x32c1,0x32c1,0x43a2,0x43a2,0x43a2,0x43a2,0x2a81,0x2a81,
    0x2a81,0x2a81,0x0000,0x0000,0x0000,0x0000,0x0000,0x0000,0x0000,0x0000,0x0000,0x0000,
    0x0000,0x43a2,0x43a2,0x43a2,0x43a2,0x43a2,0x43a2,0x43a2,0x43a2,0x54c3,0x54c3,0x43a2,
    0x43a2,0x32c1,0x32c1,0x43a2,0x43a2,0x43a2,0x43a2,0x2a81,0x2a81,0x2a81,0x2a81,0x0000,
    0x0000,0x0000,0x0000,0x0000,0x0000,0x0000,0x0000,0x0000,0x0000,0x0000,0x43a2,0x43a2,
    0x43a2,0x43a2,0x43a2,0x43a2,0x43a2,0x43a2,0x43a2,0x43a2,0x43a2,0x43a2,0x43a2,0x43a2,
    0x43a2,0x43a2,0x2a81,0x2a81,0x43a2,0x2a81,0x2a81,0x2a81,0x0000,0x0000,0x0000,0x0000,
    0x0000,0x0000,0x0000,0x0000,0x0000,0x0000,0x0000,0x43a2,0x43a2,0x43a2,0x43a2,0x43a2,
    0x43a2,0x43a2,0x43a2,0x43a2,0x43a2,0x43a2,0x43a2,0x43a2,0x43a2,0x43a2,0x43a2,0x2a81,
    0x2a81,0x2a81,0x43a2,0x2a81,0x2a81,0x0000,0x0000,0x0000,0x0000,0x0000,0x0000,0x0000,
    0x0000,0x0000,0x0000,0x0000,0x43a2,0x43a2,0x32c1,0x32c1,0x43a2,0x43a2,0x43a2,0x43a2,
    0x43a2,0x43a2,0x43a2,0x43a2,0x43a2,0x43a2,0x2a81,0x2a81,0x43a2,0x2a81,0x2a81,0x2a81,
    0x0000,0x0000,0x0000,0x0000,0x0000,0x0000,0x0000,0x0000,0x0000,0x0000,0x0000,0x0000,
    0x0000,0x43a2,0x43a2,0x32c1,0x32c1,0x43a2,0x43a2,0x43a2,0x43a2,0x43a2,0x43a2,0x43a2,
    0x43a2,0x43a2,0x43a2,0x2a81,0x2a81,0x2a81,0x43a2,0x2a81,0x2a81,0x0000,0x0000,0x0000,
    0x0000,0x0000,0x0000,0x0000,0x0000,0x0000,0x0000,0x0000,0x0000,0x0000,0x43a2,0x43a2,
    0x43a2,0x43a2,0x43a2,0x43a2,0x43a2,0x43a2,0x43a2,0x43a2,0x43a2,0x43a2,0x2a81,0x2a81,
    0x43a2,0x2a81,0x2a81,0x2a81,0x0000,0x0000,0x0000,0x0000,0x0000,0x0000,0x0000,0x0000,
    0x0000,0x0000,0x0000,0x0000,0x0000,0x0000,0x0000,0x43a2,0x43a2,0x43a2,0x43a2,0x43a2,
    0x43a2,0x43a2,0x43a2,0x43a2,0x43a2,0x43a2,0x43a2,0x2a81,0x2a81,0x2a81,0x43a2,0x2a81,
    0x2a81,0x0000,0x0000,0x0000,0x0000,0x0000,0x0000,0x0000,0x0000,0x0000,0x0000,0x0000,
    0x0000,0x0000,0x0000,0x0000,0x43a2,0x43a2,0x43a2,0x43a2,0x43a2,0x43a2,0x2a81,0x2a81,
    0x43a2,0x43a2,0x43a2,0x43a2,0x43a2,0x2a81,0x2a81,0x2a81,0x0000,0x0000,0x0000,0x0000,
    0x0000,0x0000,0x0000,0x0000,0x0000,0x0000,0x0000,0x0000,0x0000,0x0000,0x0000,0x0000,
    0x0000,0x43a2,0x43a2,0x43a2,0x43a2,0x43a2,0x43a2,0x2a81,0x2a81,0x2a81,0x43a2,0x43a2,
    0x43a2,0x43a2,0x43a2,0x2a81,0x2a81,0x0000,0x0000,0x0000,0x0000,0x0000,0x0000,0x0000,
    0x0000,0x0000,0x0000,0x0000,0x0000,0x0000,0x0000,0x0000,0x0000,0x0000,0x3b63,0x3b63,
    0x3b63,0x3b63,0x3b63,0x3b63,0x2a62,0x2a62,0x2a81,0x2a81,0x0000,0x0000,0x0000,0x0000,
    0x0000,0x0000,0x0000,0x0000,0x0000,0x0000,0x0000,0x0000,0x0000,0x0000,0x0000,0x0000,
    0x0000,0x0000,0x0000,0x0000,0x0000,0x0000,0x0000,0x3b63,0x3b63,0x3b63,0x3b63,0x3b63,
    0x3b63,0x2a62,0x2a62,0x2a62,0x2a81,0x0000,0x0000,0x0000,0x0000,0x0000,0x0000,0x0000,
    0x0000,0x0000,0x0000,0x0000,0x0000,0x0000,0x0000,0x0000,0x0000,0x0000,0x0000,0x0000,
    0x0000,0x0000,0x0000,0x0000,0x3b63,0x3b63,0x3b63,0x3b63,0x3b63,0x3b63,0x2a62,0x2a62,
    0x2a62,0x2a62,0x0000,0x0000,0x0000,0x0000,0x0000,0x0000,0x0000,0x0000,0x0000,0x0000,
    0x0000,0x0000,0x0000,0x0000,0x0000,0x0000,0x0000,0x0000,0x0000,0x0000,0x0000,0x0000,
    0x0000,0x3b63,0x3b63,0x3b63,0x3b63,0x3b63,0x3b63,0x2a62,0x2a62,0x2a62,0x2a62,0x0000,
    0x0000,0x0000,0x0000,0x0000,0x0000,0x0000,0x0000,0x0000,0x0000,0x0000,0x0000,0x0000,
    0x0000,0x0000,0x0000,0x0000,0x0000,0x0000,0x0000,0x0000,0x0000,0x0000,0x3b40,0x3b40,
    0x3b40,0x3b40,0x3b40,0x3b40,0x2a40,0x2a40,0x2a62,0x2a62,0x0000,0x0000,0x0000,0x0000,
    0x0000,0x0000,0x0000,0x0000,0x0000,0x0000,0x0000,0x0000,0x0000,0x0000,0x0000,0x0000,
    0x0000,0x0000,0x0000,0x0000,0x0000,0x0000,0x0000,0x3b40,0x3b40,0x3b40,0x3b40,0x3b40,
    0x3b40,0x2a40,0x2a40,0x2a81,0x2a62,0x0000,0x0000,0x0000,0x0000,0x0000,0x0000,0x0000,
    0x0000,0x0000,0x0000,0x0000,0x0000,0x0000,0x0000,0x0000,0x0000,0x0000,0x0000,0x0000,
    0x0000,0x0000,0x0000,0x0000,0x3b40,0x3b40,0x3b40,0x3b40,0x3b40,0x3b40,0x2a40,0x2a40,
    0x2a81,0x2a40,0x0000,0x0000,0x0000,0x0000,0x0000,0x0000,0x0000,0x0000,0x0000,0x0000,
    0x0000,0x0000,0x0000,0x0000,0x0000,0x0000,0x0000,0x0000,0x0000,0x0000,0x0000,0x0000,
    0x0000,0x3b40,0x3b40,0x3b40,0x3b40,0x3b40,0x3b40,0x2a40,0x2a40,0x2a81,0x2a40,0x0000,
    0x0000,0x0000,0x0000,0x0000,0x0000,0x0000,0x0000,0x0000,0x0000,0x0000,0x0000,0x0000,
    0x0000,0x0000,0x0000,0x0000,0x0000,0x0000,0x0000,0x0000,0x0000,0x0000,0x3280,0x3280,
    0x3280,0x3280,0x3280,0x3280,0x21c0,0x21c0,0x2a81,0x2a40,0x0000,0x0000,0x0000,0x0000,
    0x0000,0x0000,0x0000,0x0000,0x0000,0x0000,0x0000,0x0000,0x0000,0x0000,0x0000,0x0000,
    0x0000,0x0000,0x0000,0x0000,0x0000,0x0000,0x0000,0x3280,0x3280,0x3280,0x3280,0x3280,
    0x3280,0x21c0,0x21c0,0x2a81,0x2a40,0x0000,0x0000,0x0000,0x0000,0x0000,0x0000,0x0000,
    0x0000,0x0000,0x0000,0x0000,0x0000,0x0000,0x0000,0x0000,0x0000,0x0000,0x0000,0x0000,
    0x0000,0x0000,0x0000,0x0000,0x3280,0x3280,0x3280,0x3280,0x3280,0x3280,0x21c0,0x21c0,
    0x2a81,0x21c0,0x0000,0x0000,0x0000,0x0000,0x0000,0x0000,0x0000,0x0000,0x0000,0x0000,
    0x0000,0x0000,0x0000,0x0000,0x0000,0x0000,0x0000,0x0000,0x0000,0x0000,0x0000,0x0000,
    0x0000,0x3280,0x3280,0x3280,0x3280,0x3280,0x3280,0x21c0,0x21c0,0x2a81,0x21c0,0x0000,
    0x0000,0x0000,0x0000,0x0000,0x0000,0x0000,0x0000,0x0000,0x0000,0x0000,0x0000,0x0000,
    0x0000,0x0000,0x0000,0x0000,0x0000,0x0000,0x0000,0x0000,0x0000,0x0000,0x0000,0x3280,
    0x3280,0x43a2,0x43a2,0x43a2,0x43a2,0x2a81,0x2a81,0x21c0,0x0000,0x0000,0x0000,0x0000,
    0x0000,0x0000,0x0000,0x0000,0x0000,0x0000,0x0000,0x0000,0x0000,0x0000,0x0000,0x0000,
    0x0000,0x0000,0x0000,0x0000,0x0000,0x0000,0x0000,0x0000,0x0000,0x3280,0x3280,0x3280,
    0x3280,0x3280,0x3280,0x21c0,0x21c0,0x0000,0x0000,0x0000,0x0000,0x0000,0x0000,0x0000,
    0x0000,0x0000,0x0000,0x0000,0x0000,0x0000,
};
const sprite_t spr_fcactus_tall = { 33, 54, px_fcactus_tall };

static const uint16_t px_fcactus_thin[1620] = {
    0x0000,0x0000,0x0000,0x0000,0x0000,0x0000,0x0000,0x0000,0x0000,0x0000,0x0000,0x0000,
    0x0000,0x0000,0x54c3,0x54c3,0x0000,0x0000,0x0000,0x0000,0x0000,0x0000,0x0000,0x0000,
    0x0000,0x0000,0x0000,0x0000,0x0000,0x0000,0x0000,0x0000,0x0000,0x0000,0x0000,0x0000,
    0x0000,0x0000,0x0000,0x0000,0x0000,0x43a2,0x43a2,0x54c3,0x54c3,0x54c3,0x54c3,0x0000,
    0x0000,0x0000,0x0000,0x0000,0x0000,0x0000,0x0000,0x0000,0x0000,0x0000,0x0000,0x0000,
    0x0000,0x0000,0x0000,0x0000,0x0000,0x0000,0x0000,0x0000,0x0000,0x0000,0x0000,0x43a2,
    0x54c3,0x54c3,0x54c3,0x54c3,0x54c3,0x54c3,0x0000,0x0000,0x0000,0x0000,0x0000,0x0000,
    0x0000,0x0000,0x0000,0x0000,0x0000,0x0000,0x0000,0x0000,0x0000,0x0000,0x0000,0x0000,
    0x0000,0x0000,0x0000,0x6583,0x6583,0x43a2,0x54c3,0x54c3,0x43a2,0x21e1,0x21e1,0x54c3,
    0x54c3,0x0000,0x0000,0x0000,0x0000,0x0000,0x0000,0x0000,0x0000,0x0000,0x0000,0x0000,
    0x0000,0x0000,0x0000,0x0000,0x0000,0x0000,0x0000,0x0000,0x0000,0x6583,0x6583,0x43a2,
    0x2a81,0x2a81,0x43a2,0x21e1,0x21e1,0x43a2,0x54c3,0x54c3,0x0000,0x0000,0x0000,0x0000,
    0x0000,0x0000,0x0000,0x0000,0x0000,0x0000,0x0000,0x0000,0x0000,0x0000,0x0000,0x0000,
    0x0000,0x0000,0x0000,0x0000,0x54c3,0x43a2,0x2a81,0x2a81,0x43a2,0x2a81,0x2a81,0x43a2,
    0x54c3,0x54c3,0x0000,0x0000,0x0000,0x0000,0x0000,0x0000,0x0000,0x0000,0x0000,0x0000,
    0x0000,0x0000,0x0000,0x0000,0x0000,0x0000,0x0000,0x0000,0x0000,0x0000,0x43a2,0x43a2,
    0x2a81,0x2a81,0x43a2,0x2a81,0x2a81,0x43a2,0x2a81,0x2a81,0x0000,0x0000,0x0000,0x0000,
    0x0000,0x0000,0x0000,0x0000,0x0000,0x0000,0x0000,0x0000,0x0000,0x0000,0x0000,0x0000,
    0x0000,0x0000,0x0000,0x0000,0x43a2,0x43a2,0x2a81,0x2a81,0x43a2,0x2a81,0x2a81,0x43a2,
    0x2a81,0x2a81,0x0000,0x0000,0x0000,0x0000,0x0000,0x0000,0x0000,0x0000,0x0000,0x0000,
    0x0000,0x0000,0x0000,0x0000,0xfa1f,0xfa1f,0x0000,0x0000,0x0000,0x0000,0x43a2,0x43a2,
    0x2a81,0x2a81,0x43a2,0x2a81,0x2a81,0x43a2,0x43a2,0x43a2,0x6583,0x6583,0x0000,0x0000,
    0x0000,0x0000,0x0000,0x0000,0x0000,0x0000,0x0000,0x0000,0x0000,0xfc3f,0xfc3f,0xfa1f,
    0x0000,0x0000,0x0000,0x0000,0x43a2,0x43a2,0x2a81,0x2a81,0x43a2,0x2a81,0x2a81,0x43a2,
    0x43a2,0x43a2,0x6583,0x6583,0x0000,0x0000,0x0000,0x0000,0x0000,0x0000,0x0000,0x0000,
    0x0000,0x0000,0xfc3f,0xfc3f,0xfc3f,0xfb3f,0xfc3f,0xfc3f,0x0000,0x0000,0x32c1,0x43a2,
    0x2a81,0x2a81,0x43a2,0x2a81,0x2a81,0x43a2,0x2a81,0x2a81,0x0000,0x0000,0x0000,0x0000,
    0x0000,0x0000,0x0000,0x0000,0x0000,0x0000,0x0000,0x0000,0xfc3f,0xf99f,0xf99f,0xfa1f,
    0xfa1f,0xfc3f,0x0000,0x0000,0x32c1,0x6583,0x6583,0x2a81,0x32c1,0x2a81,0x2a81,0x43a2,
    0x2a81,0x2a81,0x0000,0x0000,0x0000,0x0000,0x0000,0x0000,0x0000,0x0000,0x0000,0x0000,
    0x0000,0x0000,0xf99f,0xf99f,0xf99f,0xfa1f,0xfa1f,0xb136,0x0000,0x0000,0x43a2,0x6583,
    0x6583,0x2a81,0x32c1,0x2a81,0x2a81,0x43a2,0x2a81,0x2a81,0x0000,0x0000,0x0000,0x0000,
    0x54c3,0x54c3,0x0000,0x0000,0x0000,0x0000,0x0000,0x0000,0xf99f,0x2a81,0x2a81,0x43a2,
    0xb136,0xb136,0x0000,0x0000,0x43a2,0x43a2,0x2a81,0x2a81,0x43a2,0x2a81,0x2a81,0x43a2,
    0x2a81,0x2a81,0x0000,0x0000,0x0000,0x54c3,0x54c3,0x54c3,0x0000,0x0000,0x0000,0x0000,
    0x0000,0x0000,0x43a2,0x2a81,0x2a81,0x43a2,0x2a81,0x2a81,0x0000,0x0000,0x43a2,0x43a2,
    0x2a81,0x2a81,0x43a2,0x2a81,0x2a81,0x43a2,0x2a81,0x2a81,0x0000,0x0000,0x54c3,0x54c3,
    0x54c3,0x43a2,0x54c3,0x54c3,0x0000,0x0000,0x0000,0x0000,0x43a2,0x2a81,0x2a81,0x43a2,
    0x2a81,0x2a81,0x0000,0x0000,0x43a2,0x43a2,0x2a81,0x2a81,0x43a2,0x21e1,0x21e1,0x43a2,
    0x2a81,0x2a81,0x0000,0x0000,0x54c3,0x2a81,0x2a81,0x43a2,0x54c3,0x54c3,0x0000,0x0000,
    0x0000,0x0000,0x32c1,0x2a81,0x2a81,0x43a2,0x2a81,0x2a81,0x0000,0x0000,0x43a2,0x43a2,
    0x2a81,0x2a81,0x43a2,0x21e1,0x21e1,0x43a2,0x2a81,0x2a81,0x0000,0x0000,0x43a2,0x2a81,
    0x2a81,0x43a2,0x2a81,0x2a81,0x0000,0x0000,0x0000,0x0000,0x32c1,0x2a81,0x2a81,0x43a2,
    0x2a81,0x2a81,0x0000,0x0000,0x43a2,0x43a2,0x2a81,0x2a81,0x43a2,0x2a81,0x2a81,0x43a2,
    0x2a81,0x2a81,0x0000,0x0000,0x43a2,0x2a81,0x2a81,0x43a2,0x2a81,0x2a81,0x0000,0x0000,
    0x0000,0x0000,0x43a2,0x2a81,0x2a81,0x43a2,0x2a81,0x2a81,0x0000,0x0000,0x43a2,0x43a2,
    0x2a81,0x2a81,0x43a2,0x2a81,0x2a81,0x43a2,0x2a81,0x2a81,0x6583,0x6583,0x43a2,0x2a81,
    0x2a81,0x43a2,0x21e1,0x21e1,0x0000,0x0000,0x0000,0x0000,0x43a2,0x2a81,0x2a81,0x43a2,
    0x2a81,0x2a81,0x0000,0x0000,0x43a2,0x43a2,0x2a81,0x2a81,0x43a2,0x2a81,0x2a81,0x43a2,
    0x2a81,0x2a81,0x6583,0x6583,0x54c3,0x43a2,0x43a2,0x54c3,0x54c3,0x21e1,0x0000,0x0000,
    0x0000,0x0000,0x43a2,0x2a81,0x2a81,0x43a2,0x2a81,0x2a81,0x0000,0x0000,0x32c1,0x43a2,
    0x2a81,0x2a81,0x43a2,0x2a81,0x2a81,0x43a2,0x2a81,0x2a81,0x0000,0x54c3,0x54c3,0x43a2,
    0x43a2,0x54c3,0x54c3,0x43a2,0x6583,0x6583,0x0000,0x0000,0x43a2,0x43a2,0x43a2,0x54c3,
    0x54c3,0x2a81,0x0000,0x0000,0x32c1,0x32c1,0x2a81,0x2a81,0x43a2,0x43a2,0x43a2,0x54c3,
    0x54c3,0x54c3,0x54c3,0x43a2,0x43a2,0x43a2,0x43a2,0x2a81,0x2a81,0x43a2,0x6583,0x6583,
    0x6583,0x6583,0x6583,0x6583,0x43a2,0x54c3,0x54c3,0x2a81,0x0000,0x0000,0x43a2,0x32c1,
    0x2a81,0x2a81,0x43a2,0x43a2,0x43a2,0x54c3,0x54c3,0x54c3,0x54c3,0x43a2,0x43a2,0x43a2,
    0x43a2,0x2a81,0x2a81,0x2a81,0x43a2,0x0000,0x6583,0x6583,0x6583,0x6583,0x43a2,0x43a2,
    0x43a2,0x43a2,0x43a2,0x54c3,0x54c3,0x43a2,0x2a81,0x2a81,0x43a2,0x43a2,0x43a2,0x43a2,
    0x43a2,0x32c1,0x32c1,0x43a2,0x43a2,0x21e1,0x21e1,0x43a2,0x2a81,0x2a81,0x2a81,0x0000,
    0x0000,0x0000,0x43a2,0x43a2,0x43a2,0x43a2,0x43a2,0x43a2,0x6583,0x6583,0x54c3,0x43a2,
    0x21e1,0x21e1,0x43a2,0x43a2,0x43a2,0x43a2,0x43a2,0x32c1,0x32c1,0x43a2,0x43a2,0x21e1,
    0x21e1,0x2a81,0x43a2,0x2a81,0x2a81,0x0000,0x0000,0x0000,0x43a2,0x32c1,0x32c1,0x43a2,
    0x43a2,0x43a2,0x6583,0x6583,0x43a2,0x43a2,0x21e1,0x21e1,0x43a2,0x43a2,0x43a2,0x43a2,
    0x43a2,0x2a81,0x2a81,0x43a2,0x43a2,0x43a2,0x2a81,0x2a81,0x2a81,0x0000,0x0000,0x0000,
    0x0000,0x0000,0x43a2,0x32c1,0x32c1,0x43a2,0x43a2,0x43a2,0x43a2,0x43a2,0x43a2,0x43a2,
    0x2a81,0x2a81,0x43a2,0x43a2,0x43a2,0x43a2,0x43a2,0x2a81,0x2a81,0x2a81,0x43a2,0x43a2,
    0x43a2,0x2a81,0x2a81,0x0000,0x0000,0x0000,0x0000,0x0000,0x43a2,0x43a2,0x43a2,0x43a2,
    0x43a2,0x43a2,0x43a2,0x43a2,0x43a2,0x6583,0x6583,0x2a81,0x43a2,0x2a81,0x2a81,0x43a2,
    0x43a2,0x43a2,0x2a81,0x2a81,0x2a81,0x6583,0x0000,0x0000,0x0000,0x0000,0x0000,0x0000,
    0x0000,0x0000,0x0000,0x0000,0x0000,0x43a2,0x43a2,0x43a2,0x43a2,0x43a2,0x43a2,0x6583,
    0x6583,0x2a81,0x43a2,0x2a81,0x2a81,0x43a2,0x2a81,0x2a81,0x43a2,0x2a81,0x2a81,0x0000,
    0x0000,0x0000,0x0000,0x0000,0x0000,0x0000,0x0000,0x0000,0x0000,0x0000,0x0000,0x0000,
    0x0000,0x0000,0x43a2,0x43a2,0x43a2,0x43a2,0x2a81,0x2a81,0x43a2,0x2a81,0x2a81,0x43a2,
    0x2a81,0x2a81,0x0000,0x0000,0x0000,0x0000,0x0000,0x0000,0x0000,0x0000,0x0000,0x0000,
    0x0000,0x0000,0x0000,0x0000,0x0000,0x0000,0x0000,0x0000,0x0000,0x43a2,0x43a2,0x43a2,
    0x2a81,0x2a81,0x43a2,0x2a81,0x2a81,0x43a2,0x21e1,0x21e1,0x0000,0x0000,0x0000,0x0000,
    0x0000,0x0000,0x0000,0x0000,0x0000,0x0000,0x0000,0x0000,0x0000,0x0000,0x0000,0x0000,
    0x0000,0x0000,0x0000,0x0000,0x43a2,0x43a2,0x2a81,0x2a81,0x43a2,0x2a81,0x2a81,0x43a2,
    0x21e1,0x21e1,0x0000,0x0000,0x0000,0x0000,0x0000,0x0000,0x0000,0x0000,0x0000,0x0000,
    0x0000,0x0000,0x0000,0x0000,0x0000,0x0000,0x0000,0x0000,0x0000,0x0000,0x43a2,0x43a2,
    0x2a81,0x2a81,0x43a2,0x2a81,0x2a81,0x43a2,0x2a81,0x2a81,0x0000,0x0000,0x0000,0x0000,
    0x0000,0x0000,0x0000,0x0000,0x0000,0x0000,0x0000,0x0000,0x0000,0x0000,0x0000,0x0000,
    0x0000,0x0000,0x0000,0x0000,0x43a2,0x32c1,0x2a81,0x2a81,0x43a2,0x2a81,0x2a81,0x43a2,
    0x2a81,0x2a81,0x0000,0x0000,0x0000,0x0000,0x0000,0x0000,0x0000,0x0000,0x0000,0x0000,
    0x0000,0x0000,0x0000,0x0000,0x0000,0x0000,0x0000,0x0000,0x0000,0x0000,0x43a2,0x32c1,
    0x2a81,0x2a81,0x43a2,0x2a81,0x2a81,0x43a2,0x2a81,0x2a81,0x0000,0x0000,0x0000,0x0000,
    0x0000,0x0000,0x0000,0x0000,0x0000,0x0000,0x0000,0x0000,0x0000,0x0000,0x0000,0x0000,
    0x0000,0x0000,0x0000,0x0000,0x43a2,0x43a2,0x2a81,0x2a81,0x43a2,0x2a81,0x2a81,0x43a2,
    0x2a81,0x2a81,0x0000,0x0000,0x0000,0x0000,0x0000,0x0000,0x0000,0x0000,0x0000,0x0000,
    0x0000,0x0000,0x0000,0x0000,0x0000,0x0000,0x0000,0x0000,0x0000,0x0000,0x43a2,0x43a2,
    0x2a81,0x2a81,0x43a2,0x2a81,0x2a81,0x43a2,0x2a81,0x2a81,0x0000,0x0000,0x0000,0x0000,
    0x0000,0x0000,0x0000,0x0000,0x0000,0x0000,0x0000,0x0000,0x0000,0x0000,0x0000,0x0000,
    0x0000,0x0000,0x0000,0x0000,0x43a2,0x43a2,0x2a81,0x2a81,0x43a2,0x2a81,0x2a81,0x43a2,
    0x2a81,0x2a81,0x0000,0x0000,0x0000,0x0000,0x0000,0x0000,0x0000,0x0000,0x0000,0x0000,
    0x0000,0x0000,0x0000,0x0000,0x0000,0x0000,0x0000,0x0000,0x0000,0x0000,0x43a2,0x43a2,
    0x2a62,0x2a62,0x43a2,0x2a81,0x2a81,0x43a2,0x2a81,0x2a81,0x0000,0x0000,0x0000,0x0000,
    0x0000,0x0000,0x0000,0x0000,0x0000,0x0000,0x0000,0x0000,0x0000,0x0000,0x0000,0x0000,
    0x0000,0x0000,0x0000,0x0000,0x43a2,0x3b63,0x2a62,0x2a62,0x3b63,0x2a62,0x2a62,0x43a2,
    0x2a81,0x2a81,0x0000,0x0000,0x0000,0x0000,0x0000,0x0000,0x0000,0x0000,0x0000,0x0000,
    0x0000,0x0000,0x0000,0x0000,0x0000,0x0000,0x0000,0x0000,0x0000,0x0000,0x3b63,0x3b63,
    0x2a62,0x2a62,0x3b63,0x2a62,0x2a62,0x3b63,0x2a62,0x2a62,0x0000,0x0000,0x0000,0x0000,
    0x0000,0x0000,0x0000,0x0000,0x0000,0x0000,0x0000,0x0000,0x0000,0x0000,0x0000,0x0000,
    0x0000,0x0000,0x0000,0x0000,0x3b63,0x3b63,0x2a62,0x2a62,0x3b63,0x2a62,0x2a62,0x3b63,
    0x2a62,0x2a62,0x0000,0x0000,0x0000,0x0000,0x0000,0x0000,0x0000,0x0000,0x0000,0x0000,
    0x0000,0x0000,0x0000,0x0000,0x0000,0x0000,0x0000,0x0000,0x0000,0x0000,0x3b63,0x3b63,
    0x2a40,0x2a40,0x3b63,0x2a62,0x2a62,0x3b63,0x2a62,0x2a62,0x0000,0x0000,0x0000,0x0000,
    0x0000,0x0000,0x0000,0x0000,0x0000,0x0000,0x0000,0x0000,0x0000,0x0000,0x0000,0x0000,
    0x0000,0x0000,0x0000,0x0000,0x3b63,0x3b40,0x2a40,0x2a40,0x3b40,0x2a40,0x2a40,0x3b63,
    0x2a62,0x2a62,0x0000,0x0000,0x0000,0x0000,0x0000,0x0000,0x0000,0x0000,0x0000,0x0000,
    0x0000,0x0000,0x0000,0x0000,0x0000,0x0000,0x0000,0x0000,0x0000,0x0000,0x3b40,0x3b40,
    0x2a40,0x2a40,0x3b40,0x2a40,0x2a40,0x43a2,0x2a40,0x2a40,0x0000,0x0000,0x0000,0x0000,
    0x0000,0x0000,0x0000,0x0000,0x0000,0x0000,0x0000,0x0000,0x0000,0x0000,0x0000,0x0000,
    0x0000,0x0000,0x0000,0x0000,0x3b40,0x3b40,0x2a40,0x2a40,0x3b40,0x2a40,0x2a40,0x43a2,
    0x2a40,0x2a40,0x0000,0x0000,0x0000,0x0000,0x0000,0x0000,0x0000,0x0000,0x0000,0x0000,
    0x0000,0x0000,0x0000,0x0000,0x0000,0x0000,0x0000,0x0000,0x0000,0x0000,0x3b40,0x3b40,
    0x21c0,0x21c0,0x3b40,0x2a40,0x2a40,0x43a2,0x2a40,0x2a40,0x0000,0x0000,0x0000,0x0000,
    0x0000,0x0000,0x0000,0x0000,0x0000,0x0000,0x0000,0x0000,0x0000,0x0000,0x0000,0x0000,
    0x0000,0x0000,0x0000,0x0000,0x3b40,0x3280,0x21c0,0x21c0,0x3280,0x21c0,0x21c0,0x43a2,
    0x2a40,0x2a40,0x0000,0x0000,0x0000,0x0000,0x0000,0x0000,0x0000,0x0000,0x0000,0x0000,
    0x0000,0x0000,0x0000,0x0000,0x0000,0x0000,0x0000,0x0000,0x0000,0x0000,0x3280,0x3280,
    0x21c0,0x21c0,0x3280,0x21c0,0x21c0,0x43a2,0x21c0,0x21c0,0x0000,0x0000,0x0000,0x0000,
    0x0000,0x0000,0x0000,0x0000,0x0000,0x0000,0x0000,0x0000,0x0000,0x0000,0x0000,0x0000,
    0x0000,0x0000,0x0000,0x0000,0x3280,0x3280,0x21c0,0x21c0,0x3280,0x21c0,0x21c0,0x43a2,
    0x21c0,0x21c0,0x0000,0x0000,0x0000,0x0000,0x0000,0x0000,0x0000,0x0000,0x0000,0x0000,
    0x0000,0x0000,0x0000,0x0000,0x0000,0x0000,0x0000,0x0000,0x0000,0x0000,0x3280,0x3280,
    0x3280,0x3280,0x3280,0x21c0,0x21c0,0x43a2,0x21c0,0x21c0,0x0000,0x0000,0x0000,0x0000,
    0x0000,0x0000,0x0000,0x0000,0x0000,0x0000,0x0000,0x0000,0x0000,0x0000,0x0000,0x0000,
    0x0000,0x0000,0x0000,0x0000,0x3280,0x3280,0x43a2,0x43a2,0x43a2,0x43a2,0x43a2,0x43a2,
    0x21c0,0x21c0,0x0000,0x0000,0x0000,0x0000,0x0000,0x0000,0x0000,0x0000,0x0000,0x0000,
    0x0000,0x0000,0x0000,0x0000,0x0000,0x0000,0x0000,0x0000,0x0000,0x0000,0x0000,0x0000,
    0x0000,0x3280,0x3280,0x3280,0x3280,0x21c0,0x21c0,0x0000,0x0000,0x0000,0x0000,0x0000,
    0x0000,0x0000,0x0000,0x0000,0x0000,0x0000,0x0000,0x0000,0x0000,0x0000,0x0000,0x0000,
    0x0000,0x0000,0x0000,0x0000,0x0000,0x0000,0x0000,0x0000,0x0000,0x0000,0x21c0,0x21c0,
    0x0000,0x0000,0x0000,0x0000,0x0000,0x0000,0x0000,0x0000,0x0000,0x0000,0x0000,0x0000,
};
const sprite_t spr_fcactus_thin = { 30, 54, px_fcactus_thin };

static const uint16_t px_ptero_0[1922] = {
    0x0000,0x0000,0x0000,0x0000,0x0000,0x0000,0x0000,0x0000,0x0000,0x0000,0x0000,0x0000,
    0x0000,0x0000,0x0000,0x0000,0x0000,0x0000,0x0000,0x0000,0x0000,0x0000,0x0000,0xd531,
    0xd531,0xd531,0xd531,0xd531,0xd531,0x0000,0x0000,0x0000,0x0000,0x0000,0x0000,0x0000,
    0x0000,0x0000,0x0000,0x0000,0x0000,0x0000,0x0000,0x0000,0x0000,0x0000,0x0000,0x0000,
    0x0000,0x0000,0x0000,0x0000,0x0000,0x0000,0x0000,0x0000,0x0000,0x0000,0x0000,0x0000,
    0x0000,0x0000,0x0000,0x0000,0x0000,0x0000,0x0000,0x0000,0x0000,0x0000,0x0000,0x0000,
    0x0000,0x0000,0x0000,0x0000,0x0000,0x0000,0x0000,0x0000,0x0000,0x0000,0x0000,0x0000,
    0xcc67,0xcc67,0xcc67,0xcc67,0xcc67,0xcc67,0xd531,0xd531,0x0000,0x0000,0x0000,0x0000,
    0x0000,0x0000,0x0000,0x0000,0x0000,0x0000,0x0000,0x0000,0x0000,0x0000,0x0000,0x0000,
    0x0000,0x0000,0x0000,0x0000,0x0000,0x0000,0x0000,0x0000,0x0000,0x0000,0x0000,0x0000,
    0x0000,0x0000,0x0000,0x0000,0x0000,0x0000,0x0000,0x0000,0x0000,0x0000,0x0000,0x0000,
    0x0000,0x0000,0x0000,0x0000,0x0000,0x0000,0x0000,0x0000,0x0000,0x0000,0x0000,0x0000,
    0x0000,0xcc67,0xcc67,0xcc67,0xcc67,0xcc67,0xcc67,0xcc67,0x72c5,0xd531,0x0000,0x0000,
    0x0000,0x0000,0x0000,0x0000,0x0000,0x0000,0x0000,0x0000,0x0000,0x0000,0x0000,0x0000,
    0x0000,0x0000,0x0000,0x0000,0x0000,0x0000,0x0000,0x0000,0x0000,0x0000,0x0000,0x0000,
    0x0000,0x0000,0x0000,0x0000,0x0000,0x0000,0x0000,0x0000,0x0000,0x0000,0x0000,0x0000,
    0x0000,0x0000,0x0000,0x0000,0x0000,0x0000,0x0000,0x0000,0x0000,0x0000,0x0000,0x0000,
    0x0000,0x0000,0xd529,0xd529,0xd529,0xd529,0xd529,0xd529,0xcc67,0x72c5,0x72c5,0x72c5,
    0x0000,0x0000,0x0000,0x0000,0x0000,0x0000,0x0000,0x0000,0x0000,0x0000,0x0000,0x0000,
    0x0000,0x0000,0x0000,0x0000,0x0000,0x0000,0x0000,0x0000,0x0000,0x0000,0x0000,0x0000,
    0x0000,0x0000,0x0000,0x0000,0x0000,0x0000,0x0000,0x0000,0x0000,0x0000,0x0000,0x0000,
    0x0000,0x0000,0x0000,0x0000,0x0000,0x0000,0x0000,0x0000,0x0000,0x0000,0x0000,0x0000,
    0x0000,0x0000,0x0000,0xcc67,0xcc67,0xcc67,0xcc67,0xcc67,0xcc67,0xd529,0x6a64,0x72c5,
    0x72c5,0x72c5,0xd531,0x0000,0x0000,0x0000,0x0000,0x0000,0x0000,0x0000,0x0000,0x0000,
    0x0000,0x0000,0x0000,0x0000,0x0000,0x0000,0x0000,0x0000,0x0000,0x0000,0x0000,0x0000,
    0x0000,0x0000,0x0000,0x0000,0x0000,0x0000,0x0000,0x0000,0x0000,0x0000,0x0000,0x0000,
    0x0000,0x0000,0x0000,0x0000,0x0000,0x0000,0x0000,0x0000,0x0000,0x0000,0x0000,0x0000,
    0x0000,0x0000,0x0000,0x0000,0x0000,0xcc67,0xcc67,0xcc67,0xcc67,0xcc67,0xcc67,0x6a64,
    0x6a64,0x72c5,0x72c5,0x72c5,0xd531,0x0000,0x0000,0x0000,0x0000,0x0000,0x0000,0x0000,
    0x0000,0x0000,0x0000,0x0000,0x0000,0x0000,0x0000,0x0000,0x0000,0x0000,0x0000,0x0000,
    0x0000,0x0000,0x0000,0x0000,0x0000,0x0000,0x0000,0x0000,0x0000,0x0000,0x0000,0x0000,
    0x0000,0x0000,0x0000,0x0000,0x0000,0x0000,0x0000,0x0000,0x0000,0x0000,0x0000,0x0000,
    0x0000,0x0000,0x0000,0x0000,0x0000,0x0000,0x0000,0x0000,0x9b65,0x9b65,0xa3e7,0xa3e7,
    0x6a64,0x6a64,0x6a64,0x72c5,0xd529,0x72c5,0x6a64,0x0000,0x0000,0x0000,0x0000,0x0000,
    0x0000,0x0000,0x0000,0x0000,0x0000,0x0000,0x0000,0x0000,0x0000,0x0000,0x0000,0x0000,
    0x0000,0x0000,0x0000,0x0000,0x0000,0x0000,0x0000,0x0000,0x0000,0x0000,0x0000,0x0000,
    0x0000,0x0000,0x0000,0x0000,0x0000,0x0000,0x0000,0x0000,0x0000,0x0000,0x0000,0x0000,
    0x0000,0x0000,0x0000,0x0000,0x0000,0x0000,0x0000,0x0000,0x0000,0x0000,0x0000,0x9b65,
    0x9b65,0xa3e7,0xa3e7,0x6a64,0x6a64,0x6a64,0xd529,0x72c5,0x6a64,0x0000,0x0000,0x0000,
    0x0000,0x0000,0x0000,0x0000,0x0000,0x0000,0x0000,0x0000,0x0000,0x0000,0x0000,0x0000,
    0x0000,0x0000,0x0000,0x0000,0x0000,0x0000,0x0000,0x0000,0x0000,0x0000,0x0000,0x0000,
    0x0000,0x0000,0x0000,0x0000,0x0000,0x0000,0x0000,0x0000,0x0000,0x0000,0x0000,0x0000,
    0x0000,0x0000,0x0000,0x0000,0x0000,0x0000,0x0000,0x0000,0x0000,0x0000,0x0000,0x0000,
    0x0000,0x0000,0x9b65,0x9b65,0xa3e7,0xa3e7,0x6a64,0x6a64,0x72c5,0x72c5,0x6a64,0x0000,
    0x0000,0x0000,0x0000,0x0000,0x0000,0x0000,0x0000,0x0000,0x0000,0x0000,0x0000,0x0000,
    0x0000,0x0000,0x0000,0x0000,0x0000,0x0000,0x0000,0x0000,0x0000,0x0000,0x0000,0x0000,
    0x0000,0x0000,0x0000,0x0000,0x0000,0x0000,0x0000,0x0000,0x0000,0x0000,0x0000,0x0000,
    0x0000,0x0000,0x0000,0x0000,0x0000,0x0000,0x0000,0x0000,0x0000,0x0000,0x0000,0x0000,
    0x0000,0x0000,0x0000,0x0000,0x0000,0xa3e7,0xa3e7,0xa3e7,0xa3e7,0x72c5,0x72c5,0x72c5,
    0x6a64,0x0000,0x0000,0x0000,0x0000,0x0000,0x0000,0x0000,0x0000,0x0000,0x0000,0x0000,
    0x0000,0x0000,0x0000,0x0000,0x0000,0x0000,0x0000,0x0000,0x0000,0x0000,0x0000,0x0000,
    0x0000,0x0000,0x0000,0x0000,0x0000,0x0000,0x0000,0x0000,0x0000,0x0000,0x0000,0x0000,
    0x0000,0x0000,0x0000,0x0000,0x0000,0x0000,0x0000,0x0000,0x0000,0x0000,0x0000,0x0000,
    0x0000,0x0000,0x0000,0x0000,0x0000,0x0000,0x0000,0x0000,0xa3e7,0xa3e7,0xa3e7,0xa3e7,
    0x72c5,0x72c5,0x6a64,0x0000,0x0000,0x0000,0x0000,0x0000,0x0000,0x0000,0x0000,0x0000,
    0x0000,0x0000,0x0000,0x0000,0x0000,0x0000,0x0000,0x0000,0x0000,0x0000,0x0000,0x0000,
    0x0000,0x0000,0x0000,0x0000,0x0000,0x0000,0x0000,0x0000,0x0000,0x0000,0x0000,0x0000,
    0x0000,0x0000,0x0000,0x0000,0x0000,0x0000,0x0000,0x0000,0x0000,0x0000,0x0000,0x0000,
    0x0000,0x0000,0x0000,0x0000,0x0000,0x0000,0x0000,0x0000,0x0000,0x0000,0x9b65,0x9b65,
    0x9b65,0x9b65,0x6a64,0x6a64,0x6a64,0xd531,0x0000,0x0000,0x0000,0x0000,0x0000,0x0000,
    0x0000,0x0000,0x0000,0x0000,0x0000,0x0000,0x0000,0x0000,0x0000,0x0000,0x0000,0x0000,
    0x0000,0x0000,0x0000,0x0000,0x0000,0x0000,0x0000,0x0000,0x0000,0x0000,0x0000,0x0000,
    0x0000,0x0000,0x0000,0x0000,0x0000,0x0000,0x0000,0x0000,0x0000,0x0000,0x0000,0x0000,
    0x0000,0x0000,0x0000,0x0000,0x0000,0x0000,0x0000,0x0000,0x0000,0x0000,0x0000,0x0000,
    0x9b65,0x9b65,0x9b65,0x9b65,0x6a64,0x6a64,0x6a64,0xd531,0x0000,0x0000,0x0000,0x0000,
    0x0000,0x0000,0x0000,0x0000,0x0000,0x0000,0x0000,0x0000,0x0000,0x0000,0x0000,0x0000,
    0x0000,0x0000,0x0000,0x0000,0x0000,0x0000,0x0000,0x0000,0x0000,0x0000,0x0000,0x0000,
    0x0000,0x0000,0x0000,0x0000,0x0000,0x0000,0x0000,0x0000,0x0000,0x0000,0x0000,0x0000,
    0x0000,0x0000,0x0000,0x0000,0x0000,0x0000,0x0000,0x0000,0x0000,0x0000,0x0000,0x0000,
    0x0000,0x0000,0x0000,0x9b65,0x9b65,0x9b65,0x9b65,0x6a64,0x6a64,0x6a64,0x0000,0x0000,
    0x0000,0x0000,0x0000,0x0000,0x0000,0x0000,0x0000,0x0000,0x0000,0x0000,0x0000,0x0000,
    0x0000,0x0000,0x0000,0x0000,0x0000,0x0000,0x0000,0x0000,0x0000,0x0000,0x0000,0x0000,
    0x0000,0x0000,0x0000,0x0000,0x0000,0x0000,0x0000,0x0000,0x0000,0x0000,0x0000,0x0000,
    0x0000,0x0000,0x0000,0x0000,0x0000,0x0000,0x0000,0x0000,0x0000,0x0000,0x0000,0x0000,
    0x0000,0x0000,0x0000,0x0000,0x0000,0x0000,0x9b65,0x9b65,0x9b65,0x9b65,0x6a64,0x6a64,
    0xcc67,0x0000,0x0000,0x0000,0x0000,0x0000,0x0000,0x0000,0x0000,0x0000,0x0000,0x0000,
    0x0000,0x0000,0x0000,0x0000,0x0000,0x0000,0x0000,0x0000,0x0000,0x0000,0x0000,0x0000,
    0x0000,0x0000,0x0000,0x0000,0x0000,0x0000,0xd529,0xd529,0xd529,0xd529,0xd529,0xd529,
    0xd529,0xd529,0xd529,0xd529,0xd529,0xd529,0xd529,0xd529,0xd529,0xd529,0xc5f1,0xc5f1,
    0xc5f1,0xc5f1,0xc5f1,0xc5f1,0xc5f1,0xc5f1,0xc5f1,0xc5f1,0x9b65,0x9b65,0x9b65,0x9b65,
    0x6a64,0x6a64,0xcc67,0xc5f1,0xc5f1,0xc5f1,0xc5f1,0xc5f1,0xc5f1,0xc5f1,0xc5f1,0xc5f1,
    0xc5f1,0xc5f1,0xc5f1,0xc5f1,0xd529,0xd529,0xd529,0xd529,0xd529,0xd529,0xd529,0xd529,
    0xd529,0xd529,0xd529,0xd529,0xd529,0xd529,0xd529,0xd529,0xd529,0xd529,0xd529,0xd529,
    0xd529,0xd529,0xd529,0xd529,0xd529,0xd529,0xd529,0xd529,0xd529,0xd529,0xd529,0xd529,
    0xc5f1,0xc5f1,0xc5f1,0xc5f1,0xc5f1,0xc5f1,0xc5f1,0xc5f1,0xc5f1,0xc5f1,0x9b65,0x9b65,
    0x9b65,0x9b65,0x6a64,0x6a64,0x6a64,0xc5f1,0xc5f1,0xc5f1,0xc5f1,0xc5f1,0xc5f1,0xc5f1,
    0xc5f1,0xc5f1,0xc5f1,0xc5f1,0xc5f1,0xc5f1,0xd529,0xd529,0xd529,0xd529,0xd529,0xd529,
    0xd529,0xd529,0xd529,0xd529,0xd529,0xd529,0xd529,0xd529,0xd529,0xd529,0x0000,0x0000,
    0x0000,0xd529,0xd529,0xd529,0xd529,0xcc67,0xcc67,0xcc67,0xcc67,0xcc67,0xcc67,0xcc67,
    0xcc67,0xcc67,0xcc67,0xc5f1,0xc5f1,0xcc67,0xcc67,0xcc67,0xcc67,0xcc67,0xcc67,0xcc67,
    0xcc67,0x9b65,0x9b65,0x9b65,0x9b65,0x6a64,0x6a64,0x6a64,0xc5f1,0xcc67,0xcc67,0xcc67,
    0xcc67,0xcc67,0xcc67,0xcc67,0xcc67,0xcc67,0xcc67,0xc5f1,0xc5f1,0xd529,0xd529,0xcc67,
    0xcc67,0xcc67,0xcc67,0xcc67,0xcc67,0xcc67,0xcc67,0xd529,0xd529,0xd529,0xd529,0x0000,
    0x0000,0x0000,0x0000,0x0000,0x0000,0x0000,0xd529,0xd529,0xd529,0xd529,0xcc67,0xcc67,
    0xcc67,0xcc67,0xcc67,0xcc67,0xcc67,0xcc67,0xcc67,0xcc67,0xcc67,0xcc67,0xcc67,0xcc67,
    0xcc67,0x948d,0x948d,0x9b65,0x9b65,0x9b65,0x9b65,0x9b65,0x6a64,0x6a64,0x948d,0x948d,
    0x948d,0x6b29,0x6b29,0xcc67,0xcc67,0xcc67,0xcc67,0xcc67,0xcc67,0xcc67,0xcc67,0xcc67,
    0xcc67,0xcc67,0xcc67,0xcc67,0xcc67,0xcc67,0xcc67,0xcc67,0xd529,0xd529,0xd529,0xd529,
    0x0000,0x0000,0x0000,0x0000,0x0000,0x0000,0x0000,0x0000,0x0000,0x0000,0x0000,0xd529,
    0xd529,0xd529,0xd529,0xd529,0xd529,0xcc67,0xcc67,0xcc67,0xcc67,0xcc67,0xcc67,0xcc67,
    0xcc67,0xcc67,0xcc67,0x948d,0x948d,0x9b65,0x9b65,0x9b65,0x9b65,0x9b65,0x6a64,0x6a64,
    0x948d,0x948d,0x948d,0x6b29,0x6b29,0x6b29,0xcc67,0xcc67,0xcc67,0xcc67,0xcc67,0xcc67,
    0xcc67,0xcc67,0xcc67,0xcc67,0xcc67,0xcc67,0xcc67,0xcc67,0xcc67,0xd529,0xd529,0xd529,
    0xd529,0x0000,0x0000,0x0000,0x0000,0x0000,0x0000,0x0000,0x0000,0x0000,0x0000,0x0000,
    0x0000,0x0000,0x0000,0x0000,0x0000,0x0000,0xd529,0xd529,0xd529,0xd529,0xcc67,0xcc67,
    0xcc67,0xcc67,0xcc67,0xcc67,0xcc67,0xcc67,0x948d,0x9b65,0x9b65,0x9b65,0x9b65,0x9b65,
    0x6a64,0x6a64,0x9b65,0x6a64,0x6a64,0x948d,0x6b29,0x6b29,0x6b29,0xcc67,0xcc67,0xcc67,
    0xcc67,0xcc67,0xcc67,0xcc67,0xcc67,0xcc67,0xcc67,0xcc67,0xd529,0xd529,0xd529,0xd529,
    0x0000,0x0000,0x0000,0x0000,0x0000,0x0000,0x0000,0x0000,0x0000,0x0000,0x0000,0x0000,
    0x0000,0x0000,0x0000,0x0000,0x0000,0x0000,0x0000,0x0000,0x0000,0x0000,0x0000,0xd529,
    0xd529,0xd529,0xd529,0xc5f1,0xc5f1,0xc5f1,0xc5f1,0xc5f1,0xc5f1,0x9b65,0x9b65,0x9b65,
    0x9b65,0x9b65,0x9b65,0x9b65,0x9b65,0x6a64,0x6a64,0x6a64,0x948d,0x6b29,0x6b29,0x6b29,
    0xc5f1,0xc5f1,0xc5f1,0xc5f1,0xc5f1,0xc5f1,0xc5f1,0xc5f1,0xc5f1,0xd529,0xd529,0xd529,
    0xd529,0x0000,0x0000,0x0000,0x0000,0x0000,0x0000,0x0000,0x0000,0x0000,0x0000,0x0000,
    0x0000,0x0000,0x0000,0x0000,0x0000,0x0000,0x0000,0x0000,0x0000,0x0000,0x0000,0x0000,
    0x0000,0x0000,0x0000,0x0000,0x0000,0x0000,0x0000,0x0000,0x0000,0x0000,0x0000,0x0000,
    0x9b65,0x9b65,0x9b65,0x9b65,0x9b65,0x9b65,0x9b65,0x9b65,0x6a64,0x6a64,0x6a64,0x948d,
    0x6b29,0x6b29,0x0000,0x0000,0x0000,0x0000,0x0000,0x0000,0x0000,0x0000,0x0000,0x0000,
    0x0000,0x0000,0x0000,0x0000,0x0000,0x0000,0x0000,0x0000,0x0000,0x0000,0x0000,0x0000,
    0x0000,0x0000,0x0000,0x0000,0x0000,0x0000,0x0000,0x0000,0x0000,0x0000,0x0000,0x0000,
    0x0000,0x0000,0x0000,0x0000,0x0000,0x0000,0x0000,0x0000,0x0000,0x0000,0x0000,0x0000,
    0x0000,0x0000,0x0000,0x9b65,0x9b65,0x9b65,0x9b65,0x9b65,0x9b65,0x9b65,0x9b65,0x6a64,
    0x6a64,0x6a64,0xc5f1,0xc5f1,0x0000,0x0000,0x0000,0x0000,0x0000,0x0000,0x0000,0x0000,
    0x0000,0x0000,0x0000,0x0000,0x0000,0x0000,0x0000,0x0000,0x0000,0x0000,0x0000,0x0000,
    0x0000,0x0000,0x0000,0x0000,0x0000,0x0000,0x0000,0x0000,0x0000,0x0000,0x0000,0x0000,
    0x0000,0x0000,0x0000,0x0000,0x0000,0x0000,0x0000,0x0000,0x0000,0x0000,0x0000,0x0000,
    0x0000,0x0000,0x0000,0x0000,0x0000,0x0000,0x9b65,0x9b65,0x9b65,0x9b65,0x9b65,0x9b65,
    0x9b65,0x9b65,0x6a64,0x6a64,0x6a64,0xc5f1,0xc5f1,0x0000,0x0000,0x0000,0x0000,0x0000,
    0x0000,0x0000,0x0000,0x0000,0x0000,0x0000,0x0000,0x0000,0x0000,0x0000,0x0000,0x0000,
    0x0000,0x0000,0x0000,0x0000,0x0000,0x0000,0x0000,0x0000,0x0000,0x0000,0x0000,0x0000,
    0x0000,0x0000,0x0000,0x0000,0x0000,0x0000,0x0000,0x0000,0x0000,0x0000,0x0000,0x0000,
    0x0000,0x0000,0x0000,0x0000,0x0000,0x0000,0x0000,0x0000,0x0000,0x0000,0x0000,0x9b65,
    0x9b65,0x9b65,0x9b65,0x6a64,0x6a64,0x6a64,0x6a64,0x6a64,0xc5f1,0xc5f1,0x0000,0x0000,
    0x0000,0x0000,0x0000,0x0000,0x0000,0x0000,0x0000,0x0000,0x0000,0x0000,0x0000,0x0000,
    0x0000,0x0000,0x0000,0x0000,0x0000,0x0000,0x0000,0x0000,0x0000,0x0000,0x0000,0x0000,
    0x0000,0x0000,0x0000,0x0000,0x0000,0x0000,0x0000,0x0000,0x0000,0x0000,0x0000,0x0000,
    0x0000,0x0000,0x0000,0x0000,0x0000,0x0000,0x0000,0x0000,0x0000,0x0000,0x0000,0x0000,
    0x0000,0x0000,0x9b65,0x9b65,0x9b65,0x9b65,0x6a64,0x6a64,0x6a64,0x6a64,0xc5f1,0xc5f1,
    0xc5f1,0x0000,0x0000,0x0000,0x0000,0x0000,0x0000,0x0000,0x0000,0x0000,0x0000,0x0000,
    0x0000,0x0000,0x0000,0x0000,0x0000,0x0000,0x0000,0x0000,0x0000,0x0000,0x0000,0x0000,
    0x0000,0x0000,0x0000,0x0000,0x0000,0x0000,0x0000,0x0000,0x0000,0x0000,0x0000,0x0000,
    0x0000,0x0000,0x0000,0x0000,0x0000,0x0000,0x0000,0x0000,0x0000,0x0000,0x0000,0x0000,
    0x0000,0x0000,0x0000,0x0000,0x0000,0x0000,0x0000,0x6a64,0x6a64,0xc5f1,0xc5f1,0xc5f1,
    0x0000,0xc5f1,0xc5f1,0xc5f1,0x0000,0x0000,0x0000,0x0000,0x0000,0x0000,0x0000,0x0000,
    0x0000,0x0000,0x0000,0x0000,0x0000,0x0000,0x0000,0x0000,0x0000,0x0000,0x0000,0x0000,
    0x0000,0x0000,0x0000,0x0000,0x0000,0x0000,0x0000,0x0000,0x0000,0x0000,0x0000,0x0000,
    0x0000,0x0000,0x0000,0x0000,0x0000,0x0000,0x0000,0x0000,0x0000,0x0000,0x0000,0x0000,
    0x0000,0x0000,0x0000,0x0000,0x0000,0x0000,0x0000,0x0000,0x0000,0x0000,0x0000,0x0000,
    0xc5f1,0xc5f1,0xc5f1,0x0000,0xc5f1,0xc5f1,0xc5f1,0x0000,0x0000,0x0000,0x0000,0x0000,
    0x0000,0x0000,0x0000,0x0000,0x0000,0x0000,0x0000,0x0000,0x0000,0x0000,0x0000,0x0000,
    0x0000,0x0000,0x0000,0x0000,0x0000,0x0000,0x0000,0x0000,0x0000,0x0000,0x0000,0x0000,
    0x0000,0x0000,0x0000,0x0000,0x0000,0x0000,0x0000,0x0000,0x0000,0x0000,0x0000,0x0000,
    0x0000,0x0000,0x0000,0x0000,0x0000,0x0000,0x0000,0x0000,0x0000,0x0000,0x0000,0x0000,
    0x0000,0x0000,0x0000,0xc5f1,0xc5f1,0xc5f1,0x0000,0xc5f1,0xc5f1,0x0000,0x0000,0x0000,
    0x0000,0x0000,0x0000,0x0000,0x0000,0x0000,0x0000,0x0000,0x0000,0x0000,0x0000,0x0000,
    0x0000,0x0000,0x0000,0x0000,0x0000,0x0000,0x0000,0x0000,0x0000,0x0000,0x0000,0x0000,
    0x0000,0x0000,0x0000,0x0000,0x0000,0x0000,0x0000,0x0000,0x0000,0x0000,0x0000,0x0000,
    0x0000,0x0000,0x0000,0x0000,0x0000,0x0000,0x0000,0x0000,0x0000,0x0000,0x0000,0x0000,
    0x0000,0x0000,0x0000,0x0000,0x0000,0x0000,0xc5f1,0xc5f1,0x0000,0x0000,0x0000,0x0000,
    0x0000,0x0000,0x0000,0x0000,0x0000,0x0000,0x0000,0x0000,0x0000,0x0000,0x0000,0x0000,
    0x0000,0x0000,
};
const sprite_t spr_ptero_0 = { 62, 31, px_ptero_0 };

static const uint16_t px_ptero_1[1922] = {
    0x0000,0x0000,0x0000,0x0000,0x0000,0x0000,0x0000,0x0000,0x0000,0x0000,0x0000,0x0000,
    0x0000,0x0000,0x0000,0x0000,0x0000,0x0000,0x0000,0x0000,0x0000,0x0000,0x0000,0xd531,
    0xd531,0xd531,0xd531,0xd531,0xd531,0x0000,0x0000,0x0000,0x0000,0x0000,0x0000,0x0000,
    0x0000,0x0000,0x0000,0x0000,0x0000,0x0000,0x0000,0x0000,0x0000,0x0000,0x0000,0x0000,
    0x0000,0x0000,0x0000,0x0000,0x0000,0x0000,0x0000,0x0000,0x0000,0x0000,0x0000,0x0000,
    0x0000,0x0000,0x0000,0x0000,0x0000,0x0000,0x0000,0x0000,0x0000,0x0000,0x0000,0x0000,
    0x0000,0x0000,0x0000,0x0000,0x0000,0x0000,0x0000,0x0000,0x0000,0x0000,0x0000,0x0000,
    0xcc67,0xcc67,0xcc67,0xcc67,0xcc67,0xcc67,0xd531,0xd531,0x0000,0x0000,0x0000,0x0000,
    0x0000,0x0000,0x0000,0x0000,0x0000,0x0000,0x0000,0x0000,0x0000,0x0000,0x0000,0x0000,
    0x0000,0x0000,0x0000,0x0000,0x0000,0x0000,0x0000,0x0000,0x0000,0x0000,0x0000,0x0000,
    0x0000,0x0000,0x0000,0x0000,0x0000,0x0000,0x0000,0x0000,0x0000,0x0000,0x0000,0x0000,
    0x0000,0x0000,0x0000,0x0000,0x0000,0x0000,0x0000,0x0000,0x0000,0x0000,0x0000,0x0000,
    0x0000,0xcc67,0xcc67,0xcc67,0xcc67,0xcc67,0xcc67,0xcc67,0x72c5,0xd531,0x0000,0x0000,
    0x0000,0x0000,0x0000,0x0000,0x0000,0x0000,0x0000,0x0000,0x0000,0x0000,0x0000,0x0000,
    0x0000,0x0000,0x0000,0x0000,0x0000,0x0000,0x0000,0x0000,0x0000,0x0000,0x0000,0x0000,
    0x0000,0x0000,0x0000,0x0000,0x0000,0x0000,0x0000,0x0000,0x0000,0x0000,0x0000,0x0000,
    0x0000,0x0000,0x0000,0x0000,0x0000,0x0000,0x0000,0x0000,0x0000,0x0000,0x0000,0x0000,
    0x0000,0x0000,0xd529,0xd529,0xd529,0xd529,0xd529,0xd529,0xcc67,0x72c5,0x72c5,0x72c5,
    0x0000,0x0000,0x0000,0x0000,0x0000,0x0000,0x0000,0x0000,0x0000,0x0000,0x0000,0x0000,
    0x0000,0x0000,0x0000,0x0000,0x0000,0x0000,0x0000,0x0000,0x0000,0x0000,0x0000,0x0000,
    0x0000,0x0000,0x0000,0x0000,0x0000,0x0000,0x0000,0x0000,0x0000,0x0000,0x0000,0x0000,
    0x0000,0x0000,0x0000,0x0000,0x0000,0x0000,0x0000,0x0000,0x0000,0x0000,0x0000,0x0000,
    0x0000,0x0000,0x0000,0xcc67,0xcc67,0xcc67,0xcc67,0xcc67,0xcc67,0xd529,0x6a64,0x72c5,
    0x72c5,0x72c5,0xd531,0x0000,0x0000,0x0000,0x0000,0x0000,0x0000,0x0000,0x0000,0x0000,
    0x0000,0x0000,0x0000,0x0000,0x0000,0x0000,0x0000,0x0000,0x0000,0x0000,0x0000,0x0000,
    0x0000,0x0000,0x0000,0x0000,0x0000,0x0000,0x0000,0x0000,0x0000,0x0000,0x0000,0x0000,
    0x0000,0x0000,0x0000,0x0000,0x0000,0x0000,0x0000,0x0000,0x0000,0x0000,0x0000,0x0000,
    0x0000,0x0000,0x0000,0x0000,0x0000,0xcc67,0xcc67,0xcc67,0xcc67,0xcc67,0xcc67,0x6a64,
    0x6a64,0x72c5,0x72c5,0x72c5,0xd531,0x0000,0x0000,0x0000,0x0000,0x0000,0x0000,0x0000,
    0x0000,0x0000,0x0000,0x0000,0x0000,0x0000,0x0000,0x0000,0x0000,0x0000,0x0000,0x0000,
    0x0000,0x0000,0x0000,0x0000,0x0000,0x0000,0x0000,0x0000,0x0000,0x0000,0x0000,0x0000,
    0x0000,0x0000,0x0000,0x0000,0x0000,0x0000,0x0000,0x0000,0x0000,0x0000,0x0000,0x0000,
    0x0000,0x0000,0x0000,0x0000,0x0000,0x0000,0x0000,0x0000,0x9b65,0x9b65,0xa3e7,0xa3e7,
    0x6a64,0x6a64,0x6a64,0x72c5,0xd529,0x72c5,0x6a64,0x0000,0x0000,0x0000,0x0000,0x0000,
    0x0000,0x0000,0x0000,0x0000,0x0000,0x0000,0x0000,0x0000,0x0000,0x0000,0x0000,0x0000,
    0x0000,0x0000,0x0000,0x0000,0x0000,0x0000,0x0000,0x0000,0x0000,0x0000,0x0000,0x0000,
    0x0000,0x0000,0x0000,0x0000,0x0000,0x0000,0x0000,0x0000,0x0000,0x0000,0x0000,0x0000,
    0x0000,0x0000,0x0000,0x0000,0x0000,0x0000,0x0000,0x0000,0x0000,0x0000,0x0000,0x9b65,
    0x9b65,0xa3e7,0xa3e7,0x6a64,0x6a64,0x6a64,0xd529,0x72c5,0x6a64,0x0000,0x0000,0x0000,
    0x0000,0x0000,0x0000,0x0000,0x0000,0x0000,0x0000,0x0000,0x0000,0x0000,0x0000,0x0000,
    0x0000,0x0000,0x0000,0x0000,0x0000,0x0000,0x0000,0x0000,0x0000,0x0000,0x0000,0x0000,
    0x0000,0x0000,0x0000,0x0000,0x0000,0x0000,0x0000,0x0000,0x0000,0x0000,0x0000,0x0000,
    0x0000,0x0000,0x0000,0x0000,0x0000,0x0000,0x0000,0x0000,0x0000,0x0000,0x0000,0x0000,
    0x0000,0x0000,0x9b65,0x9b65,0xa3e7,0xa3e7,0x6a64,0x6a64,0x72c5,0x72c5,0x6a64,0x0000,
    0x0000,0x0000,0x0000,0x0000,0x0000,0x0000,0x0000,0x0000,0x0000,0x0000,0x0000,0x0000,
    0x0000,0x0000,0x0000,0x0000,0x0000,0x0000,0x0000,0x0000,0x0000,0x0000,0x0000,0x0000,
    0x0000,0x0000,0x0000,0x0000,0x0000,0x0000,0x0000,0x0000,0x0000,0x0000,0x0000,0x0000,
    0x0000,0x0000,0x0000,0x0000,0x0000,0x0000,0x0000,0x0000,0x0000,0x0000,0x0000,0x0000,
    0x0000,0x0000,0x0000,0x0000,0x0000,0xa3e7,0xa3e7,0xa3e7,0xa3e7,0x72c5,0x72c5,0x72c5,
    0x6a64,0x0000,0x0000,0x0000,0x0000,0x0000,0x0000,0x0000,0x0000,0x0000,0x0000,0x0000,
    0x0000,0x0000,0x0000,0x0000,0x0000,0x0000,0x0000,0x0000,0x0000,0x0000,0x0000,0x0000,
    0x0000,0x0000,0x0000,0x0000,0x0000,0x0000,0x0000,0x0000,0x0000,0x0000,0x0000,0x0000,
    0x0000,0x0000,0x0000,0x0000,0x0000,0x0000,0x0000,0x0000,0x0000,0x0000,0x0000,0x0000,
    0x0000,0x0000,0x0000,0x0000,0x0000,0x0000,0x0000,0x0000,0xa3e7,0xa3e7,0xa3e7,0xa3e7,
    0x72c5,0x72c5,0x6a64,0x0000,0x0000,0x0000,0x0000,0x0000,0x0000,0x0000,0x0000,0x0000,
    0x0000,0x0000,0x0000,0x0000,0x0000,0x0000,0x0000,0x0000,0x0000,0x0000,0x0000,0x0000,
    0x0000,0x0000,0x0000,0x0000,0x0000,0x0000,0x0000,0x0000,0x0000,0x0000,0x0000,0x0000,
    0x0000,0x0000,0x0000,0x0000,0x0000,0x0000,0x0000,0x0000,0x0000,0x0000,0x0000,0x0000,
    0x0000,0x0000,0x0000,0x0000,0x0000,0x0000,0x0000,0x0000,0x0000,0x0000,0x9b65,0x9b65,
    0x9b65,0x9b65,0x6a64,0x6a64,0x6a64,0xd531,0x0000,0x0000,0x0000,0x0000,0x0000,0x0000,
    0x0000,0x0000,0x0000,0x0000,0x0000,0x0000,0x0000,0x0000,0x0000,0x0000,0x0000,0x0000,
    0x0000,0x0000,0x0000,0x0000,0x0000,0x0000,0x0000,0x0000,0x0000,0x0000,0x0000,0x0000,
    0x0000,0x0000,0x0000,0x0000,0x0000,0x0000,0x0000,0x0000,0x0000,0x0000,0x0000,0x0000,
    0x0000,0x0000,0x0000,0x0000,0x0000,0x0000,0x0000,0x0000,0x0000,0x0000,0x0000,0x0000,
    0x9b65,0x9b65,0x9b65,0x9b65,0x6a64,0x6a64,0x6a64,0xd531,0x0000,0x0000,0x0000,0x0000,
    0x0000,0x0000,0x0000,0x0000,0x0000,0x0000,0x0000,0x0000,0x0000,0x0000,0x0000,0x0000,
    0x0000,0x0000,0x0000,0x0000,0x0000,0x0000,0x0000,0x0000,0x0000,0x0000,0x0000,0x0000,
    0x0000,0x0000,0x0000,0x0000,0x0000,0x0000,0x0000,0x0000,0x0000,0x0000,0x0000,0x0000,
    0x0000,0x0000,0x0000,0x0000,0x0000,0x0000,0x0000,0x0000,0x0000,0x0000,0x0000,0x0000,
    0x0000,0x0000,0x0000,0x9b65,0x9b65,0x9b65,0x9b65,0x6a64,0x6a64,0x6a64,0x0000,0x0000,
    0x0000,0x0000,0x0000,0x0000,0x0000,0x0000,0x0000,0x0000,0x0000,0x0000,0x0000,0x0000,
    0x0000,0x0000,0x0000,0x0000,0x0000,0x0000,0x0000,0x0000,0x0000,0x0000,0x0000,0x0000,
    0x0000,0x0000,0x0000,0x0000,0x0000,0x0000,0x0000,0x0000,0x0000,0x0000,0x0000,0x0000,
    0x0000,0x0000,0x0000,0x0000,0x0000,0x0000,0x0000,0x0000,0x0000,0x0000,0x0000,0x0000,
    0x0000,0x0000,0x0000,0x0000,0x0000,0x0000,0x9b65,0x9b65,0x9b65,0x9b65,0x6a64,0x6a64,
    0xcc67,0x0000,0x0000,0x0000,0x0000,0x0000,0x0000,0x0000,0x0000,0x0000,0x0000,0x0000,
    0x0000,0x0000,0x0000,0x0000,0x0000,0x0000,0x0000,0x0000,0x0000,0x0000,0x0000,0x0000,
    0x0000,0x0000,0x0000,0x0000,0x0000,0x0000,0x0000,0x0000,0x0000,0x0000,0x0000,0x0000,
    0x0000,0x0000,0x0000,0x0000,0x0000,0x0000,0x0000,0x0000,0x0000,0x0000,0x0000,0x0000,
    0x0000,0x0000,0x0000,0x0000,0x0000,0x0000,0x0000,0x0000,0x9b65,0x9b65,0x9b65,0x9b65,
    0x6a64,0x6a64,0xcc67,0xc5f1,0xc5f1,0xc5f1,0x0000,0x0000,0x0000,0x0000,0x0000,0x0000,
    0x0000,0x0000,0x0000,0x0000,0x0000,0x0000,0x0000,0x0000,0x0000,0x0000,0x0000,0x0000,
    0x0000,0x0000,0x0000,0x0000,0x0000,0x0000,0x0000,0x0000,0x0000,0x0000,0x0000,0x0000,
    0x0000,0x0000,0x0000,0x0000,0x0000,0x0000,0x0000,0x0000,0x0000,0x0000,0x0000,0x0000,
    0x0000,0x0000,0x0000,0x0000,0x0000,0x0000,0x0000,0x0000,0x0000,0x0000,0x9b65,0x9b65,
    0x9b65,0x9b65,0x6a64,0x6a64,0x6a64,0xc5f1,0xc5f1,0xc5f1,0xcc67,0x0000,0x0000,0x0000,
    0x0000,0x0000,0x0000,0x0000,0x0000,0x0000,0x0000,0x0000,0x0000,0x0000,0x0000,0x0000,
    0x0000,0x0000,0x0000,0x0000,0x0000,0x0000,0x0000,0x0000,0x0000,0x0000,0x0000,0x0000,
    0x0000,0x0000,0x0000,0x0000,0x0000,0x0000,0x0000,0x0000,0x0000,0x0000,0x0000,0x0000,
    0x0000,0x0000,0x0000,0x0000,0x0000,0x0000,0x0000,0x0000,0xc5f1,0xc5f1,0xc5f1,0xc5f1,
    0x9b65,0x9b65,0x9b65,0x9b65,0x9b65,0x6a64,0x6a64,0x9b65,0x9b65,0x9b65,0xc5f1,0xc5f1,
    0xc5f1,0xc5f1,0x0000,0x0000,0x0000,0x0000,0x0000,0x0000,0x0000,0x0000,0x0000,0x0000,
    0x0000,0x0000,0x0000,0x0000,0x0000,0x0000,0x0000,0x0000,0x0000,0x0000,0x0000,0x0000,
    0x0000,0x0000,0x0000,0x0000,0x0000,0x0000,0x0000,0x0000,0x0000,0x0000,0x0000,0x0000,
    0x0000,0x0000,0x0000,0x0000,0x0000,0x0000,0x0000,0x0000,0x0000,0x0000,0xc5f1,0xc5f1,
    0xc5f1,0xc5f1,0x9b65,0x9b65,0x9b65,0x9b65,0x9b65,0x9b65,0x9b65,0x9b65,0x9b65,0x9b65,
    0xc5f1,0xc5f1,0xc5f1,0xc5f1,0xcc67,0x0000,0x0000,0x0000,0x0000,0x0000,0x0000,0x0000,
    0x0000,0x0000,0x0000,0x0000,0x0000,0x0000,0x0000,0x0000,0x0000,0x0000,0x0000,0x0000,
    0x0000,0x0000,0x0000,0x0000,0x0000,0x0000,0x0000,0x0000,0x0000,0x0000,0x0000,0x0000,
    0x0000,0x0000,0x0000,0x0000,0x0000,0x0000,0xc5f1,0xc5f1,0xc5f1,0xc5f1,0xc5f1,0xc5f1,
    0x6b29,0x6b29,0xcc67,0xcc67,0xcc67,0x948d,0x9b65,0x9b65,0x9b65,0x9b65,0x6a64,0x6a64,
    0x948d,0x948d,0x948d,0xcc67,0x948d,0x948d,0xc5f1,0xc5f1,0xc5f1,0xc5f1,0xc5f1,0xc5f1,
    0x0000,0x0000,0x0000,0x0000,0x0000,0x0000,0x0000,0x0000,0x0000,0x0000,0x0000,0x0000,
    0x0000,0x0000,0x0000,0x0000,0x0000,0x0000,0x0000,0x0000,0x0000,0x0000,0x0000,0x0000,
    0x0000,0x0000,0x0000,0x0000,0x0000,0x0000,0x0000,0x0000,0xc5f1,0xc5f1,0xc5f1,0xc5f1,
    0xc5f1,0xc5f1,0x6b29,0x6b29,0x6a64,0xcc67,0xcc67,0x948d,0x9b65,0x9b65,0x9b65,0x9b65,
    0x6a64,0x6a64,0x9b65,0x6b29,0x6b29,0x948d,0x948d,0x948d,0xc5f1,0xc5f1,0xc5f1,0xc5f1,
    0xc5f1,0xc5f1,0xc5f1,0x0000,0x0000,0x0000,0x0000,0x0000,0x0000,0x0000,0x0000,0x0000,
    0x0000,0x0000,0x0000,0x0000,0x0000,0x0000,0x0000,0x0000,0x0000,0x0000,0x0000,0x0000,
    0x0000,0x0000,0x0000,0x0000,0xd529,0xd529,0xd529,0xd529,0xd529,0xd529,0x72c5,0x72c5,
    0xc5f1,0xcc67,0xcc67,0xcc67,0xcc67,0x6a64,0x6a64,0x6a64,0xcc67,0x948d,0x948d,0x9b65,
    0x9b65,0x9b65,0x9b65,0x9b65,0x9b65,0x6b29,0x6b29,0x6b29,0x948d,0x9b65,0x9b65,0xcc67,
    0xcc67,0xcc67,0xa3e7,0xa3e7,0xd529,0xd529,0xd529,0xd529,0xd529,0xd529,0x0000,0x0000,
    0x0000,0x0000,0x0000,0x0000,0x0000,0x0000,0x0000,0x0000,0x0000,0x0000,0x0000,0x0000,
    0x0000,0x0000,0x0000,0x0000,0x0000,0x0000,0xd529,0xd529,0xd529,0xd529,0xd529,0xd529,
    0x72c5,0x72c5,0x6a64,0xcc67,0xcc67,0xcc67,0xcc67,0xcc67,0x6a64,0x6a64,0x6a64,0xcc67,
    0x948d,0x948d,0x9b65,0x9b65,0x9b65,0x9b65,0x9b65,0x9b65,0x6b29,0x6b29,0x6b29,0x948d,
    0x9b65,0x9b65,0xcc67,0xcc67,0xa3e7,0xa3e7,0xd529,0xd529,0xd529,0xd529,0xd529,0xd529,
    0xcc67,0x0000,0x0000,0x0000,0x0000,0x0000,0x0000,0x0000,0x0000,0x0000,0xd529,0xd529,
    0xd529,0xd529,0xd529,0xd529,0xd529,0xd529,0xd529,0xd529,0x72c5,0x72c5,0xcc67,0xcc67,
    0xcc67,0xd529,0xd529,0x6a64,0x6a64,0x6a64,0xcc67,0xcc67,0xcc67,0xcc67,0xcc67,0x6a64,
    0x6a64,0x6a64,0xc5f1,0x948d,0x948d,0x9b65,0x9b65,0x9b65,0x9b65,0x9b65,0x9b65,0x6b29,
    0x6b29,0x6b29,0x9b65,0x9b65,0x9b65,0xcc67,0xcc67,0x9b65,0x9b65,0xd529,0xd529,0xcc67,
    0xa3e7,0xa3e7,0xd529,0xd529,0xd529,0xd529,0xd529,0xd529,0xd529,0xd529,0xd529,0xd529,
    0xd529,0xd529,0xd529,0xd529,0xd529,0xd529,0xd529,0xd529,0xd529,0xd529,0x72c5,0x72c5,
    0x6a64,0xcc67,0xcc67,0xcc67,0xcc67,0xcc67,0x6a64,0x6a64,0x6a64,0xcc67,0xcc67,0xcc67,
    0xcc67,0xcc67,0x6a64,0x6a64,0x6b29,0x0000,0x948d,0x948d,0x9b65,0x9b65,0x9b65,0x9b65,
    0x9b65,0x9b65,0x6b29,0x6b29,0x6a64,0xc5f1,0x9b65,0x9b65,0xcc67,0xcc67,0x9b65,0x9b65,
    0xcc67,0xcc67,0xa3e7,0xa3e7,0xd529,0xd529,0xd529,0xd529,0xd529,0xd529,0xd529,0xd529,
    0xd529,0xd529,0x0000,0x0000,0x0000,0xd529,0xd529,0xd529,0xd529,0xcc67,0xcc67,0xcc67,
    0xcc67,0x6a64,0x6a64,0x6a64,0xd529,0xcc67,0xcc67,0xcc67,0xcc67,0x6a64,0x6a64,0x6a64,
    0xc5f1,0xc5f1,0xc5f1,0xc5f1,0xc5f1,0x6b29,0x6b29,0x0000,0x0000,0x0000,0x0000,0x9b65,
    0x9b65,0x9b65,0x9b65,0x6a64,0x6a64,0x6a64,0x6a64,0x6a64,0xc5f1,0x948d,0x948d,0xc5f1,
    0xc5f1,0x9b65,0x9b65,0xcc67,0xcc67,0x9b65,0x9b65,0xcc67,0xcc67,0xcc67,0xcc67,0xd529,
    0xd529,0xd529,0xd529,0x0000,0x0000,0x0000,0x0000,0x0000,0x0000,0x0000,0xd529,0xd529,
    0xd529,0xd529,0xcc67,0xcc67,0x6a64,0x6a64,0x6a64,0xd529,0xd529,0xd529,0xcc67,0xcc67,
    0x6a64,0x6a64,0x6a64,0x0000,0x0000,0x0000,0x0000,0x0000,0x0000,0x0000,0x0000,0x0000,
    0x0000,0x0000,0x9b65,0x9b65,0x9b65,0x9b65,0x6a64,0x6a64,0x6a64,0x6a64,0xc5f1,0xc5f1,
    0xc5f1,0x0000,0x0000,0x0000,0x9b65,0x9b65,0xcc67,0xcc67,0x9b65,0x9b65,0xcc67,0xcc67,
    0xd529,0xd529,0xd529,0xd529,0x0000,0x0000,0x0000,0x0000,0x0000,0x0000,0x0000,0x0000,
    0x0000,0x0000,0x0000,0xd529,0xd529,0xd529,0xd529,0x6a64,0x6a64,0x0000,0x0000,0xd529,
    0xd529,0xd529,0xd529,0x6a64,0x6a64,0x0000,0x0000,0x0000,0x0000,0x0000,0x0000,0x0000,
    0x0000,0x0000,0x0000,0x0000,0x0000,0x0000,0x0000,0x6a64,0x6a64,0xc5f1,0xc5f1,0xc5f1,
    0x0000,0xc5f1,0xc5f1,0xc5f1,0x0000,0x0000,0x0000,0x9b65,0x9b65,0xd529,0xd529,0x9b65,
    0x9b65,0xd529,0xd529,0xd529,0xd529,0x0000,0x0000,0x0000,0x0000,0x0000,0x0000,0x0000,
    0x0000,0x0000,0x0000,0x0000,0x0000,0x0000,0x0000,0x0000,0x0000,0x0000,0x0000,0x0000,
    0x0000,0x0000,0x0000,0x0000,0x0000,0x0000,0x0000,0x0000,0x0000,0x0000,0x0000,0x0000,
    0x0000,0x0000,0x0000,0x0000,0x0000,0x0000,0x0000,0x0000,0x0000,0x0000,0x0000,0x0000,
    0xc5f1,0xc5f1,0xc5f1,0x0000,0xc5f1,0xc5f1,0xc5f1,0x0000,0x0000,0x0000,0x0000,0x0000,
    0x0000,0x0000,0x0000,0x0000,0x0000,0x0000,0x0000,0x0000,0x0000,0x0000,0x0000,0x0000,
    0x0000,0x0000,0x0000,0x0000,0x0000,0x0000,0x0000,0x0000,0x0000,0x0000,0x0000,0x0000,
    0x0000,0x0000,0x0000,0x0000,0x0000,0x0000,0x0000,0x0000,0x0000,0x0000,0x0000,0x0000,
    0x0000,0x0000,0x0000,0x0000,0x0000,0x0000,0x0000,0x0000,0x0000,0x0000,0x0000,0x0000,
    0x0000,0x0000,0x0000,0xc5f1,0xc5f1,0xc5f1,0x0000,0xc5f1,0xc5f1,0x0000,0x0000,0x0000,
    0x0000,0x0000,0x0000,0x0000,0x0000,0x0000,0x0000,0x0000,0x0000,0x0000,0x0000,0x0000,
    0x0000,0x0000,0x0000,0x0000,0x0000,0x0000,0x0000,0x0000,0x0000,0x0000,0x0000,0x0000,
    0x0000,0x0000,0x0000,0x0000,0x0000,0x0000,0x0000,0x0000,0x0000,0x0000,0x0000,0x0000,
    0x0000,0x0000,0x0000,0x0000,0x0000,0x0000,0x0000,0x0000,0x0000,0x0000,0x0000,0x0000,
    0x0000,0x0000,0x0000,0x0000,0x0000,0x0000,0xc5f1,0xc5f1,0x0000,0x0000,0x0000,0x0000,
    0x0000,0x0000,0x0000,0x0000,0x0000,0x0000,0x0000,0x0000,0x0000,0x0000,0x0000,0x0000,
    0x0000,0x0000,
};
const sprite_t spr_ptero_1 = { 62, 31, px_ptero_1 };

static const uint16_t px_rock_0[15] = {
    0xffef,0xffef,0xffef,0xffef,0x0000,0xffef,0xffef,0xffef,0xffef,0xffef,0x0000,0xffef,
    0xffef,0xffef,0xffef,
};
const sprite_t spr_rock_0 = { 5, 3, px_rock_0 };

static const uint16_t px_rock_1[24] = {
    0xffef,0xffef,0xffef,0xffef,0x0000,0x0000,0xffef,0xffef,0xffef,0xffef,0xffef,0x0000,
    0x0000,0xffef,0xffef,0xffef,0xffef,0xffef,0x0000,0x0000,0xffef,0xffef,0xffef,0xffef,
};
const sprite_t spr_rock_1 = { 6, 4, px_rock_1 };

static const uint16_t px_rock_2[32] = {
    0xffef,0xffef,0xffef,0xffef,0xffef,0xffef,0x0000,0x0000,0xffef,0xffef,0xffef,0xffef,
    0xffef,0xffef,0xffef,0x0000,0x0000,0xffef,0xffef,0xffef,0xffef,0xffef,0xffef,0xffef,
    0x0000,0x0000,0xffef,0xffef,0xffef,0xffef,0xffef,0xffef,
};
const sprite_t spr_rock_2 = { 8, 4, px_rock_2 };

static const uint16_t px_rock_3[40] = {
    0xffef,0xffef,0xffef,0xffef,0xffef,0xffef,0xffef,0xffef,0x0000,0x0000,0xffef,0xffef,
    0xffef,0xffef,0xffef,0xffef,0xffef,0xffef,0xffef,0x0000,0x0000,0xffef,0xffef,0xffef,
    0xffef,0xffef,0xffef,0xffef,0xffef,0xffef,0x0000,0x0000,0xffef,0xffef,0xffef,0xffef,
    0xffef,0xffef,0xffef,0xffef,
};
const sprite_t spr_rock_3 = { 10, 4, px_rock_3 };

static const uint16_t px_rock_4[75] = {
    0xffef,0xffef,0xffef,0xffef,0xffef,0xffef,0xffef,0xffef,0xffef,0xffef,0xffef,0xffef,
    0x0000,0x0000,0x0000,0xffef,0xffef,0xffef,0xffef,0xffef,0xffef,0xffef,0xffef,0xffef,
    0xffef,0xffef,0xffef,0xffef,0x0000,0x0000,0x0000,0xffef,0xffef,0xffef,0xffef,0xffef,
    0xffef,0xffef,0xffef,0xffef,0xffef,0xffef,0xffef,0xffef,0x0000,0x0000,0x0000,0xffef,
    0xffef,0xffef,0xffef,0xffef,0xffef,0xffef,0xffef,0xffef,0xffef,0xffef,0xffef,0xffef,
    0x0000,0x0000,0x0000,0xffef,0xffef,0xffef,0xffef,0xffef,0xffef,0xffef,0xffef,0xffef,
    0xffef,0xffef,0xffef,
};
const sprite_t spr_rock_4 = { 15, 5, px_rock_4 };

static const uint16_t px_flower_0[30] = {
    0x0000,0xf818,0xf818,0x0000,0x0000,0x0000,0xf818,0xf818,0xf818,0xf818,0xf818,0xf818,
    0xf818,0xf818,0xf818,0xf818,0xf818,0xf818,0x0000,0x0000,0xac48,0xac48,0xf818,0x0000,
    0x0000,0x0000,0xac48,0xac48,0x0000,0x0000,
};
const sprite_t spr_flower_0 = { 6, 5, px_flower_0 };

static const uint16_t px_flower_1[8] = {
    0xf800,0xf800,0xf800,0xf800,0xac48,0xac48,0xac48,0xac48,
};
const sprite_t spr_flower_1 = { 2, 4, px_flower_1 };

static const uint16_t px_flower_2[8] = {
    0xfff0,0xfff0,0xfff0,0xfff0,0xac48,0xac48,0xac48,0xac48,
};
const sprite_t spr_flower_2 = { 2, 4, px_flower_2 };

static const uint16_t px_skull[2162] = {
    0x0000,0x0000,0x0000,0x0000,0x0000,0x0000,0xffff,0xffff,0xffff,0xffff,0xffff,0xffff,
    0xffff,0xffff,0xffff,0xffff,0xffff,0xffff,0xffff,0xffff,0xffff,0xffff,0xffff,0xffff,
    0xffff,0xffff,0xffff,0xffff,0xffff,0xffff,0x0000,0x0000,0x0000,0x0000,0x0000,0x0000,
    0x0000,0x0000,0x0000,0x0000,0x0000,0x0000,0x0000,0x0000,0x0000,0x0000,0x0000,0x0000,
    0x0000,0x0000,0x0000,0x0000,0xffff,0xffff,0xffff,0xffff,0xffff,0xffff,0xffff,0xffff,
    0xffff,0xffff,0xffff,0xffff,0xffff,0xffff,0xffff,0xffff,0xffff,0xffff,0xffff,0xffff,
    0xffff,0xffff,0xffff,0xffff,0xffff,0x0000,0x0000,0x0000,0x0000,0x0000,0x0000,0x0000,
    0x0000,0x0000,0x0000,0x0000,0x0000,0x0000,0x0000,0x0000,0xffff,0xffff,0xffff,0xffff,
    0xffff,0xffff,0xffff,0xffff,0xffff,0xffff,0xffff,0xffff,0xffff,0xffff,0xffff,0xffff,
    0xffff,0xffff,0xffff,0xffff,0xffff,0xffff,0xffff,0xffff,0xffff,0xffff,0xffff,0xffff,
    0xffff,0xffff,0xffff,0xffff,0x0000,0x0000,0x0000,0x0000,0x0000,0x0000,0x0000,0x0000,
    0x0000,0x0000,0x0000,0x0000,0x0000,0x0000,0xffff,0xffff,0xffff,0xffff,0xffff,0xffff,
    0xffff,0xffff,0xffff,0xffff,0xffff,0xffff,0xffff,0xffff,0xffff,0xffff,0xffff,0xffff,
    0xffff,0xffff,0xffff,0xffff,0xffff,0xffff,0xffff,0xffff,0xffff,0xffff,0xffff,0xffff,
    0xffff,0xffff,0xffff,0x0000,0x0000,0x0000,0x0000,0x0000,0x0000,0x0000,0x0000,0x0000,
    0x0000,0x0000,0x0000,0x0000,0xe73a,0xe73a,0xe73a,0xe73a,0xe73a,0xe73a,0xe73a,0xe73a,
    0xe73a,0xe73a,0xe73a,0xe73a,0xe73a,0xe73a,0xe73a,0xe73a,0xe73a,0xe73a,0xe73a,0xe73a,
    0xe73a,0xe73a,0xe73a,0xe73a,0xe73a,0xe73a,0xe73a,0xe73a,0xe73a,0xe73a,0x9d12,0x9d12,
    0xffff,0xffff,0x0000,0x0000,0x0000,0x0000,0x0000,0x0000,0x0000,0x0000,0x0000,0x0000,
    0x0000,0x0000,0xe73a,0xe73a,0xe73a,0xe73a,0xe73a,0xe73a,0xe73a,0xe73a,0xe73a,0xe73a,
    0xe73a,0xe73a,0xe73a,0xe73a,0xe73a,0xe73a,0xe73a,0xe73a,0xe73a,0xe73a,0xe73a,0xe73a,
    0xe73a,0xe73a,0xe73a,0xe73a,0xe73a,0xe73a,0xe73a,0xe73a,0x9d12,0x9d12,0x9d12,0xffff,
    0xffff,0x0000,0x0000,0x0000,0x0000,0x0000,0x0000,0x0000,0x0000,0x0000,0x0000,0x0000,
    0xe73a,0xe73a,0xe73a,0xe73a,0xe73a,0xe73a,0xe73a,0xe73a,0xe73a,0xe73a,0xe73a,0xe73a,
    0xe73a,0xe73a,0xe73a,0xe73a,0xe73a,0xe73a,0xe73a,0xe73a,0xe73a,0xe73a,0xe73a,0xe73a,
    0xe73a,0xe73a,0xe73a,0xe73a,0xe73a,0xe73a,0x9d12,0x9d12,0x9d12,0x9d12,0xffff,0xffff,
    0x0000,0x0000,0x0000,0x0000,0x0000,0x0000,0x0000,0x0000,0x0000,0x0000,0xe73a,0xe73a,
    0xe73a,0xe73a,0xe73a,0xe73a,0xe73a,0xe73a,0xe73a,0xe73a,0xe73a,0xe73a,0xe73a,0xe73a,
    0xe73a,0xe73a,0xe73a,0xe73a,0xe73a,0xe73a,0xe73a,0xe73a,0xe73a,0xe73a,0xe73a,0xe73a,
    0xe73a,0xe73a,0xe73a,0xe73a,0x9d12,0x9d12,0x9d12,0x9d12,0x9d12,0xffff,0xffff,0x0000,
    0x0000,0x0000,0x0000,0x0000,0x0000,0x0000,0x0000,0x0000,0xe73a,0xe73a,0xe73a,0xe73a,
    0xe73a,0xe73a,0xe73a,0xe73a,0xe73a,0xe73a,0xe73a,0xe73a,0xe73a,0xe73a,0xe73a,0xe73a,
    0xe73a,0xe73a,0xe73a,0xe73a,0xe73a,0xe73a,0xe73a,0xe73a,0xe73a,0xe73a,0xe73a,0xe73a,
    0xe73a,0xe73a,0x9d12,0x9d12,0x9d12,0x9d12,0x9d12,0x9d12,0xffff,0xffff,0x0000,0x0000,
    0x0000,0x0000,0x0000,0x0000,0x0000,0x0000,0xe73a,0xe73a,0xe73a,0xe73a,0xe73a,0xe73a,
    0xe73a,0xe73a,0xe73a,0xe73a,0xe73a,0xe73a,0xe73a,0xe73a,0xe73a,0xe73a,0xe73a,0xe73a,
    0xe73a,0xe73a,0xe73a,0xe73a,0xe73a,0xe73a,0xe73a,0xe73a,0xe73a,0xe73a,0xe73a,0xe73a,
    0x9d12,0x9d12,0x9d12,0x9d12,0x9d12,0x9d12,0x9d12,0xffff,0xffff,0x0000,0x0000,0x0000,
    0x0000,0x0000,0x0000,0x0000,0xe73a,0xe73a,0x8c90,0x8c90,0xe73a,0xe73a,0x8c90,0x8c90,
    0xe73a,0xe73a,0x8c90,0x8c90,0xe73a,0xe73a,0xe73a,0xe73a,0xe73a,0xe73a,0xe73a,0xe73a,
    0x8c90,0x8c90,0xe73a,0xe73a,0x8c90,0x8c90,0xe73a,0xe73a,0x8c90,0x8c90,0x9d12,0x9d12,
    0x9d12,0x9d12,0x9d12,0x9d12,0x9d12,0x9d12,0xffff,0xffff,0x0000,0x0000,0x0000,0x0000,
    0x0000,0x0000,0xe73a,0xe73a,0x8c90,0x8c90,0xe73a,0xe73a,0x8c90,0x8c90,0xe73a,0xe73a,
    0x8c90,0x8c90,0xe73a,0xe73a,0xe73a,0xe73a,0xe73a,0xe73a,0xe73a,0xe73a,0x8c90,0x8c90,
    0xe73a,0xe73a,0x8c90,0x8c90,0xe73a,0xe73a,0x8c90,0x8c90,0x9d12,0x9d12,0x9d12,0x9d12,
    0x9d12,0x9d12,0x9d12,0x9d12,0x9d12,0xffff,0xffff,0x0000,0x0000,0x0000,0x0000,0x0000,
    0xe73a,0xe73a,0xbe16,0xbe16,0xbe16,0xbe16,0xbe16,0xbe16,0xbe16,0xbe16,0xbe16,0xbe16,
    0xe73a,0xe73a,0xe73a,0xe73a,0xe73a,0xe73a,0xe73a,0xe73a,0xbe16,0xbe16,0xbe16,0xbe16,
    0xbe16,0xbe16,0xbe16,0xbe16,0xbe16,0xbe16,0x9d12,0x9d12,0x9d12,0x9d12,0x9d12,0x9d12,
    0x9d12,0x9d12,0x9d12,0x9d12,0xffff,0xffff,0x0000,0x0000,0x0000,0x0000,0xe73a,0xe73a,
    0xbe16,0xbe16,0xbe16,0xbe16,0xbe16,0xbe16,0xbe16,0xbe16,0xbe16,0xbe16,0xe73a,0xe73a,
    0xe73a,0xe73a,0xe73a,0xe73a,0xe73a,0xe73a,0xbe16,0xbe16,0xbe16,0xbe16,0xbe16,0xbe16,
    0xbe16,0xbe16,0xbe16,0xbe16,0x9d12,0x9d12,0x632b,0x9d12,0x9d12,0x9d12,0x9d12,0x9d12,
    0x9d12,0x9d12,0x9d12,0xffff,0xffff,0x0000,0x0000,0x0000,0x844f,0x844f,0x8c90,0x0841,
    0x0841,0x0841,0x0841,0x0841,0x0841,0x0841,0x0841,0x0841,0xbe16,0xbe16,0xe73a,0xe73a,
    0xe73a,0xe73a,0x844f,0x844f,0x0841,0x0841,0x0841,0x0841,0x0841,0x0841,0x0841,0x0841,
    0x0841,0x0841,0x844f,0x844f,0x632b,0x9d12,0x9d12,0x9d12,0x9d12,0x9d12,0x9d12,0x9d12,
    0x9d12,0x9d12,0xffff,0xffff,0x0000,0x0000,0x844f,0x844f,0xe73a,0x0841,0x0841,0x0841,
    0x0841,0x0841,0x0841,0x0841,0x0841,0x0841,0xbe16,0xbe16,0xe73a,0xe73a,0xe73a,0xe73a,
    0x844f,0x844f,0x0841,0x0841,0x0841,0x0841,0x0841,0x0841,0x0841,0x0841,0x0841,0x0841,
    0x844f,0x844f,0x9d12,0x9d12,0x9d12,0x9d12,0x9d12,0x9d12,0x9d12,0x9d12,0x9d12,0x9d12,
    0x9d12,0xffff,0xffff,0x0000,0x844f,0x844f,0xe73a,0x0841,0x0841,0x0841,0x0841,0x0841,
    0x0841,0x0841,0x0841,0x0841,0xbe16,0xbe16,0xe73a,0xe73a,0xe73a,0xe73a,0x844f,0x844f,
    0x0841,0x0841,0x0841,0x0841,0x0841,0x0841,0x0841,0x0841,0x0841,0x0841,0x844f,0x844f,
    0x9d12,0x9d12,0x9d12,0x9d12,0x9d12,0x9d12,0x9d12,0x9d12,0x9d12,0x9d12,0x9d12,0x9d12,
    0xffff,0xffff,0x844f,0x844f,0xe73a,0x0841,0x0841,0x0841,0x0841,0x0841,0x0841,0x0841,
    0x0841,0x0841,0xbe16,0xbe16,0xe73a,0xe73a,0xe73a,0xe73a,0x844f,0x844f,0x0841,0x0841,
    0x0841,0x0841,0x0841,0x0841,0x0841,0x0841,0x0841,0x0841,0x844f,0x844f,0x9d12,0x9d12,
    0x9d12,0x9d12,0x9d12,0x9d12,0x9d12,0x9d12,0x9d12,0x9d12,0x9d12,0x9d12,0x9d12,0xffff,
    0x844f,0x844f,0xe73a,0x0841,0x0841,0x0841,0x0841,0x0841,0x0841,0x0841,0x0841,0x0841,
    0xbe16,0xbe16,0xe73a,0xe73a,0xe73a,0xe73a,0x844f,0x844f,0x0841,0x0841,0x0841,0x0841,
    0x0841,0x0841,0x0841,0x0841,0x0841,0x0841,0x844f,0x844f,0x9d12,0x9d12,0x9d12,0x9d12,
    0x9d12,0x9d12,0x9d12,0x9d12,0x9d12,0x9d12,0x9d12,0x9d12,0x9d12,0x9d12,0x844f,0x844f,
    0x8c90,0x0841,0x0841,0x0841,0x0841,0x0841,0x0841,0x0841,0x0841,0x0841,0xbe16,0xbe16,
    0xe73a,0xe73a,0xe73a,0xe73a,0x844f,0x844f,0x0841,0x0841,0x0841,0x0841,0x0841,0x0841,
    0x0841,0x0841,0x0841,0x0841,0x844f,0x844f,0x632b,0x9d12,0x9d12,0x9d12,0x9d12,0x9d12,
    0x9d12,0x9d12,0x9d12,0x9d12,0x9d12,0x9d12,0x9d12,0x9d12,0x844f,0x844f,0x8c90,0x0841,
    0x0841,0x0841,0x0841,0x0841,0xf7fc,0xf7fc,0xf7fc,0xf7fc,0xe73a,0xe73a,0xe73a,0xe73a,
    0xe73a,0xe73a,0xe73a,0xe73a,0xf7fc,0xf7fc,0xf7fc,0xf7fc,0x0841,0x0841,0x0841,0x0841,
    0x0841,0x0841,0x844f,0x844f,0x632b,0x9d12,0x9d12,0x9d12,0x9d12,0x9d12,0x9d12,0x9d12,
    0x9d12,0x9d12,0x9d12,0x9d12,0x9d12,0x9d12,0x844f,0x844f,0xe73a,0x0841,0x0841,0x0841,
    0x0841,0x0841,0xf7fc,0xf7fc,0xf7fc,0xf7fc,0xe73a,0xe73a,0xe73a,0xe73a,0xe73a,0xe73a,
    0xe73a,0xe73a,0xf7fc,0xf7fc,0xf7fc,0xf7fc,0x0841,0x0841,0x0841,0x0841,0x0841,0x0841,
    0x844f,0x844f,0x9d12,0x9d12,0x9d12,0x9d12,0x9d12,0x9d12,0x9d12,0x9d12,0x9d12,0x9d12,
    0x9d12,0x9d12,0x9d12,0x9d12,0xe73a,0xe73a,0xf7fc,0xf7fc,0xf7fc,0xf7fc,0xf7fc,0xf7fc,
    0xe73a,0xe73a,0xe73a,0xe73a,0xe73a,0xe73a,0xe73a,0xe73a,0xe73a,0xe73a,0xe73a,0xe73a,
    0xe73a,0xe73a,0xe73a,0xe73a,0xf7fc,0xf7fc,0xf7fc,0xf7fc,0xf7fc,0xf7fc,0x9d12,0x9d12,
    0x9d12,0x9d12,0x9d12,0x9d12,0x9d12,0x9d12,0x9d12,0x9d12,0x9d12,0x9d12,0x9d12,0x9d12,
    0x9d12,0x9d12,0xe73a,0xe73a,0xf7fc,0xf7fc,0xf7fc,0xf7fc,0xf7fc,0xf7fc,0xe73a,0xe73a,
    0xe73a,0xe73a,0xe73a,0xe73a,0xe73a,0xe73a,0xe73a,0xe73a,0xe73a,0xe73a,0xe73a,0xe73a,
    0xe73a,0xe73a,0xf7fc,0xf7fc,0xf7fc,0xf7fc,0xf7fc,0xf7fc,0x9d12,0x9d12,0x9d12,0x9d12,
    0x9d12,0x9d12,0x9d12,0x9d12,0x9d12,0x9d12,0x9d12,0x9d12,0x9d12,0x9d12,0x9d12,0x9d12,
    0x8c90,0x8c90,0xe73a,0xe73a,0x8c90,0x8c90,0xe73a,0xe73a,0xe73a,0xe73a,0x9d12,0x9d12,
    0x0841,0x0841,0x0841,0x0841,0x0841,0x0841,0x0841,0x0841,0xe73a,0xe73a,0xe73a,0xe73a,
    0xe73a,0xe73a,0x8c90,0x8c90,0xe73a,0xe73a,0x632b,0x632b,0x9d12,0x9d12,0x9d12,0x9d12,
    0x9d12,0x9d12,0x9d12,0x9d12,0x9d12,0x9d12,0x9d12,0x9d12,0x9d12,0x9d12,0x8c90,0x8c90,
    0xe73a,0xe73a,0x8c90,0x8c90,0xe73a,0xe73a,0xe73a,0xe73a,0x9d12,0x9d12,0x0841,0x0841,
    0x0841,0x0841,0x0841,0x0841,0x0841,0x0841,0xe73a,0xe73a,0xe73a,0xe73a,0xe73a,0xe73a,
    0x8c90,0x8c90,0xe73a,0xe73a,0x632b,0x632b,0x9d12,0x9d12,0x9d12,0x9d12,0x9d12,0x9d12,
    0x9d12,0x9d12,0x9d12,0x9d12,0x9d12,0x9d12,0x9d12,0x9d12,0xe73a,0xe73a,0xe73a,0xe73a,
    0xe73a,0xe73a,0xe73a,0xe73a,0xe73a,0xe73a,0x9d12,0x9d12,0x0841,0x0841,0x0841,0x0841,
    0x0841,0x0841,0x0841,0x0841,0xe73a,0xe73a,0xe73a,0xe73a,0xe73a,0xe73a,0xe73a,0xe73a,
    0xe73a,0xe73a,0x9d12,0x9d12,0x9d12,0x9d12,0x9d12,0x9d12,0x9d12,0x9d12,0x9d12,0x9d12,
    0x9d12,0x9d12,0x9d12,0x9d12,0x9d12,0x9d12,0xe73a,0xe73a,0xe73a,0xe73a,0xe73a,0xe73a,
    0xe73a,0xe73a,0xe73a,0xe73a,0x9d12,0x9d12,0x0841,0x0841,0x0841,0x0841,0x0841,0x0841,
    0x0841,0x0841,0xe73a,0xe73a,0xe73a,0xe73a,0xe73a,0xe73a,0xe73a,0xe73a,0xe73a,0xe73a,
    0x9d12,0x9d12,0x9d12,0x9d12,0x9d12,0x9d12,0x9d12,0x9d12,0x9d12,0x9d12,0x9d12,0x9d12,
    0x9d12,0x9d12,0x9d12,0x9d12,0xe73a,0xe73a,0xbe16,0xbe16,0xe73a,0xe73a,0xe73a,0xe73a,
    0xe73a,0xe73a,0xe73a,0xe73a,0xffff,0xffff,0xffff,0xffff,0xffff,0xffff,0xffff,0xffff,
    0xe73a,0xe73a,0xe73a,0xe73a,0xe73a,0xe73a,0xe73a,0xe73a,0xbe16,0xbe16,0x9d12,0x9d12,
    0x9d12,0x9d12,0x9d12,0x9d12,0x9d12,0x9d12,0x9d12,0x9d12,0x9d12,0x9d12,0x9d12,0x9d12,
    0x9d12,0x9d12,0xe73a,0xe73a,0xbe16,0xbe16,0xe73a,0xe73a,0xe73a,0xe73a,0xe73a,0xe73a,
    0xe73a,0xe73a,0xffff,0xffff,0xffff,0xffff,0xffff,0xffff,0xffff,0xffff,0xe73a,0xe73a,
    0xe73a,0xe73a,0xe73a,0xe73a,0xe73a,0xe73a,0xbe16,0xbe16,0x9d12,0x9d12,0x9d12,0x9d12,
    0x9d12,0x9d12,0x9d12,0x9d12,0x9d12,0x9d12,0x9d12,0x9d12,0x9d12,0x9d12,0x9d12,0x9d12,
    0xbe16,0xbe16,0xe73a,0xe73a,0xbe16,0xbe16,0xe73a,0xe73a,0xe73a,0xe73a,0xe73a,0xe73a,
    0xe73a,0xe73a,0xe73a,0xe73a,0xe73a,0xe73a,0xe73a,0xe73a,0xe73a,0xe73a,0xe73a,0xe73a,
    0xe73a,0xe73a,0xbe16,0xbe16,0xe73a,0xe73a,0x844f,0x844f,0x9d12,0x9d12,0x9d12,0x9d12,
    0x9d12,0x9d12,0x9d12,0x9d12,0x9d12,0x9d12,0x9d12,0x9d12,0x9d12,0x9d12,0xbe16,0xbe16,
    0xe73a,0xe73a,0xbe16,0xbe16,0xe73a,0xe73a,0xe73a,0xe73a,0xe73a,0xe73a,0xe73a,0xe73a,
    0xe73a,0xe73a,0xe73a,0xe73a,0xe73a,0xe73a,0xe73a,0xe73a,0xe73a,0xe73a,0xe73a,0xe73a,
    0xbe16,0xbe16,0xe73a,0xe73a,0x844f,0x844f,0x9d12,0x9d12,0x9d12,0x9d12,0x9d12,0x9d12,
    0x9d12,0x9d12,0x9d12,0x9d12,0x9d12,0x9d12,0x9d12,0x9d12,0x0000,0xe73a,0xe73a,0xe73a,
    0xe73a,0xe73a,0xe73a,0xe73a,0x9d12,0x9d12,0xe73a,0xe73a,0xe73a,0xe73a,0xe73a,0xe73a,
    0x9d12,0x9d12,0xe73a,0xe73a,0xe73a,0xe73a,0xe73a,0xe73a,0x9d12,0x9d12,0xe73a,0xe73a,
    0xe73a,0xe73a,0xe73a,0x9d12,0x9d12,0x9d12,0x9d12,0x9d12,0x9d12,0x9d12,0x9d12,0x9d12,
    0x9d12,0x9d12,0x9d12,0x9d12,0x9d12,0x9d12,0x0000,0x0000,0xe73a,0xe73a,0xe73a,0xe73a,
    0xe73a,0xe73a,0x9d12,0x9d12,0x9d12,0xe73a,0xe73a,0xe73a,0xe73a,0xe73a,0x9d12,0x9d12,
    0x9d12,0xe73a,0xe73a,0xe73a,0xe73a,0xe73a,0x9d12,0x9d12,0x9d12,0xe73a,0xe73a,0xe73a,
    0xe73a,0xe73a,0x9d12,0x9d12,0x9d12,0x9d12,0x9d12,0x9d12,0x9d12,0x9d12,0x9d12,0x9d12,
    0x9d12,0x9d12,0x9d12,0x9d12,0x0000,0x0000,0x0000,0xe73a,0xe73a,0xe73a,0xe73a,0xe73a,
    0x9d12,0x9d12,0x9d12,0x9d12,0xe73a,0xe73a,0xe73a,0xe73a,0x9d12,0x9d12,0x9d12,0x9d12,
    0xe73a,0xe73a,0xe73a,0xe73a,0x9d12,0x9d12,0x9d12,0x9d12,0xe73a,0xe73a,0xe73a,0xe73a,
    0xe73a,0x9d12,0x9d12,0x9d12,0x9d12,0x9d12,0x9d12,0x9d12,0x9d12,0x9d12,0x9d12,0x9d12,
    0x9d12,0x9d12,0x0000,0x0000,0x0000,0x0000,0xe73a,0xe73a,0xe73a,0xe73a,0x9d12,0x9d12,
    0x9d12,0x9d12,0x9d12,0xe73a,0xe73a,0xe73a,0x9d12,0x9d12,0x9d12,0x9d12,0x9d12,0xe73a,
    0xe73a,0xe73a,0x9d12,0x9d12,0x9d12,0x9d12,0x9d12,0xe73a,0xe73a,0xe73a,0xe73a,0xe73a,
    0x9d12,0x9d12,0x9d12,0x9d12,0x9d12,0x9d12,0x9d12,0x9d12,0x9d12,0x9d12,0x9d12,0x9d12,
    0x0000,0x0000,0x0000,0x0000,0x0000,0xe73a,0xe73a,0xe73a,0x9d12,0x9d12,0x9d12,0x9d12,
    0x9d12,0x9d12,0xe73a,0xe73a,0x9d12,0x9d12,0x9d12,0x9d12,0x9d12,0x9d12,0xe73a,0xe73a,
    0x9d12,0x9d12,0x9d12,0x9d12,0x9d12,0x9d12,0xe73a,0xe73a,0xe73a,0xe73a,0xe73a,0x9d12,
    0x9d12,0x9d12,0x9d12,0x9d12,0x9d12,0x9d12,0x9d12,0x9d12,0x9d12,0x9d12,0x0000,0x0000,
    0x0000,0x0000,0x0000,0x0000,0xe73a,0xe73a,0x9d12,0x9d12,0x9d12,0x9d12,0x9d12,0x9d12,
    0xe73a,0xe73a,0x9d12,0x9d12,0x9d12,0x9d12,0x9d12,0x9d12,0xe73a,0xe73a,0x9d12,0x9d12,
    0x9d12,0x9d12,0x9d12,0x9d12,0x9d12,0xe73a,0xe73a,0xe73a,0xe73a,0xe73a,0x9d12,0x9d12,
    0x9d12,0x9d12,0x9d12,0x9d12,0x9d12,0x9d12,0x9d12,0x9d12,0x0000,0x0000,0x0000,0x0000,
    0x0000,0x0000,0x0000,0xe73a,0xe73a,0x9d12,0x9d12,0x9d12,0x9d12,0x9d12,0x9d12,0xe73a,
    0xe73a,0x9d12,0x9d12,0x9d12,0x9d12,0x9d12,0x9d12,0xe73a,0xe73a,0x9d12,0x9d12,0x9d12,
    0x9d12,0x9d12,0x9d12,0x9d12,0xe73a,0xe73a,0xe73a,0xe73a,0xe73a,0x9d12,0x9d12,0x9d12,
    0x9d12,0x9d12,0x9d12,0x9d12,0x9d12,0x9d12,0x0000,0x0000,0x0000,0x0000,0x0000,0x0000,
    0x0000,0x0000,0xe73a,0xe73a,0x9d12,0x9d12,0x9d12,0x9d12,0x9d12,0x9d12,0xe73a,0xe73a,
    0x9d12,0x9d12,0x9d12,0x9d12,0x9d12,0x9d12,0xe73a,0xe73a,0x9d12,0x9d12,0x9d12,0x9d12,
    0x9d12,0x9d12,0x9d12,0xe73a,0xe73a,0xe73a,0xe73a,0xe73a,0x9d12,0x9d12,0x9d12,0x9d12,
    0x9d12,0x9d12,0x9d12,0x9d12,0x0000,0x0000,0x0000,0x0000,0x0000,0x0000,0x0000,0x0000,
    0x0000,0xe73a,0xe73a,0x9d12,0x9d12,0x9d12,0x9d12,0x9d12,0x9d12,0xe73a,0xe73a,0x9d12,
    0x9d12,0x9d12,0x9d12,0x9d12,0x9d12,0xe73a,0xe73a,0x9d12,0x9d12,0x9d12,0x9d12,0x9d12,
    0x9d12,0x9d12,0xe73a,0xe73a,0xe73a,0xe73a,0xe73a,0x9d12,0x9d12,0x9d12,0x9d12,0x9d12,
    0x9d12,0x9d12,0x0000,0x0000,0x0000,0x0000,0x0000,0x0000,0x0000,0x0000,0x0000,0x0000,
    0xe73a,0xe73a,0x9d12,0x9d12,0x9d12,0x9d12,0x9d12,0x9d12,0xe73a,0xe73a,0x9d12,0x9d12,
    0x9d12,0x9d12,0x9d12,0x9d12,0xe73a,0xe73a,0x9d12,0x9d12,0x9d12,0x9d12,0x9d12,0x9d12,
    0x9d12,0xe73a,0xe73a,0xe73a,0xe73a,0xe73a,0x9d12,0x9d12,0x9d12,0x9d12,0x9d12,0x9d12,
    0x0000,0x0000,0x0000,0x0000,0x0000,0x0000,0x0000,0x0000,0x0000,0x0000,0x0000,0xe73a,
    0xe73a,0x9d12,0x9d12,0x9d12,0x9d12,0x9d12,0x9d12,0xe73a,0xe73a,0x9d12,0x9d12,0x9d12,
    0x9d12,0x9d12,0x9d12,0xe73a,0xe73a,0x9d12,0x9d12,0x9d12,0x9d12,0x9d12,0x9d12,0xe73a,
    0xe73a,0xe73a,0xe73a,0xe73a,0xe73a,0x9d12,0x9d12,0x9d12,0x9d12,0x9d12,0x0000,0x0000,
    0x0000,0x0000,0x0000,0x0000,0x0000,0x0000,0x0000,0x0000,0x0000,0x0000,0xe73a,0xe73a,
    0x9d12,0x9d12,0x9d12,0x9d12,0x9d12,0xe73a,0xe73a,0xe73a,0x9d12,0x9d12,0x9d12,0x9d12,
    0x9d12,0xe73a,0xe73a,0xe73a,0x9d12,0x9d12,0x9d12,0x9d12,0x9d12,0xe73a,0xe73a,0xe73a,
    0xe73a,0xe73a,0xe73a,0xe73a,0x9d12,0x9d12,0x9d12,0x9d12,0x0000,0x0000,0x0000,0x0000,
    0x0000,0x0000,0x0000,0x0000,0x0000,0x0000,0x0000,0x0000,0x0000,0xe73a,0xe73a,0x9d12,
    0x9d12,0x9d12,0x9d12,0xe73a,0xe73a,0xe73a,0xe73a,0x9d12,0x9d12,0x9d12,0x9d12,0xe73a,
    0xe73a,0xe73a,0xe73a,0x9d12,0x9d12,0x9d12,0x9d12,0xe73a,0xe73a,0xe73a,0xe73a,0xe73a,
    0xe73a,0xe73a,0xe73a,0x9d12,0x9d12,0x9d12,0x0000,0x0000,0x0000,0x0000,0x0000,0x0000,
    0x0000,0x0000,0x0000,0x0000,0x0000,0x0000,0x0000,0x0000,0xe73a,0xe73a,0x9d12,0x9d12,
    0x9d12,0xe73a,0xe73a,0xe73a,0xe73a,0xe73a,0x9d12,0x9d12,0x9d12,0xe73a,0xe73a,0xe73a,
    0xe73a,0xe73a,0x9d12,0x9d12,0x9d12,0xe73a,0xe73a,0xe73a,0xe73a,0xe73a,0xe73a,0xe73a,
    0xe73a,0xe73a,0x9d12,0x9d12,0x0000,0x0000,0x0000,0x0000,0x0000,0x0000,0x0000,0x0000,
    0x0000,0x0000,0x0000,0x0000,0x0000,0x0000,0x0000,0xe73a,0xe73a,0x9d12,0x9d12,0x0000,
    0x0000,0x0000,0x0000,0xe73a,0xe73a,0x9d12,0x9d12,0x0000,0x0000,0x0000,0x0000,0xe73a,
    0xe73a,0x9d12,0x9d12,0x0000,0x0000,0x0000,0x0000,0x0000,0x0000,0x0000,0x0000,0x0000,
    0x0000,0x0000,
};
const sprite_t spr_skull = { 46, 47, px_skull };

static const uint16_t px_scorpion[864] = {
    0x0000,0x0000,0x0000,0x0000,0x0000,0x0000,0x0000,0x0000,0x0000,0x0000,0x0000,0x0000,
    0x0000,0x0000,0x0000,0x0000,0x0000,0x0000,0x0000,0x0000,0x0000,0x0000,0x31a6,0x31a6,
    0x31a6,0x31a6,0x0000,0x0000,0x0000,0x0000,0x0000,0x0000,0x0000,0x0000,0x0000,0x0000,
    0x0000,0x0000,0x0000,0x0000,0x0000,0x0000,0x0000,0x0000,0x0000,0x0000,0x0000,0x31a6,
    0x31a6,0x0000,0x0000,0x0000,0x0000,0x31a6,0x31a6,0x0000,0x0000,0x31a6,0x31a6,0x31a6,
    0x31a6,0x31a6,0x31a6,0x0000,0x0000,0x0000,0x0000,0x0000,0x0000,0x0000,0x0000,0x0000,
    0x0000,0x0000,0x0000,0x0000,0x0000,0x0000,0x0000,0x0000,0x0000,0x0000,0x0000,0x31a6,
    0x31a6,0x0000,0x0000,0x0000,0x0000,0x31a6,0x31a6,0x0000,0x0000,0x31a6,0x31a6,0x31a6,
    0x31a6,0x18e3,0x31a6,0xf486,0x0000,0x0000,0x0000,0x0000,0x0000,0x0000,0x0000,0x0000,
    0x0000,0x0000,0x0000,0x0000,0x0000,0x0000,0x0000,0x0000,0x0000,0x0000,0x0000,0x2945,
    0x2945,0xf486,0xf486,0xf486,0xf486,0x18e3,0x18e3,0x0000,0x0000,0x0000,0x2945,0x2945,
    0x18e3,0x18e3,0x18e3,0xf486,0x0000,0x0000,0x0000,0x0000,0x0000,0x0000,0x0000,0x0000,
    0xf486,0xf486,0x0000,0x0000,0xf486,0xf486,0x0000,0x0000,0x0000,0x0000,0x0000,0x2945,
    0x2945,0xf486,0xf486,0xf486,0xf486,0x18e3,0x18e3,0x31a6,0x0000,0x0000,0xf486,0xf486,
    0x2945,0x18e3,0xf486,0xf486,0x0000,0x0000,0x0000,0x0000,0x0000,0x0000,0x0000,0x0000,
    0xf486,0xf486,0xf486,0xf486,0xf486,0xf486,0xf486,0x0000,0x0000,0x0000,0x0000,0x0000,
    0x31a6,0xbb85,0xbb85,0x8263,0x8263,0xf486,0x31a6,0x31a6,0xf486,0x0000,0xf486,0xf486,
    0xf486,0xf486,0xf486,0xf486,0xf486,0x0000,0x0000,0x0000,0x0000,0x0000,0x0000,0x0000,
    0x8263,0x8263,0xf486,0xf486,0x8263,0x8263,0xf486,0xf486,0xf486,0xf486,0xf486,0xf486,
    0xbb85,0xbb85,0xbb85,0x8263,0x8263,0xbb85,0xbb85,0xbb85,0xf486,0xf486,0x8263,0x8263,
    0xf486,0xf486,0x8263,0x8263,0xf486,0xf486,0x0000,0x0000,0x0000,0x0000,0x0000,0x0000,
    0x8263,0x8263,0xbb85,0x8263,0x8263,0x8263,0xf486,0xf486,0xf486,0xf486,0xf486,0xf486,
    0xbb85,0xbb85,0xbb85,0xbb85,0xbb85,0xbb85,0xbb85,0xf486,0xf486,0xf486,0x8263,0x8263,
    0xf486,0xbb85,0x8263,0x8263,0x8263,0xf486,0x0000,0x0000,0x0000,0x0000,0x0000,0x0000,
    0x0000,0xbb85,0xbb85,0x8263,0x8263,0x0000,0x8263,0x8263,0x0000,0xf486,0xf486,0xbb85,
    0xbb85,0xbb85,0xbb85,0xbb85,0xbb85,0xbb85,0xbb85,0xf486,0xf486,0x8263,0x31a6,0x31a6,
    0x8263,0xbb85,0xbb85,0x8263,0x8263,0x8263,0x0000,0x0000,0x0000,0x0000,0x0000,0x0000,
    0x0000,0x0000,0x0000,0x0000,0x0000,0x0000,0x8263,0x8263,0x0000,0x8263,0x8263,0xbb85,
    0xbb85,0xbb85,0xbb85,0xbb85,0xbb85,0xbb85,0xbb85,0x8263,0x8263,0x8263,0x18e3,0x31a6,
    0x8263,0x8263,0xbb85,0xbb85,0x8263,0x8263,0xf486,0x0000,0x0000,0x0000,0x0000,0x0000,
    0x0000,0x0000,0x0000,0x0000,0x0000,0x0000,0x0000,0x0000,0x0000,0x8263,0x8263,0x0000,
    0x0000,0xbb85,0xbb85,0xbb85,0xbb85,0xbb85,0xbb85,0x8263,0x8263,0x8263,0x18e3,0x8263,
    0x31a6,0x31a6,0x31a6,0x31a6,0xf486,0xf486,0xf486,0x0000,0x0000,0x0000,0x0000,0x0000,
    0x0000,0x0000,0x0000,0x0000,0x0000,0x0000,0x0000,0x0000,0x0000,0x8263,0x8263,0xf486,
    0xf486,0xf486,0xbb85,0xbb85,0xbb85,0xbb85,0xbb85,0x8263,0x8263,0x8263,0xbb85,0xf486,
    0xf486,0xf486,0xf486,0xf486,0xf486,0x8263,0x8263,0x0000,0x0000,0x0000,0x0000,0x0000,
    0x0000,0x0000,0x0000,0x0000,0x0000,0x0000,0x0000,0x0000,0x0000,0x8263,0x8263,0xf486,
    0xf486,0xf486,0xf486,0xbb85,0xbb85,0xbb85,0xbb85,0x8263,0x8263,0xbb85,0xbb85,0xf486,
    0xf486,0xf486,0xf486,0xf486,0xf486,0x31a6,0x8263,0xf486,0x0000,0x0000,0x0000,0x0000,
    0x0000,0x0000,0x0000,0x0000,0x0000,0x0000,0x0000,0x0000,0x0000,0x8263,0x8263,0x0000,
    0x0000,0x0000,0x0000,0x0000,0xbb85,0xbb85,0xbb85,0xbb85,0xbb85,0xbb85,0x8263,0x8263,
    0x8263,0x8263,0x18e3,0x8263,0x8263,0x31a6,0x8263,0xf486,0x0000,0x0000,0x0000,0x0000,
    0x0000,0x0000,0x0000,0x0000,0x0000,0x0000,0x0000,0x0000,0x0000,0x8263,0x8263,0x0000,
    0xf486,0xf486,0xf486,0xf486,0xf486,0xbb85,0xbb85,0xbb85,0xbb85,0xbb85,0xbb85,0x8263,
    0x8263,0xbb85,0xf486,0x8263,0x8263,0xf486,0xf486,0xf486,0x0000,0x0000,0x0000,0x0000,
    0x0000,0x0000,0x0000,0x0000,0x0000,0x0000,0x0000,0x0000,0x0000,0x8263,0x8263,0x0000,
    0xf486,0xf486,0xf486,0xf486,0xf486,0xf486,0xbb85,0xbb85,0xbb85,0xbb85,0xbb85,0xbb85,
    0xbb85,0xbb85,0xf486,0x8263,0x8263,0xf486,0xf486,0xf486,0x0000,0x0000,0x0000,0x0000,
    0x0000,0x0000,0x0000,0x0000,0x0000,0x0000,0x0000,0x0000,0x0000,0x8263,0x8263,0x0000,
    0x8263,0x8263,0x0000,0x0000,0x0000,0x0000,0x0000,0xbb85,0xbb85,0xbb85,0xbb85,0xbb85,
    0xbb85,0x8263,0x8263,0x8263,0x8263,0x8263,0x8263,0x8263,0x0000,0x0000,0x0000,0x0000,
    0x0000,0x0000,0x0000,0x0000,0x0000,0x0000,0x0000,0x0000,0x0000,0x0000,0x0000,0x0000,
    0x8263,0x8263,0x0000,0xf486,0xf486,0xf486,0xf486,0xf486,0xbb85,0xbb85,0xbb85,0xbb85,
    0xbb85,0xbb85,0x8263,0x8263,0xbb85,0xf486,0x8263,0x8263,0xf486,0xf486,0xf486,0x0000,
    0x0000,0x0000,0x0000,0x0000,0x0000,0x0000,0x0000,0x0000,0x0000,0x0000,0x0000,0x0000,
    0x8263,0x8263,0x0000,0xf486,0xf486,0xf486,0xf486,0xf486,0xf486,0xbb85,0xbb85,0xbb85,
    0xbb85,0xbb85,0xbb85,0xbb85,0xbb85,0xf486,0x8263,0x8263,0xf486,0xf486,0xf486,0x0000,
    0x0000,0x0000,0x0000,0x0000,0x0000,0x0000,0x0000,0x0000,0x0000,0x0000,0x0000,0x0000,
    0x8263,0x8263,0x0000,0x8263,0x8263,0x0000,0x0000,0x0000,0x0000,0x0000,0xbb85,0xbb85,
    0xbb85,0xbb85,0xbb85,0xbb85,0x8263,0x8263,0x8263,0x8263,0x0000,0x8263,0x8263,0x0000,
    0x0000,0x0000,0x0000,0x0000,0x0000,0x0000,0x0000,0x0000,0x0000,0x0000,0x0000,0x0000,
    0x0000,0x0000,0x0000,0x8263,0x8263,0xf486,0x0000,0x0000,0x0000,0x0000,0x0000,0x0000,
    0x0000,0x0000,0x0000,0x0000,0x0000,0x0000,0x0000,0x0000,0x0000,0x8263,0x8263,0xf486,
    0x0000,0x0000,0x0000,0x0000,0x0000,0x0000,0x0000,0x0000,0x0000,0x0000,0x0000,0x0000,
    0x0000,0x0000,0x0000,0x0000,0xf486,0xf486,0x0000,0x0000,0x0000,0x0000,0x0000,0x0000,
    0x0000,0x0000,0x0000,0x0000,0x0000,0x0000,0x0000,0x0000,0x0000,0x0000,0xf486,0xf486,
    0x0000,0x0000,0x0000,0x0000,0x0000,0x0000,0x0000,0x0000,0x0000,0x0000,0x0000,0x0000,
    0x0000,0x0000,0x0000,0x0000,0x8263,0x8263,0x0000,0x0000,0x0000,0x0000,0x0000,0x0000,
    0x0000,0x0000,0x0000,0x0000,0x0000,0x0000,0x0000,0x0000,0x0000,0x0000,0x8263,0x8263,
    0x0000,0x0000,0x0000,0x0000,0x0000,0x0000,0x0000,0x0000,0x0000,0x0000,0x0000,0x0000,
    0x0000,0x0000,0x0000,0x0000,0x8263,0x8263,0x0000,0x0000,0x0000,0x0000,0x0000,0x0000,
    0x0000,0x0000,0x0000,0x0000,0x0000,0x0000,0x0000,0x0000,0x0000,0x0000,0x8263,0x8263,
};
const sprite_t spr_scorpion = { 36, 24, px_scorpion };

static const uint16_t px_tumbleweed[1260] = {
    0x0000,0x0000,0xd3cb,0xd3cb,0xd3cb,0xd3cb,0x0000,0x0000,0x0000,0x0000,0x0000,0x0000,
    0xd3cb,0xd3cb,0xd3cb,0xd3cb,0xd3cb,0xd3cb,0x0000,0x0000,0x0000,0x0000,0xd3cb,0xd3cb,
    0x0000,0x0000,0x0000,0x0000,0x0000,0x0000,0x0000,0x0000,0x0000,0x0000,0x0000,0x0000,
    0x0000,0x0000,0xd3cb,0xd3cb,0xd3cb,0xd3cb,0xd3cb,0xd3cb,0xd3cb,0xd3cb,0xd3cb,0xd3cb,
    0xd3cb,0xd3cb,0xd3cb,0xd3cb,0xd3cb,0xd3cb,0x0000,0x0000,0x0000,0xd3cb,0xd3cb,0xd3cb,
    0xd3cb,0x0000,0x0000,0x0000,0x0000,0x0000,0x0000,0x0000,0x0000,0x0000,0x0000,0x0000,
    0xd3cb,0xd3cb,0x0000,0xd3cb,0xd3cb,0xd3cb,0xd3cb,0xd3cb,0xd3cb,0xd3cb,0xd3cb,0xd3cb,
    0xd3cb,0xd3cb,0xd3cb,0xd3cb,0xd3cb,0xd3cb,0xd3cb,0xd3cb,0x0000,0xd3cb,0xd3cb,0xd3cb,
    0xd3cb,0xd3cb,0x0000,0x0000,0x0000,0x0000,0x0000,0x0000,0x0000,0x0000,0x0000,0x0000,
    0xd3cb,0xd3cb,0x0000,0x0000,0x0000,0xd3cb,0xd3cb,0x7206,0x7206,0xd3cb,0xd3cb,0xd3cb,
    0xd3cb,0xd3cb,0xd3cb,0x7206,0x7206,0xd3cb,0xd3cb,0xd3cb,0x0000,0x7206,0x7206,0xd3cb,
    0xd3cb,0xd3cb,0xd3cb,0xd3cb,0xd3cb,0x0000,0x0000,0x0000,0x0000,0x0000,0x0000,0x0000,
    0x7206,0x7206,0x0000,0x0000,0x0000,0xd3cb,0xd3cb,0x7206,0x7206,0xd3cb,0xd3cb,0xd3cb,
    0xd3cb,0xd3cb,0xd3cb,0x7206,0x7206,0xd3cb,0xd3cb,0x0000,0x0000,0x7206,0x7206,0xd3cb,
    0xd3cb,0xd3cb,0xd3cb,0xd3cb,0xd3cb,0x0000,0x0000,0x0000,0x0000,0x0000,0x0000,0x0000,
    0x7206,0x7206,0x0000,0x0000,0x0000,0x0000,0xd3cb,0x7206,0x7206,0x0000,0x0000,0x0000,
    0xd3cb,0xd3cb,0xd3cb,0xa2e8,0xa2e8,0xd3cb,0xd3cb,0xd3cb,0xd3cb,0xd3cb,0xd3cb,0xd3cb,
    0xd3cb,0xd3cb,0xd3cb,0x0000,0x0000,0xd3cb,0xd3cb,0x0000,0x0000,0x0000,0x0000,0x0000,
    0x7206,0x7206,0x0000,0x0000,0x0000,0x0000,0x0000,0x7206,0x7206,0xd3cb,0x0000,0x0000,
    0x0000,0x0000,0x0000,0xa2e8,0xa2e8,0xd3cb,0xd3cb,0xd3cb,0xd3cb,0xd3cb,0xd3cb,0xd3cb,
    0xd3cb,0xd3cb,0xd3cb,0x0000,0x0000,0xd3cb,0xd3cb,0xd3cb,0x0000,0x0000,0x0000,0x0000,
    0x7206,0x7206,0xd3cb,0x0000,0x0000,0x0000,0x0000,0xa2e8,0xa2e8,0xd3cb,0xd3cb,0xd3cb,
    0xd3cb,0x0000,0x0000,0xd3cb,0xd3cb,0xd3cb,0xd3cb,0x7206,0x7206,0xd3cb,0xd3cb,0x0000,
    0xd3cb,0xd3cb,0xd3cb,0xd3cb,0xd3cb,0x7206,0x7206,0xd3cb,0xd3cb,0x0000,0x0000,0x0000,
    0x0000,0xd3cb,0xd3cb,0xd3cb,0x0000,0x0000,0x0000,0xa2e8,0xa2e8,0xd3cb,0xd3cb,0xd3cb,
    0xd3cb,0x0000,0x0000,0xd3cb,0xd3cb,0xd3cb,0xd3cb,0x7206,0x7206,0xd3cb,0xd3cb,0x0000,
    0x0000,0xd3cb,0xd3cb,0xd3cb,0xd3cb,0x7206,0x7206,0xd3cb,0xd3cb,0x0000,0x0000,0x0000,
    0x0000,0xd3cb,0xd3cb,0xd3cb,0xd3cb,0x0000,0x0000,0xd3cb,0xd3cb,0xd3cb,0xd3cb,0x7206,
    0x7206,0xd3cb,0xd3cb,0xd3cb,0xd3cb,0xd3cb,0xd3cb,0x7206,0x7206,0xd3cb,0xd3cb,0x0000,
    0x0000,0x0000,0xd3cb,0xd3cb,0xd3cb,0x7206,0x7206,0x0000,0x0000,0x0000,0x0000,0x0000,
    0xd3cb,0xd3cb,0xd3cb,0xd3cb,0xd3cb,0x0000,0x0000,0xd3cb,0xd3cb,0xd3cb,0xd3cb,0x7206,
    0x7206,0xd3cb,0xd3cb,0xd3cb,0xd3cb,0xd3cb,0xd3cb,0x7206,0x7206,0xd3cb,0xd3cb,0x0000,
    0x0000,0x0000,0xd3cb,0xd3cb,0xd3cb,0x7206,0x7206,0x0000,0x0000,0x0000,0x0000,0x0000,
    0xd3cb,0xd3cb,0x0000,0x7206,0x7206,0x0000,0x0000,0x7206,0x7206,0x0000,0xd3cb,0xa2e8,
    0xa2e8,0xd3cb,0xd3cb,0xd3cb,0xd3cb,0xd3cb,0xd3cb,0x7206,0x7206,0x7206,0x7206,0x0000,
    0x0000,0x0000,0xd3cb,0xd3cb,0xd3cb,0x7206,0x7206,0x0000,0x0000,0x0000,0x0000,0x0000,
    0x7206,0x7206,0x0000,0x7206,0x7206,0x0000,0x0000,0x7206,0x7206,0x0000,0x7206,0xa2e8,
    0xa2e8,0xd3cb,0xd3cb,0xd3cb,0xd3cb,0xd3cb,0xd3cb,0x7206,0x7206,0x7206,0x7206,0x0000,
    0x0000,0x0000,0x7206,0x7206,0xd3cb,0xd3cb,0x7206,0x0000,0xd3cb,0xd3cb,0x0000,0x0000,
    0x7206,0x7206,0x0000,0xa2e8,0xa2e8,0xd3cb,0xd3cb,0xd3cb,0xd3cb,0x0000,0x7206,0x7206,
    0x0000,0x0000,0x0000,0x0000,0x0000,0x0000,0x0000,0x7206,0x7206,0x0000,0x0000,0xd3cb,
    0xd3cb,0x0000,0x7206,0x7206,0xd3cb,0xd3cb,0x7206,0x0000,0xd3cb,0xd3cb,0xd3cb,0x0000,
    0x7206,0x7206,0x0000,0xa2e8,0xa2e8,0xd3cb,0xd3cb,0xd3cb,0xd3cb,0xd3cb,0x0000,0x0000,
    0x0000,0x0000,0x0000,0x0000,0x0000,0x0000,0x0000,0x7206,0x7206,0x0000,0x0000,0xd3cb,
    0xd3cb,0xd3cb,0x7206,0x7206,0x0000,0x7206,0x7206,0x0000,0xd3cb,0xd3cb,0xd3cb,0xd3cb,
    0x7206,0x7206,0xd3cb,0x0000,0xd3cb,0xd3cb,0xd3cb,0x7206,0x7206,0xd3cb,0xd3cb,0x0000,
    0x0000,0x0000,0x0000,0x0000,0x0000,0x0000,0x0000,0x7206,0x7206,0x0000,0x0000,0x7206,
    0xd3cb,0xd3cb,0xd3cb,0x7206,0x0000,0x0000,0x0000,0x0000,0xd3cb,0xd3cb,0xd3cb,0xd3cb,
    0x0000,0xd3cb,0xd3cb,0xd3cb,0x0000,0xd3cb,0xd3cb,0x7206,0x7206,0xd3cb,0xd3cb,0x0000,
    0x0000,0x0000,0x0000,0x0000,0x0000,0x0000,0x0000,0x7206,0x7206,0x0000,0x0000,0x7206,
    0x7206,0x7206,0xd3cb,0x7206,0x0000,0x0000,0x0000,0x0000,0x7206,0x7206,0x0000,0x0000,
    0x0000,0x0000,0xd3cb,0xd3cb,0x0000,0x0000,0xd3cb,0xa2e8,0xa2e8,0xd3cb,0xd3cb,0xd3cb,
    0xd3cb,0xd3cb,0xd3cb,0xd3cb,0xd3cb,0xd3cb,0xd3cb,0x7206,0x7206,0xd3cb,0xd3cb,0x7206,
    0x7206,0x7206,0x7206,0x7206,0x0000,0x0000,0x0000,0x0000,0x7206,0x7206,0x0000,0x0000,
    0x0000,0x0000,0x7206,0x7206,0x0000,0x0000,0x7206,0xa2e8,0xa2e8,0xd3cb,0xd3cb,0xd3cb,
    0xd3cb,0xd3cb,0xd3cb,0xd3cb,0xd3cb,0xd3cb,0xd3cb,0x7206,0x7206,0xd3cb,0xd3cb,0x7206,
    0x7206,0x7206,0x0000,0x0000,0xd3cb,0xd3cb,0xd3cb,0xd3cb,0x7206,0x7206,0x0000,0x0000,
    0x0000,0x0000,0x7206,0x7206,0x0000,0x0000,0x7206,0x7206,0x0000,0x7206,0x7206,0x0000,
    0x0000,0x0000,0x0000,0x0000,0xd3cb,0xa2e8,0xa2e8,0x7206,0x7206,0x0000,0x0000,0xd3cb,
    0xd3cb,0x7206,0x0000,0x0000,0xd3cb,0xd3cb,0xd3cb,0xd3cb,0xd3cb,0x7206,0x0000,0x0000,
    0x0000,0x0000,0x7206,0x7206,0x0000,0x0000,0x7206,0x7206,0x0000,0x7206,0x7206,0x0000,
    0x0000,0x0000,0x0000,0x0000,0xd3cb,0xa2e8,0xa2e8,0x7206,0x7206,0x0000,0x0000,0xd3cb,
    0xd3cb,0x0000,0x0000,0x0000,0x7206,0x7206,0x0000,0xd3cb,0xd3cb,0xd3cb,0x0000,0x0000,
    0x0000,0x0000,0x7206,0x7206,0x0000,0x0000,0x7206,0x7206,0x0000,0x7206,0x7206,0x0000,
    0x0000,0x0000,0x0000,0x0000,0xd3cb,0xd3cb,0xd3cb,0xd3cb,0xd3cb,0xd3cb,0xd3cb,0xd3cb,
    0xd3cb,0x0000,0x0000,0x0000,0x7206,0x7206,0x0000,0x0000,0xd3cb,0xd3cb,0x0000,0x0000,
    0x0000,0x0000,0x7206,0x7206,0xd3cb,0xd3cb,0xd3cb,0xd3cb,0xd3cb,0xd3cb,0xd3cb,0xd3cb,
    0x0000,0x0000,0xd3cb,0xd3cb,0x7206,0x7206,0xd3cb,0xd3cb,0xd3cb,0xd3cb,0xd3cb,0xd3cb,
    0xd3cb,0xd3cb,0x0000,0x0000,0x7206,0x7206,0x0000,0x0000,0x7206,0x7206,0x0000,0x0000,
    0x0000,0x0000,0x7206,0x7206,0xd3cb,0xd3cb,0xd3cb,0xd3cb,0xd3cb,0xd3cb,0xd3cb,0xd3cb,
    0x0000,0x0000,0xd3cb,0xd3cb,0x7206,0x7206,0xa2e8,0xa2e8,0xa2e8,0xa2e8,0xa2e8,0x7206,
    0x7206,0xd3cb,0x0000,0x0000,0x7206,0x7206,0x0000,0xd3cb,0xd3cb,0x7206,0xd3cb,0x0000,
    0x0000,0x0000,0x0000,0x0000,0x0000,0xd3cb,0xd3cb,0xd3cb,0xd3cb,0xd3cb,0xd3cb,0xd3cb,
    0x0000,0x0000,0x0000,0xd3cb,0xd3cb,0xa2e8,0xa2e8,0xa2e8,0xa2e8,0xa2e8,0xa2e8,0x7206,
    0x7206,0x7206,0x0000,0x0000,0x7206,0x7206,0x0000,0xd3cb,0xd3cb,0x7206,0xd3cb,0x0000,
    0x0000,0x0000,0x0000,0x0000,0x0000,0x0000,0xd3cb,0xd3cb,0xd3cb,0xd3cb,0xd3cb,0xd3cb,
    0xd3cb,0x0000,0x0000,0x7206,0xd3cb,0xd3cb,0xa2e8,0xa2e8,0xa2e8,0xa2e8,0xd3cb,0xd3cb,
    0x7206,0x7206,0xd3cb,0xd3cb,0x7206,0x7206,0x0000,0x7206,0x7206,0x7206,0x0000,0x0000,
    0x0000,0x0000,0x0000,0x0000,0x0000,0x0000,0x0000,0xd3cb,0xd3cb,0x7206,0x7206,0xd3cb,
    0xd3cb,0xd3cb,0x0000,0x7206,0x7206,0x0000,0x0000,0x0000,0x0000,0xa2e8,0xa2e8,0xd3cb,
    0xd3cb,0xd3cb,0xd3cb,0xd3cb,0x7206,0x7206,0x0000,0x7206,0x7206,0x0000,0x0000,0x0000,
    0x0000,0x0000,0x0000,0x0000,0x0000,0x0000,0x0000,0x0000,0x7206,0x7206,0x7206,0x7206,
    0xd3cb,0xd3cb,0xd3cb,0xd3cb,0xd3cb,0xd3cb,0xd3cb,0xd3cb,0xd3cb,0x7206,0x7206,0x0000,
    0xd3cb,0xd3cb,0xd3cb,0x0000,0x7206,0x7206,0x0000,0x7206,0x7206,0x0000,0x0000,0x0000,
    0x0000,0x0000,0x0000,0x0000,0x0000,0x0000,0x0000,0x0000,0x7206,0x7206,0x0000,0x0000,
    0x0000,0xd3cb,0xd3cb,0xd3cb,0xd3cb,0xd3cb,0xd3cb,0xd3cb,0xd3cb,0x7206,0x7206,0x0000,
    0x0000,0xd3cb,0xd3cb,0xd3cb,0x7206,0x7206,0x0000,0x7206,0x7206,0x0000,0x0000,0x0000,
    0x0000,0x0000,0x0000,0x0000,0x0000,0x0000,0x0000,0x0000,0x7206,0x7206,0x0000,0xd3cb,
    0xd3cb,0xd3cb,0xd3cb,0xd3cb,0xd3cb,0xd3cb,0xd3cb,0x0000,0x0000,0x7206,0x7206,0xd3cb,
    0xd3cb,0xd3cb,0xd3cb,0xd3cb,0xd3cb,0x7206,0x0000,0x0000,0x0000,0x0000,0x0000,0x0000,
    0x0000,0x0000,0x0000,0x0000,0x0000,0x0000,0x0000,0x0000,0x0000,0x0000,0xd3cb,0xd3cb,
    0xd3cb,0xd3cb,0xd3cb,0xd3cb,0xd3cb,0xd3cb,0xd3cb,0x0000,0x0000,0x7206,0x7206,0xd3cb,
    0xd3cb,0xd3cb,0xd3cb,0xd3cb,0xd3cb,0x0000,0x0000,0x0000,0x0000,0x0000,0x0000,0x0000,
    0x0000,0x0000,0x0000,0x0000,0x0000,0x0000,0x0000,0x0000,0x0000,0x0000,0xd3cb,0xd3cb,
    0x0000,0x0000,0x0000,0x0000,0x0000,0x0000,0x0000,0x0000,0x0000,0x7206,0x7206,0x0000,
    0xd3cb,0xd3cb,0xd3cb,0x0000,0x0000,0x0000,0x0000,0x0000,0x0000,0x0000,0x0000,0x0000,
    0x0000,0x0000,0x0000,0x0000,0x0000,0x0000,0x0000,0x0000,0x0000,0x0000,0x0000,0x0000,
    0x0000,0x0000,0x0000,0x0000,0x0000,0x0000,0x0000,0x0000,0x0000,0x7206,0x7206,0x0000,
    0xd3cb,0xd3cb,0xd3cb,0xd3cb,0x0000,0x0000,0x0000,0x0000,0x0000,0x0000,0x0000,0x0000,
    0x0000,0x0000,0x0000,0x0000,0x0000,0x0000,0x0000,0x0000,0x0000,0x0000,0x0000,0x0000,
    0x0000,0x0000,0x0000,0x0000,0x0000,0xd3cb,0xd3cb,0xd3cb,0xd3cb,0x7206,0x7206,0x0000,
    0xd3cb,0xd3cb,0xd3cb,0xd3cb,0x0000,0x0000,0x0000,0x0000,0x0000,0x0000,0x0000,0x0000,
    0x0000,0x0000,0x0000,0x0000,0x0000,0x0000,0x0000,0x0000,0x0000,0x0000,0x0000,0x0000,
    0x0000,0x0000,0x0000,0x0000,0x0000,0xd3cb,0xd3cb,0xd3cb,0xd3cb,0x7206,0x7206,0x0000,
    0x0000,0x0000,0x0000,0x0000,0x0000,0x0000,0x0000,0x0000,0x0000,0x0000,0x0000,0x0000,
};
const sprite_t spr_tumbleweed = { 36, 35, px_tumbleweed };

static const uint16_t px_tree_green_far[8436] = {
    0x0000,0x0000,0x0000,0x0000,0x0000,0x0000,0x0000,0x0000,0x0000,0x0000,0x0000,0xb7c6,
    0xb7c6,0xb7c6,0xb7c6,0xb7c6,0xb7c6,0xb7c6,0xb7c6,0xb7c6,0xb7c6,0xb7c6,0xb7c6,0xb7c6,
    0xb7c6,0xb7c6,0xb7c6,0xb7c6,0xb7c6,0xb7c6,0xb7c6,0xb7c6,0xb7c6,0xb7c6,0xb7c6,0x0000,
    0x0000,0x0000,0x0000,0x0000,0x0000,0x0000,0x0000,0x0000,0x0000,0x0000,0x0000,0x0000,
    0x0000,0x0000,0x0000,0x0000,0x0000,0x0000,0x0000,0x0000,0x0000,0x0000,0x0000,0x0000,
    0x0000,0x0000,0x0000,0x0000,0x0000,0x0000,0x0000,0x0000,0x0000,0x0000,0x0000,0x0000,
    0x0000,0x0000,0x0000,0x0000,0x0000,0x0000,0x0000,0x0000,0x0000,0x0000,0x0000,0x0000,
    0x0000,0x0000,0x0000,0xb7c6,0xb7c6,0xb7c6,0xb7c6,0xb7c6,0xb7c6,0xb7c6,0xb7c6,0xb7c6,
    0xb7c6,0xb7c6,0xb7c6,0xb7c6,0xb7c6,0xb7c6,0xb7c6,0xb7c6,0xb7c6,0xb7c6,0xb7c6,0xb7c6,
    0xb7c6,0xb7c6,0xb7c6,0xb7c6,0x0000,0x0000,0x0000,0x0000,0x0000,0x0000,0x0000,0x0000,
    0x0000,0x0000,0x0000,0x0000,0x0000,0x0000,0x0000,0x0000,0x0000,0x0000,0x0000,0x0000,
    0x0000,0x0000,0x0000,0x0000,0x0000,0x0000,0x0000,0x0000,0x0000,0x0000,0x0000,0x0000,
    0x0000,0x0000,0x0000,0x0000,0x0000,0x0000,0x0000,0x0000,0x0000,0x0000,0x0000,0x0000,
    0x0000,0x0000,0x0000,0x0000,0x0000,0x0000,0x0000,0x8e04,0x8e04,0x8e04,0x8e04,0x8e04,
    0x8e04,0x8e04,0x8e04,0x8e04,0x8e04,0x8e04,0x8e04,0x8e04,0x8e04,0x8e04,0x8e04,0x8e04,
    0x8e04,0x8e04,0x8e04,0x8e04,0x8e04,0x5c23,0x5c23,0xb7c6,0xb7c6,0x0000,0x0000,0x0000,
    0x0000,0x0000,0x0000,0x0000,0x0000,0x0000,0x0000,0x0000,0x0000,0x0000,0x0000,0x0000,
    0x0000,0x0000,0x0000,0x0000,0x0000,0x0000,0x0000,0x0000,0x0000,0x0000,0x0000,0x0000,
    0x0000,0x0000,0x0000,0x0000,0x0000,0x0000,0x0000,0x0000,0x0000,0x0000,0x0000,0x0000,
    0x0000,0x0000,0x0000,0x0000,0x0000,0x0000,0x0000,0x0000,0x0000,0x0000,0x0000,0x8e04,
    0x8e04,0x8e04,0x8e04,0x8e04,0x8e04,0x8e04,0x8e04,0x8e04,0x8e04,0x8e04,0x8e04,0x8e04,
    0x8e04,0x8e04,0x8e04,0x8e04,0x8e04,0x8e04,0x8e04,0x8e04,0x8e04,0x5c23,0x5c23,0x5c23,
    0xb7c6,0xb7c6,0x0000,0x0000,0x0000,0x0000,0x0000,0x0000,0x0000,0x0000,0x0000,0x0000,
    0x0000,0x0000,0x0000,0x0000,0x0000,0x0000,0x0000,0x0000,0x0000,0x0000,0x0000,0x0000,
    0x0000,0x0000,0x0000,0x0000,0x0000,0x0000,0x0000,0x0000,0x0000,0x0000,0x0000,0x0000,
    0x0000,0x0000,0x0000,0x0000,0x0000,0x0000,0x0000,0x0000,0x0000,0x0000,0x0000,0x0000,
    0x0000,0x0000,0x0000,0x8e04,0x8e04,0x8e04,0x8e04,0x8e04,0x8e04,0x8e04,0x8e04,0x8e04,
    0x8e04,0x8e04,0x8e04,0x8e04,0x8e04,0x8e04,0x8e04,0x8e04,0x8e04,0x8e04,0x8e04,0x8e04,
    0x8e04,0x5c23,0x5c23,0x5c23,0x5c23,0xb7c6,0xb7c6,0x0000,0x0000,0x0000,0x0000,0x0000,
    0x0000,0x0000,0x0000,0x0000,0x0000,0x0000,0x0000,0x0000,0x0000,0x0000,0x0000,0x0000,
    0x0000,0x0000,0x0000,0x0000,0x0000,0x0000,0x0000,0x0000,0x0000,0x0000,0x0000,0x0000,
    0x0000,0x0000,0x0000,0x0000,0x0000,0x0000,0x0000,0x0000,0x0000,0x0000,0x0000,0x0000,
    0x0000,0x0000,0x0000,0x0000,0x0000,0x0000,0x0000,0x8e04,0x8e04,0x8e04,0x8e04,0x8e04,
    0x8e04,0x8e04,0x8e04,0x8e04,0x8e04,0x8e04,0x8e04,0x8e04,0x8e04,0x8e04,0x8e04,0x8e04,
    0x8e04,0x8e04,0x8e04,0x8e04,0x8e04,0x5c23,0x5c23,0x5c23,0x5c23,0x5c23,0xb7c6,0xb7c6,
    0x0000,0x0000,0x0000,0x0000,0x0000,0x0000,0x0000,0x0000,0x0000,0x0000,0x0000,0x0000,
    0x0000,0x0000,0x0000,0x0000,0x0000,0x0000,0x0000,0x0000,0x0000,0x0000,0x0000,0x0000,
    0x0000,0x0000,0x0000,0x0000,0x0000,0x0000,0x0000,0x0000,0x0000,0x0000,0x0000,0x0000,
    0x0000,0x0000,0x0000,0x0000,0x0000,0x0000,0x0000,0x0000,0x0000,0x0000,0x0000,0x8e04,
    0x8e04,0x8e04,0x8e04,0x8e04,0x8e04,0x8e04,0x8e04,0x8e04,0x8e04,0x8e04,0x8e04,0x8e04,
    0x8e04,0x8e04,0x8e04,0x8e04,0x8e04,0x8e04,0x8e04,0x8e04,0x8e04,0x5c23,0x5c23,0x5c23,
    0x5c23,0x5c23,0x5c23,0xb7c6,0xb7c6,0x0000,0x0000,0x0000,0x0000,0x0000,0x0000,0x0000,
    0x0000,0x0000,0x0000,0x0000,0x0000,0x0000,0x0000,0x0000,0x0000,0x0000,0x0000,0x0000,
    0x0000,0x0000,0x0000,0x0000,0x0000,0x0000,0x0000,0x0000,0x0000,0x0000,0x0000,0x0000,
    0x0000,0x0000,0x0000,0x0000,0x0000,0x0000,0x0000,0x0000,0x0000,0x0000,0x0000,0x0000,
    0x0000,0x0000,0x0000,0x8e04,0x8e04,0x8e04,0x8e04,0x8e04,0x8e04,0x8e04,0x8e04,0x8e04,
    0x8e04,0x8e04,0x8e04,0x8e04,0x8e04,0x8e04,0x8e04,0x8e04,0x8e04,0x8e04,0x8e04,0x8e04,
    0x8e04,0x5c23,0x5c23,0x5c23,0x5c23,0x5c23,0x5c23,0x5c23,0xb7c6,0xb7c6,0x0000,0x0000,
    0x0000,0x0000,0x0000,0x0000,0x0000,0x0000,0x0000,0x0000,0x0000,0x0000,0x0000,0x0000,
    0x0000,0x0000,0x0000,0x0000,0x0000,0x0000,0x0000,0x0000,0x0000,0x0000,0x0000,0x0000,
    0x0000,0x0000,0x0000,0x0000,0x0000,0x0000,0x0000,0x0000,0x0000,0x0000,0x0000,0x0000,
    0x0000,0x0000,0x0000,0x0000,0x0000,0x0000,0x0000,0x8e04,0x8e04,0x8e04,0x8e04,0x8e04,
    0x8e04,0x8e04,0x8e04,0x8e04,0x8e04,0x8e04,0x8e04,0x8e04,0x8e04,0x8e04,0x8e04,0x8e04,
    0x8e04,0x8e04,0x8e04,0x8e04,0x8e04,0x5c23,0x5c23,0x5c23,0x5c23,0x5c23,0x5c23,0x5c23,
    0x8e04,0xb7c6,0xb7c6,0xb7c6,0xb7c6,0x0000,0x0000,0x0000,0x0000,0x0000,0x0000,0x0000,
    0x0000,0x0000,0x0000,0x0000,0x0000,0x0000,0x0000,0x0000,0x0000,0x0000,0x0000,0x0000,
    0x0000,0x0000,0x0000,0x0000,0x0000,0x0000,0x0000,0x0000,0x0000,0x0000,0x0000,0x0000,
    0xb7c6,0xb7c6,0xb7c6,0xb7c6,0xb7c6,0xb7c6,0xb7c6,0xb7c6,0xb7c6,0xb7c6,0xb7c6,0xb7c6,
    0xb7c6,0xb7c6,0xb7c6,0xb7c6,0xb7c6,0xb7c6,0xb7c6,0xb7c6,0xb7c6,0xb7c6,0xb7c6,0xb7c6,
    0xb7c6,0xb7c6,0xb7c6,0xb7c6,0x8e04,0x8e04,0x8e04,0x8e04,0x8e04,0x5c23,0x5c23,0x5c23,
    0x5c23,0x8e04,0xb7c6,0xb7c6,0xb7c6,0xb7c6,0xb7c6,0xb7c6,0xb7c6,0xb7c6,0xb7c6,0xb7c6,
    0xb7c6,0xb7c6,0xb7c6,0xb7c6,0xb7c6,0xb7c6,0xb7c6,0xb7c6,0xb7c6,0xb7c6,0xb7c6,0xb7c6,
    0xb7c6,0xb7c6,0xb7c6,0xb7c6,0x0000,0x0000,0x0000,0x0000,0x0000,0x0000,0x0000,0x0000,
    0x0000,0x0000,0x0000,0x0000,0xb7c6,0xb7c6,0xb7c6,0xb7c6,0xb7c6,0xb7c6,0xb7c6,0xb7c6,
    0xb7c6,0xb7c6,0xb7c6,0xb7c6,0xb7c6,0xb7c6,0xb7c6,0xb7c6,0xb7c6,0xb7c6,0xb7c6,0xb7c6,
    0xb7c6,0xb7c6,0xb7c6,0xb7c6,0xb7c6,0xb7c6,0xb7c6,0xb7c6,0xb7c6,0x8e04,0x8e04,0x8e04,
    0x8e04,0x5c23,0x5c23,0x5c23,0x5c23,0x8e04,0xb7c6,0xb7c6,0xb7c6,0xb7c6,0xb7c6,0xb7c6,
    0xb7c6,0xb7c6,0xb7c6,0xb7c6,0xb7c6,0xb7c6,0xb7c6,0xb7c6,0xb7c6,0xb7c6,0xb7c6,0xb7c6,
    0xb7c6,0xb7c6,0xb7c6,0xb7c6,0xb7c6,0xb7c6,0xb7c6,0xb7c6,0xb7c6,0x0000,0x0000,0x0000,
    0x0000,0x0000,0x0000,0x0000,0x0000,0x0000,0x0000,0x0000,0x8e04,0x8e04,0x8e04,0x8e04,
    0x8e04,0x8e04,0x8e04,0x8e04,0x8e04,0x8e04,0x8e04,0x8e04,0x8e04,0x8e04,0x8e04,0x8e04,
    0x8e04,0x8e04,0x8e04,0x8e04,0x8e04,0x8e04,0x8e04,0x8e04,0x8e04,0x8e04,0x5c23,0x5c23,
    0xb7c6,0xb7c6,0x8e04,0x8e04,0x8e04,0x5c23,0x5c23,0x5c23,0x5c23,0x8e04,0x8e04,0x8e04,
    0x8e04,0x8e04,0x8e04,0x8e04,0x8e04,0x8e04,0x8e04,0x8e04,0x8e04,0x8e04,0x8e04,0x8e04,
    0x8e04,0x8e04,0x8e04,0x8e04,0x8e04,0x8e04,0x8e04,0x8e04,0x8e04,0x8e04,0x5c23,0x5c23,
    0xb7c6,0xb7c6,0x0000,0x0000,0x0000,0x0000,0x0000,0x0000,0x0000,0x0000,0x0000,0x0000,
    0x8e04,0x8e04,0x8e04,0x8e04,0x8e04,0x8e04,0x8e04,0x8e04,0x8e04,0x8e04,0x8e04,0x8e04,
    0x8e04,0x8e04,0x8e04,0x8e04,0x8e04,0x8e04,0x8e04,0x8e04,0x8e04,0x8e04,0x8e04,0x8e04,
    0x8e04,0x8e04,0x5c23,0x5c23,0x5c23,0xb7c6,0xb7c6,0x8e04,0x8e04,0x5c23,0x5c23,0x5c23,
    0x5c23,0x8e04,0x8e04,0x8e04,0x8e04,0x8e04,0x8e04,0x8e04,0x8e04,0x8e04,0x8e04,0x8e04,
    0x8e04,0x8e04,0x8e04,0x8e04,0x8e04,0x8e04,0x8e04,0x8e04,0x8e04,0x8e04,0x8e04,0x8e04,
    0x8e04,0x8e04,0x5c23,0x5c23,0x5c23,0xb7c6,0xb7c6,0x0000,0x0000,0x0000,0x0000,0x0000,
    0x0000,0x0000,0x0000,0x0000,0x8e04,0x8e04,0x8e04,0x8e04,0x8e04,0x8e04,0x8e04,0x8e04,
    0x8e04,0x8e04,0x8e04,0x8e04,0x8e04,0x8e04,0x8e04,0x8e04,0x8e04,0x8e04,0x8e04,0x8e04,
    0x8e04,0x8e04,0x8e04,0x8e04,0x8e04,0x8e04,0x5c23,0x5c23,0x5c23,0x5c23,0xb7c6,0xb7c6,
    0x8e04,0x5c23,0x5c23,0x5c23,0x5c23,0x8e04,0x8e04,0x8e04,0x8e04,0x8e04,0x8e04,0x8e04,
    0x8e04,0x8e04,0x8e04,0x8e04,0x8e04,0x8e04,0x8e04,0x8e04,0x8e04,0x8e04,0x8e04,0x8e04,
    0x8e04,0x8e04,0x8e04,0x8e04,0x8e04,0x8e04,0x5c23,0x5c23,0x5c23,0x5c23,0xb7c6,0xb7c6,
    0x0000,0x0000,0x0000,0x0000,0x0000,0x0000,0x0000,0x0000,0x8e04,0x8e04,0x8e04,0x8e04,
    0x8e04,0x8e04,0x8e04,0x8e04,0x8e04,0x8e04,0x8e04,0x8e04,0x8e04,0x8e04,0x8e04,0x8e04,
    0x8e04,0x8e04,0x8e04,0x8e04,0x8e04,0x8e04,0x8e04,0x8e04,0x8e04,0x8e04,0x5c23,0x5c23,
    0x5c23,0x5c23,0x5c23,0xb7c6,0x8e04,0x5c23,0x5c23,0x5c23,0x5c23,0x8e04,0x8e04,0x8e04,
    0x8e04,0x8e04,0x8e04,0x8e04,0x8e04,0x8e04,0x8e04,0x8e04,0x8e04,0x8e04,0x8e04,0x8e04,
    0x8e04,0x8e04,0x8e04,0x8e04,0x8e04,0x8e04,0x8e04,0x8e04,0x8e04,0x8e04,0x5c23,0x5c23,
    0x5c23,0x5c23,0x5c23,0xb7c6,0xb7c6,0x0000,0x0000,0x0000,0x0000,0x0000,0x0000,0x0000,
    0x8e04,0x8e04,0x8e04,0x8e04,0x8e04,0x8e04,0x8e04,0x8e04,0x8e04,0x8e04,0x8e04,0x8e04,
    0x8e04,0x8e04,0x8e04,0x8e04,0x8e04,0x8e04,0x8e04,0x8e04,0x8e04,0x8e04,0x8e04,0x8e04,
    0x8e04,0x8e04,0x5c23,0x5c23,0x5c23,0x5c23,0x5c23,0x5c23,0x8e04,0x5c23,0x5c23,0x5c23,
    0x5c23,0x8e04,0x8e04,0x8e04,0x8e04,0x8e04,0x8e04,0x8e04,0x8e04,0x8e04,0x8e04,0x8e04,
    0x8e04,0x8e04,0x8e04,0x8e04,0x8e04,0x8e04,0x8e04,0x8e04,0x8e04,0x8e04,0x8e04,0x8e04,
    0x8e04,0x8e04,0x5c23,0x5c23,0x5c23,0x5c23,0x5c23,0x5c23,0xb7c6,0xb7c6,0x0000,0x0000,
    0x0000,0x0000,0x0000,0x0000,0x8e04,0x8e04,0x8e04,0x8e04,0x8e04,0x8e04,0x8e04,0x8e04,
    0x8e04,0x8e04,0x8e04,0x8e04,0x8e04,0x8e04,0x8e04,0x8e04,0x8e04,0x8e04,0x8e04,0x8e04,
    0x8e04,0x8e04,0x8e04,0x8e04,0x8e04,0x8e04,0x5c23,0x5c23,0x5c23,0x5c23,0x5c23,0x5c23,
    0x8e04,0x5c23,0x5c23,0x5c23,0x5c23,0x8e04,0x8e04,0x8e04,0x8e04,0x8e04,0x8e04,0x8e04,
    0x8e04,0x8e04,0x8e04,0x8e04,0x8e04,0x8e04,0x8e04,0x8e04,0x8e04,0x8e04,0x8e04,0x8e04,
    0x8e04,0x8e04,0x8e04,0x8e04,0x8e04,0x8e04,0x5c23,0x5c23,0x5c23,0x5c23,0x5c23,0x5c23,
    0x5c23,0xb7c6,0xb7c6,0x0000,0x0000,0x0000,0x0000,0x0000,0x8e04,0x8e04,0x8e04,0x8e04,
    0x8e04,0x8e04,0x8e04,0x8e04,0x8e04,0x8e04,0x8e04,0x8e04,0x8e04,0x8e04,0x8e04,0x8e04,
    0x8e04,0x8e04,0x8e04,0x8e04,0x8e04,0x8e04,0x8e04,0x8e04,0x8e04,0x8e04,0x5c23,0x5c23,
    0x5c23,0x5c23,0x5c23,0x5c23,0x8e04,0x5c23,0x5c23,0x5c23,0x5c23,0x8e04,0x8e04,0x8e04,
    0x8e04,0x8e04,0x8e04,0x8e04,0x8e04,0x8e04,0x8e04,0x8e04,0x8e04,0x8e04,0x8e04,0x8e04,
    0x8e04,0x8e04,0x8e04,0x8e04,0x8e04,0x8e04,0x8e04,0x8e04,0x8e04,0x8e04,0x5c23,0x5c23,
    0x5c23,0x5c23,0x5c23,0x5c23,0x5c23,0x5c23,0xb7c6,0xb7c6,0x0000,0x0000,0x0000,0x0000,
    0x8e04,0x8e04,0x8e04,0x8e04,0x8e04,0x8e04,0x8e04,0x8e04,0x8e04,0x8e04,0x8e04,0x8e04,
    0x8e04,0x8e04,0x8e04,0x8e04,0x8e04,0x8e04,0x8e04,0x8e04,0x8e04,0x8e04,0x8e04,0x8e04,
    0x8e04,0x8e04,0x5c23,0x5c23,0x5c23,0x5c23,0x5c23,0x5c23,0x8e04,0x5c23,0x5c23,0x5c23,
    0x5c23,0x8e04,0x8e04,0x8e04,0x8e04,0x8e04,0x8e04,0x8e04,0x8e04,0x8e04,0x8e04,0x8e04,
    0x8e04,0x8e04,0x8e04,0x8e04,0x8e04,0x8e04,0x8e04,0x8e04,0x8e04,0x8e04,0x8e04,0x8e04,
    0x8e04,0x8e04,0x5c23,0x5c23,0x5c23,0x5c23,0x5c23,0x5c23,0x5c23,0x5c23,0x5c23,0xb7c6,
    0xb7c6,0x0000,0x0000,0x0000,0x8e04,0x8e04,0x8e04,0x8e04,0x8e04,0x8e04,0x8e04,0x8e04,
    0x8e04,0x8e04,0x8e04,0x8e04,0x8e04,0x8e04,0x8e04,0x8e04,0x8e04,0x8e04,0x8e04,0x8e04,
    0x8e04,0x8e04,0x8e04,0x8e04,0x8e04,0x8e04,0x5c23,0x5c23,0x5c23,0x5c23,0x5c23,0x5c23,
    0x8e04,0x5c23,0x5c23,0x5c23,0x5c23,0x8e04,0x8e04,0x8e04,0x8e04,0x8e04,0x8e04,0x8e04,
    0x8e04,0x8e04,0x8e04,0x8e04,0x8e04,0x8e04,0x8e04,0x8e04,0x8e04,0x8e04,0x8e04,0x8e04,
    0x8e04,0x8e04,0x8e04,0x8e04,0x8e04,0x8e04,0x5c23,0x5c23,0x5c23,0x5c23,0x5c23,0x5c23,
    0x5c23,0x5c23,0x5c23,0x5c23,0xb7c6,0xb7c6,0x0000,0x0000,0x8e04,0x8e04,0x8e04,0x8e04,
    0x8e04,0x8e04,0x8e04,0x8e04,0x8e04,0x8e04,0x8e04,0x8e04,0x8e04,0x8e04,0x8e04,0x8e04,
    0x8e04,0x8e04,0x8e04,0x8e04,0x8e04,0x8e04,0x8e04,0x8e04,0x8e04,0x8e04,0x5c23,0x5c23,
    0x5c23,0x5c23,0x5c23,0x5c23,0x5c23,0x8e04,0x5c23,0x5c23,0x5c23,0x8e04,0x8e04,0x8e04,
    0x8e04,0x8e04,0x8e04,0x8e04,0x8e04,0x8e04,0x8e04,0x8e04,0x8e04,0x8e04,0x8e04,0x8e04,
    0x8e04,0x8e04,0x8e04,0x8e04,0x8e04,0x8e04,0x8e04,0x8e04,0x8e04,0x8e04,0x5c23,0x5c23,
    0x5c23,0x5c23,0x5c23,0x5c23,0x5c23,0x5c23,0x5c23,0x5c23,0x5c23,0xb7c6,0xb7c6,0x0000,
    0x8e04,0x8e04,0x8e04,0x8e04,0x8e04,0x8e04,0x8e04,0x8e04,0x8e04,0x8e04,0x8e04,0x8e04,
    0x8e04,0x8e04,0x8e04,0x8e04,0x8e04,0x8e04,0x8e04,0x8e04,0x8e04,0x8e04,0x8e04,0x8e04,
    0x8e04,0x8e04,0x5c23,0x5c23,0x5c23,0x5c23,0x5c23,0x5c23,0x5c23,0x5c23,0x8e04,0x5c23,
    0x5c23,0x8e04,0x8e04,0x8e04,0x8e04,0x8e04,0x8e04,0x8e04,0x8e04,0x8e04,0x8e04,0x8e04,
    0x8e04,0x8e04,0x8e04,0x8e04,0x8e04,0x8e04,0x8e04,0x8e04,0x8e04,0x8e04,0x8e04,0x8e04,
    0x8e04,0x8e04,0x5c23,0x5c23,0x5c23,0x5c23,0x5c23,0x5c23,0x5c23,0x5c23,0x5c23,0x5c23,
    0x5c23,0x5c23,0xb7c6,0xb7c6,0x8e04,0x8e04,0x8e04,0x8e04,0x8e04,0x8e04,0x8e04,0x8e04,
    0x8e04,0x8e04,0x8e04,0x8e04,0x8e04,0x8e04,0x8e04,0x8e04,0x8e04,0x8e04,0x8e04,0x8e04,
    0x8e04,0x8e04,0x8e04,0x8e04,0x8e04,0x8e04,0x5c23,0x5c23,0x5c23,0x5c23,0x5c23,0x5c23,
    0x5c23,0x5c23,0x5c23,0x8e04,0x8e04,0x8e04,0x8e04,0x8e04,0x8e04,0x8e04,0x8e04,0x8e04,
    0x8e04,0x8e04,0x8e04,0x8e04,0x8e04,0x8e04,0x8e04,0x8e04,0x8e04,0x8e04,0x8e04,0x8e04,
    0x8e04,0x8e04,0x8e04,0x8e04,0x8e04,0x8e04,0x5c23,0x5c23,0x5c23,0x5c23,0x5c23,0x5c23,
    0x5c23,0x5c23,0x5c23,0x5c23,0x5c23,0x5c23,0x5c23,0xb7c6,0x8e04,0x8e04,0x8e04,0x8e04,
    0x8e04,0x8e04,0x8e04,0x8e04,0x8e04,0x8e04,0x8e04,0x8e04,0x8e04,0x8e04,0x8e04,0x8e04,
    0x8e04,0x8e04,0x8e04,0x8e04,0x8e04,0x8e04,0x8e04,0x8e04,0x8e04,0x8e04,0x5c23,0x5c23,
    0x5c23,0x5c23,0x5c23,0x5c23,0x5c23,0x5c23,0x5c23,0x8e04,0x8e04,0x8e04,0x8e04,0x8e04,
    0x8e04,0x8e04,0x8e04,0x8e04,0x8e04,0x8e04,0x8e04,0x8e04,0x8e04,0x8e04,0x8e04,0x8e04,
    0x8e04,0x8e04,0x8e04,0x8e04,0x8e04,0x8e04,0x8e04,0x8e04,0x8e04,0x8e04,0x5c23,0x5c23,
    0x5c23,0x5c23,0x5c23,0x5c23,0x5c23,0x5c23,0x5c23,0x5c23,0x5c23,0x5c23,0x5c23,0x5c23,
    0x8e04,0x8e04,0x8e04,0x8e04,0x8e04,0x8e04,0x8e04,0x8e04,0x8e04,0x8e04,0x8e04,0x8e04,
    0x8e04,0x8e04,0x8e04,0x8e04,0x8e04,0x8e04,0x8e04,0x8e04,0x8e04,0x8e04,0x8e04,0x8e04,
    0x8e04,0x8e04,0x5c23,0x5c23,0x5c23,0x5c23,0x5c23,0x5c23,0x5c23,0x5c23,0x5c23,0x8e04,
    0x8e04,0x8e04,0x8e04,0x8e04,0x8e04,0x8e04,0x8e04,0x8e04,0x8e04,0x8e04,0x8e04,0x8e04,
    0x8e04,0x8e04,0x8e04,0x8e04,0x8e04,0x8e04,0x8e04,0x8e04,0x8e04,0x8e04,0x8e04,0x8e04,
    0x8e04,0x8e04,0x5c23,0x5c23,0x5c23,0x5c23,0x5c23,0x5c23,0x5c23,0x5c23,0x5c23,0x5c23,
    0x5c23,0x5c23,0x5c23,0x5c23,0x8e04,0x8e04,0x8e04,0x8e04,0x8e04,0x8e04,0x8e04,0x8e04,
    0x8e04,0x8e04,0x8e04,0x8e04,0x8e04,0x8e04,0x8e04,0x8e04,0x8e04,0x8e04,0x8e04,0x8e04,
    0x8e04,0x8e04,0x8e04,0x8e04,0x8e04,0x8e04,0x5c23,0x5c23,0x5c23,0x5c23,0x5c23,0x5c23,
    0x5c23,0x5c23,0x5c23,0x8e04,0x8e04,0x8e04,0x8e04,0x8e04,0x8e04,0x8e04,0x8e04,0x8e04,
    0x8e04,0x8e04,0x8e04,0x8e04,0x8e04,0x8e04,0x8e04,0x8e04,0x8e04,0x8e04,0x8e04,0x8e04,
    0x8e04,0x8e04,0x8e04,0x8e04,0x8e04,0x8e04,0x5c23,0x5c23,0x5c23,0x5c23,0x5c23,0x5c23,
    0x5c23,0x5c23,0x5c23,0x5c23,0x5c23,0x5c23,0x5c23,0x5c23,0x8e04,0x8e04,0x8e04,0x8e04,
    0x8e04,0x8e04,0x8e04,0x8e04,0x8e04,0x8e04,0x8e04,0x8e04,0x8e04,0x8e04,0x8e04,0x8e04,
    0x8e04,0x8e04,0x8e04,0x8e04,0x8e04,0x8e04,0x8e04,0x8e04,0x8e04,0x8e04,0x5c23,0x5c23,
    0x5c23,0x5c23,0x5c23,0x5c23,0x5c23,0x5c23,0x5c23,0x8e04,0x8e04,0x8e04,0x8e04,0x8e04,
    0x8e04,0x8e04,0x8e04,0x8e04,0x8e04,0x8e04,0x8e04,0x8e04,0x8e04,0x8e04,0x8e04,0x8e04,
    0x8e04,0x8e04,0x8e04,0x8e04,0x8e04,0x8e04,0x8e04,0x8e04,0x8e04,0x8e04,0x5c23,0x5c23,
    0x5c23,0x5c23,0x5c23,0x5c23,0x5c23,0x5c23,0x5c23,0x5c23,0x5c23,0x5c23,0x5c23,0x5c23,
    0x8e04,0x8e04,0x8e04,0x8e04,0x8e04,0x8e04,0x8e04,0x8e04,0x8e04,0x8e04,0x8e04,0x8e04,
    0x8e04,0x8e04,0x8e04,0x8e04,0x8e04,0x8e04,0x8e04,0x8e04,0x8e04,0x8e04,0x8e04,0x8e04,
    0x8e04,0x8e04,0x5c23,0x5c23,0x5c23,0x5c23,0x5c23,0x5c23,0x5c23,0x5c23,0x5c23,0x8e04,
    0x8e04,0x8e04,0x8e04,0x8e04,0x8e04,0x8e04,0x8e04,0x8e04,0x8e04,0x8e04,0x8e04,0x8e04,
    0x8e04,0x8e04,0x8e04,0x8e04,0x8e04,0x8e04,0x8e04,0x8e04,0x8e04,0x8e04,0x8e04,0x8e04,
    0x8e04,0x8e04,0x5c23,0x5c23,0x5c23,0x5c23,0x5c23,0x5c23,0x5c23,0x5c23,0x5c23,0x5c23,
    0x5c23,0x5c23,0x5c23,0x5c23,0x8e04,0x8e04,0x8e04,0x8e04,0x8e04,0x8e04,0x8e04,0x8e04,
    0x8e04,0x8e04,0x8e04,0x8e04,0x8e04,0x8e04,0x8e04,0x8e04,0x8e04,0x8e04,0x8e04,0x8e04,
    0x8e04,0x8e04,0x8e04,0x8e04,0x8e04,0x8e04,0x5c23,0x5c23,0x5c23,0x5c23,0x5c23,0x5c23,
    0x5c23,0x5c23,0x5c23,0x8e04,0x8e04,0x8e04,0x8e04,0x8e04,0x8e04,0x8e04,0x8e04,0x8e04,
    0x8e04,0x8e04,0x8e04,0x8e04,0x8e04,0x8e04,0x8e04,0x8e04,0x8e04,0x8e04,0x8e04,0x8e04,
    0x8e04,0x8e04,0x8e04,0x8e04,0x8e04,0x8e04,0x5c23,0x5c23,0x5c23,0x5c23,0x5c23,0x5c23,
    0x5c23,0x5c23,0x5c23,0x5c23,0x5c23,0x5c23,0x5c23,0x5c23,0x8e04,0x8e04,0x8e04,0x8e04,
    0x8e04,0x8e04,0x8e04,0x8e04,0x8e04,0x8e04,0x8e04,0x8e04,0x8e04,0x8e04,0x8e04,0x8e04,
    0x8e04,0x8e04,0x8e04,0x8e04,0x8e04,0x8e04,0x8e04,0x8e04,0x8e04,0x8e04,0x5c23,0x5c23,
    0x5c23,0x5c23,0x5c23,0x5c23,0x5c23,0x5c23,0x5c23,0x8e04,0x8e04,0x8e04,0x8e04,0x8e04,
    0x8e04,0x8e04,0x8e04,0x8e04,0x8e04,0x8e04,0x8e04,0x8e04,0x8e04,0x8e04,0x8e04,0x8e04,
    0x8e04,0x8e04,0x8e04,0x8e04,0x8e04,0x8e04,0x8e04,0x8e04,0x8e04,0x8e04,0x5c23,0x5c23,
    0x5c23,0x5c23,0x5c23,0x5c23,0x5c23,0x5c23,0x5c23,0x5c23,0x5c23,0x5c23,0x5c23,0x5c23,
    0x8e04,0x8e04,0x8e04,0x8e04,0x8e04,0x8e04,0x8e04,0x8e04,0x8e04,0x8e04,0x8e04,0x8e04,
    0x8e04,0x8e04,0x8e04,0x8e04,0x8e04,0x8e04,0x8e04,0x8e04,0x8e04,0x8e04,0x8e04,0x8e04,
    0x8e04,0x8e04,0x5c23,0x5c23,0x5c23,0x5c23,0x5c23,0x5c23,0x5c23,0x5c23,0x5c23,0x8e04,
    0x8e04,0x8e04,0x8e04,0x8e04,0x8e04,0x8e04,0x8e04,0x8e04,0x8e04,0x8e04,0x8e04,0x8e04,
    0x8e04,0x8e04,0x8e04,0x8e04,0x8e04,0x8e04,0x8e04,0x8e04,0x8e04,0x8e04,0x8e04,0x8e04,
    0x8e04,0x8e04,0x5c23,0x5c23,0x5c23,0x5c23,0x5c23,0x5c23,0x5c23,0x5c23,0x5c23,0x5c23,
    0x5c23,0x5c23,0x5c23,0x5c23,0x8e04,0x8e04,0x8e04,0x8e04,0x8e04,0x8e04,0x8e04,0x8e04,
    0x8e04,0x8e04,0x8e04,0x8e04,0x8e04,0x8e04,0x8e04,0x8e04,0x8e04,0x8e04,0x8e04,0x8e04,
    0x8e04,0x8e04,0x8e04,0x8e04,0x8e04,0x8e04,0x5c23,0x5c23,0x5c23,0x5c23,0x5c23,0x5c23,
    0x5c23,0x5c23,0x5c23,0x8e04,0x8e04,0x8e04,0x8e04,0x8e04,0x8e04,0x8e04,0x8e04,0x8e04,
    0x8e04,0x8e04,0x8e04,0x8e04,0x8e04,0x8e04,0x8e04,0x8e04,0x8e04,0x8e04,0x8e04,0x8e04,
    0x8e04,0x8e04,0x8e04,0x8e04,0x8e04,0x8e04,0x5c23,0x5c23,0x5c23,0x5c23,0x5c23,0x5c23,
    0x5c23,0x5c23,0x5c23,0x5c23,0x5c23,0x5c23,0x5c23,0x5c23,0x8e04,0x8e04,0x8e04,0x8e04,
    0x8e04,0x8e04,0x8e04,0x8e04,0x8e04,0x8e04,0x8e04,0x8e04,0x8e04,0x8e04,0x8e04,0x8e04,
    0x8e04,0x8e04,0x8e04,0x8e04,0x8e04,0x8e04,0x8e04,0x8e04,0x8e04,0x8e04,0x5c23,0x5c23,
    0x5c23,0x5c23,0x5c23,0x5c23,0x5c23,0x5c23,0x5c23,0x8e04,0x8e04,0x8e04,0x8e04,0x8e04,
    0x8e04,0x8e04,0x8e04,0x8e04,0x8e04,0x8e04,0x8e04,0x8e04,0x8e04,0x8e04,0x8e04,0x8e04,
    0x8e04,0x8e04,0x8e04,0x8e04,0x8e04,0x8e04,0x8e04,0x8e04,0x8e04,0x8e04,0x5c23,0x5c23,
    0x5c23,0x5c23,0x5c23,0x5c23,0x5c23,0x5c23,0x5c23,0x5c23,0x5c23,0x5c23,0x5c23,0x5c23,
    0x0000,0x8e04,0x8e04,0x8e04,0x8e04,0x8e04,0x8e04,0x8e04,0x8e04,0x8e04,0x8e04,0x8e04,
    0x8e04,0x8e04,0x8e04,0x8e04,0x8e04,0x8e04,0x8e04,0x8e04,0x8e04,0x8e04,0x8e04,0x8e04,
    0x8e04,0x8e04,0x8e04,0x5c23,0x5c23,0x5c23,0x5c23,0x5c23,0x5c23,0x5c23,0x5c23,0x8e04,
    0x8e04,0x8e04,0x8e04,0x8e04,0x8e04,0x8e04,0x8e04,0x8e04,0x8e04,0x8e04,0x8e04,0x8e04,
    0x8e04,0x8e04,0x8e04,0x8e04,0x8e04,0x8e04,0x8e04,0x8e04,0x8e04,0x8e04,0x8e04,0x8e04,
    0x8e04,0x8e04,0x5c23,0x5c23,0x5c23,0x5c23,0x5c23,0x5c23,0x5c23,0x5c23,0x5c23,0x5c23,
    0x5c23,0x5c23,0x5c23,0x5c23,0x0000,0x0000,0x8e04,0x8e04,0x8e04,0x8e04,0x8e04,0x8e04,
    0x8e04,0x8e04,0x8e04,0x8e04,0x8e04,0x8e04,0x8e04,0x8e04,0x8e04,0x8e04,0x8e04,0x8e04,
    0x8e04,0x8e04,0x8e04,0x8e04,0x8e04,0x8e04,0x8e04,0x8e04,0x5c23,0x5c23,0x5c23,0x5c23,
    0x5c23,0x5c23,0x5c23,0x8e04,0x8e04,0x8e04,0x8e04,0x8e04,0x8e04,0x8e04,0x8e04,0x8e04,
    0x8e04,0x8e04,0x8e04,0x8e04,0x8e04,0x8e04,0x8e04,0x8e04,0x8e04,0x8e04,0x8e04,0x8e04,
    0x8e04,0x8e04,0x8e04,0x8e04,0x8e04,0x8e04,0x5c23,0x5c23,0x5c23,0x5c23,0x5c23,0x5c23,
    0x5c23,0x5c23,0x5c23,0x5c23,0x5c23,0x5c23,0x5c23,0x5c23,0x0000,0x0000,0x0000,0x8e04,
    0x8e04,0x8e04,0x8e04,0x8e04,0x8e04,0x8e04,0x8e04,0x8e04,0x8e04,0x8e04,0x8e04,0x8e04,
    0x8e04,0x8e04,0x8e04,0x8e04,0x8e04,0x8e04,0x8e04,0x8e04,0x8e04,0x8e04,0x8e04,0x8e04,
    0x8e04,0x5c23,0x5c23,0x5c23,0x5c23,0x5c23,0x5c23,0x8e04,0x8e04,0x8e04,0x8e04,0x8e04,
    0x8e04,0x8e04,0x8e04,0x8e04,0x8e04,0x8e04,0x8e04,0x8e04,0x8e04,0x8e04,0x8e04,0x8e04,
    0x8e04,0x8e04,0x8e04,0x8e04,0x8e04,0x8e04,0x8e04,0x8e04,0x8e04,0x8e04,0x5c23,0x5c23,
    0x5c23,0x5c23,0x5c23,0x5c23,0x5c23,0x5c23,0x5c23,0x5c23,0x5c23,0x5c23,0x5c23,0x5c23,
    0x0000,0x0000,0x0000,0x0000,0x8e04,0x7b28,0x7b28,0x5a26,0x5a26,0x8e04,0x8e04,0x8e04,
    0x8e04,0x7b28,0x7b28,0x7b28,0x7b28,0x7b28,0x7b28,0x7b28,0x7b28,0x5a26,0x5a26,0x8e04,
    0x8e04,0x8e04,0x8e04,0x8e04,0x8e04,0x8e04,0x5c23,0x5c23,0x5c23,0x5c23,0x5c23,0x8e04,
    0x8e04,0x8e04,0x8e04,0x8e04,0x8e04,0x8e04,0x8e04,0x8e04,0x8e04,0x8e04,0x8e04,0x8e04,
    0x8e04,0x8e04,0x8e04,0x8e04,0x8e04,0x8e04,0x8e04,0x8e04,0x8e04,0x8e04,0x8e04,0x8e04,
    0x8e04,0x8e04,0x5c23,0x5c23,0x5c23,0x5c23,0x5c23,0x5c23,0x5c23,0x5c23,0x5c23,0x5c23,
    0x5c23,0x5c23,0x5c23,0x5c23,0x0000,0x0000,0x0000,0x0000,0x0000,0x7b28,0x7b28,0x5a26,
    0x5a26,0x5a26,0x8e04,0x8e04,0x8e04,0x7b28,0x7b28,0x7b28,0x7b28,0x7b28,0x7b28,0x7b28,
    0x7b28,0x5a26,0x5a26,0x5a26,0x8e04,0x8e04,0x8e04,0x8e04,0x8e04,0x8e04,0x8e04,0x5c23,
    0x5c23,0x5c23,0x5c23,0x5c23,0x8e04,0x8e04,0x8e04,0x8e04,0x8e04,0x8e04,0x8e04,0x8e04,
    0x8e04,0x8e04,0x8e04,0x8e04,0x8e04,0x8e04,0x8e04,0x8e04,0x8e04,0x8e04,0x8e04,0x8e04,
    0x8e04,0x8e04,0x8e04,0x8e04,0x8e04,0x8e04,0x8e04,0x5c23,0x5c23,0x5c23,0x5c23,0x5c23,
    0x5c23,0x5c23,0x5c23,0x5c23,0x5c23,0x5c23,0x5c23,0x5c23,0x0000,0x0000,0x0000,0x0000,
    0x0000,0x7b28,0x7b28,0x5a26,0x5a26,0x5a26,0x8e04,0x8e04,0x8e04,0x7b28,0x7b28,0x7b28,
    0x7b28,0x7b28,0x7b28,0x7b28,0x7b28,0x5a26,0x5a26,0x5a26,0x5a26,0x8e04,0x8e04,0x8e04,
    0x8e04,0x8e04,0x8e04,0x8e04,0x5c23,0x5c23,0x5c23,0x5c23,0x5c23,0x8e04,0x8e04,0x8e04,
    0x8e04,0x8e04,0x8e04,0x8e04,0x8e04,0x8e04,0x8e04,0x8e04,0x8e04,0x8e04,0x8e04,0x8e04,
    0x8e04,0x8e04,0x8e04,0x8e04,0x8e04,0x8e04,0x8e04,0x8e04,0x8e04,0x8e04,0x8e04,0x8e04,
    0x5c23,0x5c23,0x5c23,0x5c23,0x5c23,0x5c23,0x5c23,0x5c23,0x5c23,0x5c23,0x5c23,0x5c23,
    0x0000,0x0000,0x0000,0x0000,0x0000,0x7b28,0x7b28,0x5a26,0x5a26,0x5a26,0x8e04,0x8e04,
    0x8e04,0x7b28,0x7b28,0x7b28,0x7b28,0x7b28,0x7b28,0x7b28,0x7b28,0x5a26,0x5a26,0x5a26,
    0x5a26,0x8e04,0x8e04,0x8e04,0x8e04,0x8e04,0x8e04,0x8e04,0x8e04,0x5c23,0x5c23,0x5c23,
    0x5c23,0x5c23,0x8e04,0x8e04,0x8e04,0x8e04,0x8e04,0x8e04,0x8e04,0x8e04,0x8e04,0x8e04,
    0x8e04,0x8e04,0x8e04,0x8e04,0x8e04,0x8e04,0x8e04,0x8e04,0x8e04,0x8e04,0x8e04,0x8e04,
    0x8e04,0x8e04,0x8e04,0x8e04,0x8e04,0x5c23,0x5c23,0x5c23,0x5c23,0x5c23,0x5c23,0x5c23,
    0x5c23,0x5c23,0x5c23,0x5c23,0x0000,0x0000,0x0000,0x0000,0x0000,0x7b28,0x7b28,0x5a26,
    0x5a26,0x5a26,0x8e04,0x8e04,0x8e04,0x7b28,0x7b28,0x7b28,0x7b28,0x7b28,0x7b28,0x7b28,
    0x7b28,0x5a26,0x5a26,0x5a26,0x5a26,0x8e04,0x8e04,0x8e04,0x8e04,0x8e04,0x8e04,0x8e04,
    0x8e04,0x8e04,0x5c23,0x5c23,0x5c23,0x5c23,0x5c23,0x8e04,0x8e04,0x8e04,0x8e04,0x8e04,
    0x8e04,0x8e04,0x8e04,0x8e04,0x8e04,0x8e04,0x8e04,0x8e04,0x8e04,0x8e04,0x8e04,0x8e04,
    0x8e04,0x8e04,0x8e04,0x8e04,0x8e04,0x8e04,0x8e04,0x8e04,0x8e04,0x8e04,0x5c23,0x5c23,
    0x5c23,0x5c23,0x5c23,0x5c23,0x5c23,0x5c23,0x5c23,0x5c23,0x0000,0x0000,0x0000,0x0000,
    0x0000,0x7b28,0x7b28,0x5a26,0x5a26,0x5a26,0x8e04,0x8e04,0x8e04,0x7b28,0x7b28,0x7b28,
    0x7b28,0x7b28,0x7b28,0x7b28,0x7b28,0x5a26,0x5a26,0x5a26,0x5a26,0x8e04,0x8e04,0x8e04,
    0x8e04,0x8e04,0x8e04,0x8e04,0x8e04,0x8e04,0x8e04,0x5c23,0x5c23,0x5c23,0x5c23,0x5c23,
    0x8e04,0x8e04,0x8e04,0x8e04,0x8e04,0x8e04,0x8e04,0x8e04,0x8e04,0x8e04,0x8e04,0x8e04,
    0x8e04,0x8e04,0x8e04,0x8e04,0x8e04,0x8e04,0x8e04,0x8e04,0x8e04,0x8e04,0x8e04,0x8e04,
    0x8e04,0x8e04,0x8e04,0x5c23,0x5c23,0x5c23,0x5c23,0x5c23,0x5c23,0x5c23,0x5c23,0x5c23,
    0x0000,0x0000,0x0000,0x0000,0x0000,0x7b28,0x7b28,0x5a26,0x5a26,0x5a26,0x8e04,0x8e04,
    0x8e04,0x7b28,0x7b28,0x7b28,0x7b28,0x7b28,0x7b28,0x7b28,0x7b28,0x5a26,0x5a26,0x5a26,
    0x5a26,0x8e04,0x8e04,0x8e04,0x8e04,0x8e04,0x8e04,0x8e04,0x8e04,0x8e04,0x8e04,0x8e04,
    0x5c23,0x5c23,0x5c23,0x5c23,0x8e04,0x8e04,0x8e04,0x7b28,0x7b28,0x7b28,0x7b28,0x7b28,
    0x7b28,0x5a26,0x5a26,0x8e04,0x8e04,0x8e04,0x8e04,0x8e04,0x8e04,0x8e04,0x8e04,0x8e04,
    0x8e04,0x8e04,0x8e04,0x8e04,0x8e04,0x8e04,0x8e04,0x8e04,0x5c23,0x5c23,0x5c23,0x5c23,
    0x5c23,0x5c23,0x5c23,0x5c23,0x0000,0x0000,0x0000,0x0000,0x0000,0x7b28,0x7b28,0x5a26,
    0x5a26,0x5a26,0x7b28,0x8e04,0x8e04,0x7b28,0x7b28,0x7b28,0x7b28,0x7b28,0x7b28,0x7b28,
    0x7b28,0x5a26,0x5a26,0x5a26,0x5a26,0x8e04,0x8e04,0x8e04,0x8e04,0x8e04,0x8e04,0x8e04,
    0x8e04,0x8e04,0x8e04,0x8e04,0x8e04,0x5c23,0x5c23,0x5c23,0x8e04,0x8e04,0x8e04,0x7b28,
    0x7b28,0x7b28,0x7b28,0x7b28,0x7b28,0x5a26,0x5a26,0x5a26,0x8e04,0x8e04,0x8e04,0x8e04,
    0x8e04,0x8e04,0x8e04,0x8e04,0x7b28,0x7b28,0x5a26,0x5a26,0x8e04,0x8e04,0x8e04,0x8e04,
    0x8e04,0x5c23,0x5c23,0x5c23,0x5c23,0x5c23,0x5c23,0x5c23,0x0000,0x0000,0x0000,0x0000,
    0x0000,0x7b28,0x7b28,0x5a26,0x5a26,0x5a26,0x7b28,0x7b28,0x7b28,0x7b28,0x7b28,0x7b28,
    0x7b28,0x7b28,0x7b28,0x7b28,0x7b28,0x5a26,0x5a26,0x5a26,0x5a26,0x8e04,0x8e04,0x8e04,
    0x8e04,0x8e04,0x8e04,0x8e04,0x8e04,0x8e04,0x8e04,0x8e04,0x8e04,0x8e04,0x5c23,0x5c23,
    0x5c23,0x8e04,0x8e04,0x7b28,0x7b28,0x7b28,0x7b28,0x7b28,0x7b28,0x5a26,0x5a26,0x5a26,
    0x5a26,0x8e04,0x8e04,0x8e04,0x8e04,0x8e04,0x8e04,0x8e04,0x7b28,0x7b28,0x5a26,0x5a26,
    0x5a26,0x8e04,0x8e04,0x8e04,0x8e04,0x8e04,0x5c23,0x5c23,0x5c23,0x5c23,0x5c23,0x5c23,
    0x0000,0x0000,0x0000,0x0000,0x0000,0x7b28,0x7b28,0x5a26,0x5a26,0x5a26,0x7b28,0x7b28,
    0x7b28,0x7b28,0x7b28,0x7b28,0x7b28,0x7b28,0x7b28,0x7b28,0x7b28,0x5a26,0x5a26,0x5a26,
    0x5a26,0x8e04,0x8e04,0x8e04,0x8e04,0x8e04,0x8e04,0x8e04,0x8e04,0x8e04,0x5c23,0x5c23,
    0x5c23,0x5c23,0x5c23,0x5c23,0x5c23,0x5c23,0x8e04,0x7b28,0x7b28,0x7b28,0x7b28,0x7b28,
    0x7b28,0x5a26,0x5a26,0x5a26,0x5a26,0x8e04,0x8e04,0x8e04,0x8e04,0x8e04,0x8e04,0x8e04,
    0x7b28,0x7b28,0x5a26,0x5a26,0x5a26,0x8e04,0x8e04,0x8e04,0x8e04,0x8e04,0x8e04,0x5c23,
    0x5c23,0x5c23,0x5c23,0x5c23,0x0000,0x0000,0x0000,0x0000,0x0000,0x7b28,0x7b28,0x5a26,
    0x5a26,0x5a26,0x7b28,0x7b28,0x7b28,0x7b28,0x7b28,0x7b28,0x7b28,0x7b28,0x7b28,0x7b28,
    0x7b28,0x5a26,0x5a26,0x5a26,0x5a26,0x8e04,0x8e04,0x8e04,0x8e04,0x8e04,0x8e04,0x8e04,
    0x8e04,0x8e04,0x5c23,0x5c23,0x5c23,0x5c23,0x5c23,0x5c23,0x5c23,0x5c23,0x5c23,0x7b28,
    0x7b28,0x7b28,0x7b28,0x7b28,0x7b28,0x5a26,0x5a26,0x5a26,0x5a26,0x8e04,0x8e04,0x8e04,
    0x8e04,0x8e04,0x8e04,0x8e04,0x7b28,0x7b28,0x5a26,0x5a26,0x5a26,0x8e04,0x8e04,0x8e04,
    0x8e04,0x8e04,0x8e04,0x8e04,0x5c23,0x5c23,0x5c23,0x5c23,0x0000,0x0000,0x0000,0x0000,
    0x0000,0x7b28,0x7b28,0x5a26,0x5a26,0x5a26,0x7b28,0x7b28,0x7b28,0x7b28,0x7b28,0x7b28,
    0x7b28,0x7b28,0x7b28,0x7b28,0x7b28,0x5a26,0x5a26,0x5a26,0x5a26,0xa40b,0x8e04,0x8e04,
    0x8e04,0x8e04,0x8e04,0x8e04,0x8e04,0x8e04,0x5c23,0x5c23,0x5c23,0x5c23,0x5c23,0x5c23,
    0x5c23,0x5c23,0x5c23,0x7b28,0x7b28,0x7b28,0x7b28,0x7b28,0x7b28,0x5a26,0x5a26,0x7b28,
    0xa40b,0xa40b,0xa40b,0xa40b,0xa40b,0xa40b,0xa40b,0xa40b,0x7b28,0x7b28,0x5a26,0x5a26,
    0x5a26,0x8e04,0x8e04,0x8e04,0x8e04,0x8e04,0x8e04,0x8e04,0x8e04,0x5c23,0x5c23,0x5c23,
    0x0000,0x0000,0x0000,0x0000,0x0000,0x7b28,0x7b28,0x5a26,0x5a26,0x5a26,0xa40b,0x7b28,
    0x7b28,0x5a26,0x7b28,0x7b28,0x7b28,0x7b28,0x7b28,0x7b28,0x7b28,0x7b28,0x5a26,0x5a26,
    0x5a26,0xa40b,0xa40b,0x8e04,0x8e04,0x8e04,0x8e04,0x8e04,0x8e04,0x8e04,0x5c23,0x5c23,
    0x5c23,0x5c23,0x5c23,0x5c23,0x5c23,0x5c23,0x5c23,0x7b28,0x7b28,0x7b28,0x7b28,0x7b28,
    0x7b28,0x5a26,0x5a26,0x7b28,0xa40b,0xa40b,0xa40b,0xa40b,0xa40b,0xa40b,0xa40b,0xa40b,
    0x7b28,0x7b28,0x5a26,0x5a26,0x5a26,0x8e04,0x8e04,0x8e04,0x8e04,0x8e04,0x8e04,0x8e04,
    0x8e04,0x8e04,0x5c23,0x5c23,0x0000,0x0000,0x0000,0x0000,0x0000,0x7b28,0x7b28,0x5a26,
    0x5a26,0x5a26,0xa40b,0xa40b,0xa40b,0xa40b,0xa40b,0x7b28,0x7b28,0x7b28,0x7b28,0x7b28,
    0x7b28,0x7b28,0x7b28,0x5a26,0x5a26,0x5a26,0xa40b,0xa40b,0x8e04,0x8e04,0x8e04,0x8e04,
    0x8e04,0x8e04,0x5c23,0x5c23,0x5c23,0x5c23,0x5c23,0x5c23,0x5c23,0x5c23,0x5c23,0x7b28,
    0x7b28,0x7b28,0x7b28,0x7b28,0x7b28,0x5a26,0x5a26,0x7b28,0x7b28,0x7b28,0x7b28,0x7b28,
    0x7b28,0x7b28,0x7b28,0x7b28,0x7b28,0x7b28,0x5a26,0x5a26,0x5a26,0x0000,0x0000,0x0000,
    0x0000,0x0000,0x0000,0x0000,0x0000,0x0000,0x0000,0x0000,0x0000,0x0000,0x0000,0x0000,
    0x0000,0x0000,0x7b28,0x7b28,0x5a26,0x5a26,0x5a26,0xa40b,0xa40b,0xa40b,0xa40b,0x7b28,
    0x7b28,0x7b28,0x7b28,0x7b28,0x7b28,0x7b28,0x7b28,0x5a26,0x5a26,0x5a26,0x5a26,0xa40b,
    0x8e04,0x8e04,0x8e04,0x8e04,0x8e04,0x8e04,0x5c23,0x5c23,0x5c23,0x5c23,0x5c23,0x5c23,
    0x5c23,0x5c23,0x5c23,0x7b28,0x7b28,0x7b28,0x7b28,0x7b28,0x7b28,0x5a26,0x5a26,0x7b28,
    0x7b28,0x7b28,0x7b28,0x7b28,0x7b28,0x7b28,0x7b28,0x7b28,0x7b28,0x7b28,0x5a26,0x5a26,
    0x5a26,0x0000,0x0000,0x0000,0x0000,0x0000,0x0000,0x0000,0x0000,0x0000,0x0000,0x0000,
    0x0000,0x0000,0x0000,0x0000,0x0000,0x0000,0x0000,0x7b28,0x7b28,0x5a26,0x5a26,0x5a26,
    0xa40b,0xa40b,0xa40b,0x7b28,0x7b28,0x7b28,0x7b28,0x7b28,0x7b28,0x7b28,0x7b28,0x5a26,
    0x5a26,0x5a26,0x5a26,0x5a26,0x8e04,0x8e04,0x8e04,0x8e04,0x8e04,0x8e04,0x8e04,0x5c23,
    0x5c23,0x5c23,0x5c23,0x5c23,0xa40b,0xa40b,0xa40b,0xa40b,0xa40b,0xa40b,0xa40b,0xa40b,
    0x7b28,0x5a26,0x5a26,0x5a26,0x7b28,0x7b28,0x7b28,0x7b28,0x7b28,0x7b28,0x7b28,0x7b28,
    0x7b28,0x7b28,0x7b28,0x5a26,0x5a26,0x0000,0x0000,0x0000,0x0000,0x0000,0x0000,0x0000,
    0x0000,0x0000,0x0000,0x0000,0x0000,0x0000,0x0000,0x0000,0x0000,0x0000,0x0000,0x0000,
    0x7b28,0x7b28,0x5a26,0x5a26,0x5a26,0xa40b,0x7b28,0x7b28,0x7b28,0x7b28,0x7b28,0x7b28,
    0x7b28,0x7b28,0x7b28,0x5a26,0x5a26,0x5a26,0x5a26,0x5a26,0x7b28,0x7b28,0x7b28,0x5a26,
    0x5a26,0x8e04,0x8e04,0x8e04,0x5c23,0x5c23,0x5c23,0x5c23,0xa40b,0xa40b,0xa40b,0xa40b,
    0xa40b,0xa40b,0xa40b,0xa40b,0xa40b,0x5a26,0x5a26,0x5a26,0x5a26,0x0000,0x0000,0x0000,
    0x0000,0x0000,0x0000,0x0000,0x0000,0x0000,0x0000,0x0000,0x0000,0x0000,0x0000,0x0000,
    0x0000,0x0000,0x0000,0x0000,0x0000,0x0000,0x0000,0x0000,0x0000,0x0000,0x0000,0x0000,
    0x0000,0x0000,0x0000,0x0000,0x0000,0x7b28,0x7b28,0x5a26,0x5a26,0x5a26,0x7b28,0x7b28,
    0x7b28,0x7b28,0x7b28,0x7b28,0x7b28,0x7b28,0x7b28,0x5a26,0x5a26,0x5a26,0x5a26,0x5a26,
    0x7b28,0x7b28,0x7b28,0x5a26,0x5a26,0x5a26,0x8e04,0x8e04,0x8e04,0x5c23,0x5c23,0x5c23,
    0x7b28,0x7b28,0x7b28,0x7b28,0x7b28,0x7b28,0x5a26,0x5a26,0xa40b,0xa40b,0x5a26,0x5a26,
    0x5a26,0x0000,0x0000,0x0000,0x0000,0x0000,0x0000,0x0000,0x0000,0x0000,0x0000,0x0000,
    0x0000,0x0000,0x0000,0x0000,0x0000,0x0000,0x0000,0x0000,0x0000,0x0000,0x0000,0x0000,
    0x0000,0x0000,0x0000,0x0000,0x0000,0x0000,0x0000,0x0000,0x0000,0x7b28,0x7b28,0x5a26,
    0x5a26,0x5a26,0x7b28,0x7b28,0x7b28,0x7b28,0x7b28,0x7b28,0x7b28,0x7b28,0x7b28,0x5a26,
    0x5a26,0x5a26,0x5a26,0x5a26,0x7b28,0x7b28,0x7b28,0x5a26,0x5a26,0x5a26,0x5a26,0x8e04,
    0x8e04,0x8e04,0x5c23,0x5c23,0x7b28,0x7b28,0x7b28,0x7b28,0x7b28,0x7b28,0x5a26,0x5a26,
    0x5a26,0xa40b,0x5a26,0x5a26,0x5a26,0x0000,0x0000,0x0000,0x0000,0x0000,0x0000,0x0000,
    0x0000,0x0000,0x0000,0x0000,0x0000,0x0000,0x0000,0x0000,0x0000,0x0000,0x0000,0x0000,
    0x0000,0x0000,0x0000,0x0000,0x0000,0x0000,0x0000,0x0000,0x0000,0x0000,0x0000,0x0000,
    0x0000,0x7b28,0x7b28,0x5a26,0x5a26,0x5a26,0x7b28,0x7b28,0x7b28,0x7b28,0x7b28,0x7b28,
    0x7b28,0x7b28,0x7b28,0x5a26,0x5a26,0x5a26,0x5a26,0x5a26,0x7b28,0x7b28,0x7b28,0x5a26,
    0x5a26,0x5a26,0x5a26,0x8e04,0x8e04,0x8e04,0x8e04,0x5c23,0x7b28,0x7b28,0x7b28,0x7b28,
    0x7b28,0x7b28,0x5a26,0x5a26,0x5a26,0x5a26,0x5a26,0x5a26,0x5a26,0x0000,0x0000,0x0000,
    0x0000,0x0000,0x0000,0x0000,0x0000,0x0000,0x0000,0x0000,0x0000,0x0000,0x0000,0x0000,
    0x0000,0x0000,0x0000,0x0000,0x0000,0x0000,0x0000,0x0000,0x0000,0x0000,0x0000,0x0000,
    0x0000,0x0000,0x0000,0x0000,0x0000,0x7b28,0x7b28,0x7b28,0x5a26,0x5a26,0x7b28,0x7b28,
    0x7b28,0x7b28,0x7b28,0x7b28,0x7b28,0x7b28,0x7b28,0x5a26,0x5a26,0x5a26,0x5a26,0x5a26,
    0x7b28,0x7b28,0x7b28,0x5a26,0x5a26,0x5a26,0x5a26,0x8e04,0x8e04,0x8e04,0x8e04,0x8e04,
    0x7b28,0x7b28,0x7b28,0x7b28,0x7b28,0x7b28,0x5a26,0x5a26,0x5a26,0x5a26,0x5a26,0x5a26,
    0x5a26,0x0000,0x0000,0x0000,0x0000,0x0000,0x0000,0x0000,0x0000,0x0000,0x0000,0x0000,
    0x0000,0x0000,0x0000,0x0000,0x0000,0x0000,0x0000,0x0000,0x0000,0x0000,0x0000,0x0000,
    0x0000,0x0000,0x0000,0x0000,0x0000,0x0000,0x0000,0x0000,0x0000,0x7b28,0x7b28,0x7b28,
    0x7b28,0x7b28,0x7b28,0x7b28,0x7b28,0x7b28,0x7b28,0x7b28,0x7b28,0x7b28,0x7b28,0x5a26,
    0x5a26,0x5a26,0x5a26,0x5a26,0x7b28,0x7b28,0x7b28,0x5a26,0x5a26,0x5a26,0x5a26,0x8e04,
    0x8e04,0x8e04,0x8e04,0x8e04,0x7b28,0x7b28,0x7b28,0x7b28,0x7b28,0x7b28,0x5a26,0x5a26,
    0x5a26,0x5a26,0x5a26,0x5a26,0x5a26,0x0000,0x0000,0x0000,0x0000,0x0000,0x0000,0x0000,
    0x0000,0x0000,0x0000,0x0000,0x0000,0x0000,0x0000,0x0000,0x0000,0x0000,0x0000,0x0000,
    0x0000,0x0000,0x0000,0x0000,0x0000,0x0000,0x0000,0x0000,0x0000,0x0000,0x0000,0x0000,
    0x0000,0x7b28,0x7b28,0x7b28,0x7b28,0x7b28,0x7b28,0x7b28,0x7b28,0x7b28,0x7b28,0x7b28,
    0x7b28,0x7b28,0x7b28,0x5a26,0x5a26,0x5a26,0x5a26,0x5a26,0x7b28,0x7b28,0x7b28,0x5a26,
    0x5a26,0x5a26,0x5a26,0x8e04,0x8e04,0x8e04,0x8e04,0x8e04,0x7b28,0x7b28,0x7b28,0x7b28,
    0x7b28,0x7b28,0x5a26,0x5a26,0x5a26,0x5a26,0x5a26,0x5a26,0x5a26,0x0000,0x0000,0x0000,
    0x0000,0x0000,0x0000,0x0000,0x0000,0x0000,0x0000,0x0000,0x0000,0x0000,0x0000,0x0000,
    0x0000,0x0000,0x0000,0x0000,0x0000,0x0000,0x0000,0x0000,0x0000,0x0000,0x0000,0x0000,
    0x0000,0x0000,0x0000,0x0000,0x0000,0x7b28,0x7b28,0x7b28,0x7b28,0x7b28,0x7b28,0x7b28,
    0x7b28,0x7b28,0x7b28,0x7b28,0x7b28,0x7b28,0x7b28,0x5a26,0x5a26,0x5a26,0x5a26,0x5a26,
    0x7b28,0x7b28,0x7b28,0x5a26,0x5a26,0x5a26,0x5a26,0x8e04,0x8e04,0x8e04,0x8e04,0x8e04,
    0x7b28,0x7b28,0x7b28,0x7b28,0x7b28,0x7b28,0x5a26,0x5a26,0x5a26,0x5a26,0x5a26,0x5a26,
    0x5a26,0x0000,0x0000,0x0000,0x0000,0x0000,0x0000,0x0000,0x0000,0x0000,0x0000,0x0000,
    0x0000,0x0000,0x0000,0x0000,0x0000,0x0000,0x0000,0x0000,0x0000,0x0000,0x0000,0x0000,
    0x0000,0x0000,0x0000,0x0000,0x0000,0x0000,0x0000,0x0000,0x0000,0x7b28,0x7b28,0x7b28,
    0x7b28,0x7b28,0x7b28,0x7b28,0x7b28,0x7b28,0x7b28,0x7b28,0x7b28,0x7b28,0x7b28,0x5a26,
    0x5a26,0x5a26,0x5a26,0x5a26,0x7b28,0x7b28,0x7b28,0x5a26,0x5a26,0x5a26,0x5a26,0x8e04,
    0x8e04,0x8e04,0x8e04,0x8e04,0x7b28,0x7b28,0x7b28,0x7b28,0x7b28,0x7b28,0x5a26,0x5a26,
    0x5a26,0x5a26,0x5a26,0x5a26,0x5a26,0x0000,0x0000,0x0000,0x0000,0x0000,0x0000,0x0000,
    0x0000,0x0000,0x0000,0x0000,0x0000,0x0000,0x0000,0x0000,0x0000,0x0000,0x0000,0x0000,
    0x0000,0x0000,0x0000,0x0000,0x0000,0x0000,0x0000,0x0000,0x0000,0x0000,0x0000,0x0000,
    0x0000,0x7b28,0x7b28,0x7b28,0x7b28,0x7b28,0x7b28,0x7b28,0x7b28,0x7b28,0x7b28,0x7b28,
    0x7b28,0x7b28,0x7b28,0x5a26,0x5a26,0x5a26,0x5a26,0x7b28,0xa40b,0xa40b,0xa40b,0xa40b,
    0x5a26,0x5a26,0x5a26,0x8e04,0x8e04,0x8e04,0x8e04,0x8e04,0x7b28,0x7b28,0x7b28,0x7b28,
    0x7b28,0x7b28,0x5a26,0x5a26,0x5a26,0x5a26,0x7b28,0x5a26,0x5a26,0x0000,0x0000,0x0000,
    0x0000,0x0000,0x0000,0x0000,0x0000,0x0000,0x0000,0x0000,0x0000,0x0000,0x0000,0x0000,
    0x0000,0x0000,0x0000,0x0000,0x0000,0x0000,0x0000,0x0000,0x0000,0x0000,0x0000,0x0000,
    0x0000,0x0000,0x0000,0x0000,0x0000,0x7b28,0x7b28,0x7b28,0x7b28,0x7b28,0x7b28,0x7b28,
    0x7b28,0x7b28,0x7b28,0x7b28,0x7b28,0x7b28,0x7b28,0x5a26,0x5a26,0x5a26,0x5a26,0x7b28,
    0xa40b,0xa40b,0xa40b,0xa40b,0xa40b,0xa40b,0xa40b,0xa40b,0xa40b,0xa40b,0xa40b,0xa40b,
    0xa40b,0xa40b,0xa40b,0xa40b,0xa40b,0xa40b,0xa40b,0x5a26,0x5a26,0x5a26,0x0000,0x0000,
    0x0000,0x0000,0x0000,0x0000,0x0000,0x0000,0x0000,0x0000,0x0000,0x0000,0x0000,0x0000,
    0x0000,0x0000,0x0000,0x0000,0x0000,0x0000,0x0000,0x0000,0x0000,0x0000,0x0000,0x0000,
    0x0000,0x0000,0x0000,0x0000,0x0000,0x0000,0x0000,0x0000,0x0000,0x7b28,0x7b28,0x7b28,
    0x7b28,0x7b28,0x7b28,0x7b28,0x7b28,0x7b28,0x7b28,0x7b28,0x7b28,0x7b28,0x7b28,0x5a26,
    0x5a26,0x5a26,0x5a26,0x7b28,0x7b28,0x7b28,0x5a26,0x5a26,0xa40b,0xa40b,0xa40b,0xa40b,
    0xa40b,0xa40b,0xa40b,0xa40b,0xa40b,0xa40b,0xa40b,0xa40b,0xa40b,0xa40b,0xa40b,0x5a26,
    0x5a26,0x5a26,0x0000,0x0000,0x0000,0x0000,0x0000,0x0000,0x0000,0x0000,0x0000,0x0000,
    0x0000,0x0000,0x0000,0x0000,0x0000,0x0000,0x0000,0x0000,0x0000,0x0000,0x0000,0x0000,
    0x0000,0x0000,0x0000,0x0000,0x0000,0x0000,0x0000,0x0000,0x0000,0x0000,0x0000,0x0000,
    0x0000,0x7b28,0x7b28,0x7b28,0x7b28,0x7b28,0x7b28,0x7b28,0x7b28,0x7b28,0x7b28,0x7b28,
    0x7b28,0x7b28,0x7b28,0x5a26,0x5a26,0x5a26,0x5a26,0x7b28,0x7b28,0x7b28,0x5a26,0x5a26,
    0x7b28,0x7b28,0x7b28,0x7b28,0x7b28,0x7b28,0x7b28,0x7b28,0x7b28,0x7b28,0x7b28,0x7b28,
    0x7b28,0x5a26,0x5a26,0x5a26,0x5a26,0x5a26,0x0000,0x0000,0x0000,0x0000,0x0000,0x0000,
    0x0000,0x0000,0x0000,0x0000,0x0000,0x0000,0x0000,0x0000,0x0000,0x0000,0x0000,0x0000,
    0x0000,0x0000,0x0000,0x0000,0x0000,0x0000,0x0000,0x0000,0x0000,0x0000,0x0000,0x0000,
    0x0000,0x0000,0x0000,0x0000,0xa40b,0xa40b,0xa40b,0xa40b,0xa40b,0xa40b,0xa40b,0x7b28,
    0x7b28,0x7b28,0x7b28,0x7b28,0x7b28,0x7b28,0x7b28,0x5a26,0x5a26,0x5a26,0x5a26,0x7b28,
    0x7b28,0x7b28,0x5a26,0x5a26,0x7b28,0x7b28,0x7b28,0x7b28,0x7b28,0x7b28,0x7b28,0x7b28,
    0x7b28,0x7b28,0x7b28,0x7b28,0x7b28,0x5a26,0x5a26,0x5a26,0x5a26,0x5a26,0x0000,0x0000,
    0x0000,0x0000,0x0000,0x0000,0x0000,0x0000,0x0000,0x0000,0x0000,0x0000,0x0000,0x0000,
    0x0000,0x0000,0x0000,0x0000,0x0000,0x0000,0x0000,0x0000,0x0000,0x0000,0x0000,0x0000,
    0x0000,0x0000,0x0000,0x0000,0x0000,0x0000,0x0000,0x0000,0xa40b,0xa40b,0xa40b,0xa40b,
    0xa40b,0xa40b,0xa40b,0xa40b,0x7b28,0x7b28,0x7b28,0x7b28,0x7b28,0x7b28,0x7b28,0x7b28,
    0x5a26,0x5a26,0x5a26,0x7b28,0x7b28,0x7b28,0x5a26,0x5a26,0x7b28,0x7b28,0x7b28,0x7b28,
    0x7b28,0x7b28,0x7b28,0x7b28,0x7b28,0x7b28,0x7b28,0x7b28,0x7b28,0x5a26,0x5a26,0x5a26,
    0x5a26,0x5a26,0x0000,0x0000,0x0000,0x0000,0x0000,0x0000,0x0000,0x0000,0x0000,0x0000,
    0x0000,0x0000,0x0000,0x0000,0x0000,0x0000,0x0000,0x0000,0x0000,0x0000,0x0000,0x0000,
    0x0000,0x0000,0x0000,0x0000,0x0000,0x0000,0x0000,0x0000,0x0000,0x0000,0x0000,0x0000,
    0x7b28,0x7b28,0x7b28,0x7b28,0x7b28,0x7b28,0x7b28,0x7b28,0x7b28,0x7b28,0x7b28,0x7b28,
    0x7b28,0x7b28,0x7b28,0x7b28,0x7b28,0x5a26,0x5a26,0x7b28,0x7b28,0x7b28,0x5a26,0x5a26,
    0x7b28,0x7b28,0x7b28,0x7b28,0x7b28,0x7b28,0x7b28,0x7b28,0x7b28,0x7b28,0x7b28,0x7b28,
    0x7b28,0x5a26,0x5a26,0x5a26,0x5a26,0x5a26,0x0000,0x0000,0x0000,0x0000,0x0000,0x0000,
    0x0000,0x0000,0x0000,0x0000,0x0000,0x0000,0x0000,0x0000,0x0000,0x0000,0x0000,0x0000,
    0x0000,0x0000,0x0000,0x0000,0x0000,0x0000,0x0000,0x0000,0x0000,0x0000,0x0000,0x0000,
    0x0000,0x0000,0x0000,0x0000,0x7b28,0x7b28,0x7b28,0x7b28,0x7b28,0x7b28,0x7b28,0x7b28,
    0x7b28,0x7b28,0x7b28,0x7b28,0x7b28,0x7b28,0x7b28,0x7b28,0x7b28,0x7b28,0x7b28,0x7b28,
    0x7b28,0x7b28,0x5a26,0x5a26,0x7b28,0x7b28,0x7b28,0x7b28,0x7b28,0x7b28,0x7b28,0x7b28,
    0x7b28,0x7b28,0x7b28,0x7b28,0x7b28,0x5a26,0x5a26,0x5a26,0x5a26,0x5a26,0x0000,0x0000,
    0x0000,0x0000,0x0000,0x0000,0x0000,0x0000,0x0000,0x0000,0x0000,0x0000,0x0000,0x0000,
    0x0000,0x0000,0x0000,0x0000,0x0000,0x0000,0x0000,0x0000,0x0000,0x0000,0x0000,0x0000,
    0x0000,0x0000,0x0000,0x0000,0x0000,0x0000,0x0000,0x0000,0x7b28,0x7b28,0x7b28,0x7b28,
    0x7b28,0x7b28,0x7b28,0x7b28,0x7b28,0x7b28,0x7b28,0x7b28,0x7b28,0x7b28,0x7b28,0x7b28,
    0x7b28,0x7b28,0x7b28,0x7b28,0x7b28,0x7b28,0x5a26,0x5a26,0x7b28,0x7b28,0x7b28,0x7b28,
    0x7b28,0x7b28,0x7b28,0x7b28,0x7b28,0x7b28,0x7b28,0x7b28,0x7b28,0x5a26,0x5a26,0x5a26,
    0x5a26,0x5a26,0x0000,0x0000,0x0000,0x0000,0x0000,0x0000,0x0000,0x0000,0x0000,0x0000,
    0x0000,0x0000,0x0000,0x0000,0x0000,0x0000,0x0000,0x0000,0x0000,0x0000,0x0000,0x0000,
    0x0000,0x0000,0x0000,0x0000,0x0000,0x0000,0x0000,0x0000,0x0000,0x0000,0x0000,0x0000,
    0x7b28,0x7b28,0x7b28,0x7b28,0x7b28,0x7b28,0x7b28,0x7b28,0x7b28,0x7b28,0x7b28,0x7b28,
    0x7b28,0x7b28,0x7b28,0x7b28,0x7b28,0x7b28,0x7b28,0x7b28,0x7b28,0x7b28,0x5a26,0x5a26,
    0x5a26,0x7b28,0x7b28,0x7b28,0x7b28,0x7b28,0x7b28,0x7b28,0x7b28,0x7b28,0x7b28,0x7b28,
    0x7b28,0x7b28,0x5a26,0x5a26,0x5a26,0x5a26,0x0000,0x0000,0x0000,0x0000,0x0000,0x0000,
    0x0000,0x0000,0x0000,0x0000,0x0000,0x0000,0x0000,0x0000,0x0000,0x0000,0x0000,0x0000,
    0x0000,0x0000,0x0000,0x0000,0x0000,0x0000,0x0000,0x0000,0x0000,0x0000,0x0000,0x0000,
    0x0000,0x0000,0x0000,0x0000,0x7b28,0x7b28,0x7b28,0x7b28,0x7b28,0x7b28,0x7b28,0x7b28,
    0x7b28,0x7b28,0x7b28,0x7b28,0x7b28,0x7b28,0x7b28,0x7b28,0x7b28,0x7b28,0x7b28,0x7b28,
    0x7b28,0x7b28,0x5a26,0x5a26,0x5a26,0x5a26,0x7b28,0x7b28,0x7b28,0x7b28,0x7b28,0x7b28,
    0x7b28,0x7b28,0x7b28,0x7b28,0x7b28,0x7b28,0x7b28,0x5a26,0x5a26,0x5a26,0x0000,0x0000,
    0x0000,0x0000,0x0000,0x0000,0x0000,0x0000,0x0000,0x0000,0x0000,0x0000,0x0000,0x0000,
    0x0000,0x0000,0x0000,0x0000,0x0000,0x0000,0x0000,0x0000,0x0000,0x0000,0x0000,0x0000,
    0x0000,0x0000,0x0000,0x0000,0x0000,0x0000,0x0000,0x0000,0x7b28,0x7b28,0x7b28,0x7b28,
    0x7b28,0x7b28,0x7b28,0x7b28,0x7b28,0x7b28,0x7b28,0x7b28,0x7b28,0x7b28,0x7b28,0x7b28,
    0x7b28,0x7b28,0x7b28,0x7b28,0x7b28,0x7b28,0x5a26,0x5a26,0x5a26,0x5a26,0x5a26,0x7b28,
    0x7b28,0x7b28,0x7b28,0x7b28,0x7b28,0x7b28,0x7b28,0x7b28,0x7b28,0x7b28,0x7b28,0x7b28,
    0x5a26,0x5a26,0x0000,0x0000,0x0000,0x0000,0x0000,0x0000,0x0000,0x0000,0x0000,0x0000,
    0x0000,0x0000,0x0000,0x0000,0x0000,0x0000,0x0000,0x0000,0x0000,0x0000,0x0000,0x0000,
    0x0000,0x0000,0x0000,0x0000,0x0000,0x0000,0x0000,0x0000,0x0000,0x0000,0x0000,0x0000,
    0x7b28,0x7b28,0x7b28,0x7b28,0x7b28,0x7b28,0x7b28,0x7b28,0x7b28,0x7b28,0x7b28,0x7b28,
    0x7b28,0x7b28,0x7b28,0x7b28,0x7b28,0x7b28,0x7b28,0x7b28,0x7b28,0x7b28,0x5a26,0x5a26,
    0x5a26,0x5a26,0x5a26,0x5a26,0x7b28,0x5a26,0x5a26,0x5a26,0x5a26,0x0000,0x0000,0x0000,
    0x0000,0x0000,0x0000,0x0000,0x0000,0x0000,0x0000,0x0000,0x0000,0x0000,0x0000,0x0000,
    0x0000,0x0000,0x0000,0x0000,0x0000,0x0000,0x0000,0x0000,0x0000,0x0000,0x0000,0x0000,
    0x0000,0x0000,0x0000,0x0000,0x0000,0x0000,0x0000,0x0000,0x0000,0x0000,0x0000,0x0000,
    0x0000,0x0000,0x0000,0x0000,0x7b28,0x7b28,0x7b28,0x7b28,0x7b28,0x7b28,0x7b28,0x7b28,
    0x7b28,0x7b28,0x7b28,0x7b28,0x7b28,0x7b28,0x7b28,0x7b28,0x7b28,0x7b28,0x7b28,0x7b28,
    0x7b28,0x7b28,0x5a26,0x5a26,0x5a26,0x5a26,0x5a26,0x5a26,0x7b28,0x7b28,0x5a26,0x5a26,
    0x5a26,0x0000,0x0000,0x0000,0x0000,0x0000,0x0000,0x0000,0x0000,0x0000,0x0000,0x0000,
    0x0000,0x0000,0x0000,0x0000,0x0000,0x0000,0x0000,0x0000,0x0000,0x0000,0x0000,0x0000,
    0x0000,0x0000,0x0000,0x0000,0x0000,0x0000,0x0000,0x0000,0x0000,0x0000,0x0000,0x0000,
    0x0000,0x0000,0x0000,0x0000,0x0000,0x0000,0x0000,0x0000,0x0000,0x7b28,0x7b28,0x7b28,
    0x7b28,0x7b28,0x7b28,0x7b28,0x7b28,0x7b28,0x7b28,0x7b28,0x7b28,0x7b28,0x7b28,0x7b28,
    0x7b28,0x7b28,0x7b28,0x7b28,0x7b28,0x7b28,0x5a26,0x5a26,0x5a26,0x5a26,0x5a26,0x5a26,
    0x7b28,0x7b28,0x7b28,0x5a26,0x5a26,0x0000,0x0000,0x0000,0x0000,0x0000,0x0000,0x0000,
    0x0000,0x0000,0x0000,0x0000,0x0000,0x0000,0x0000,0x0000,0x0000,0x0000,0x0000,0x0000,
    0x0000,0x0000,0x0000,0x0000,0x0000,0x0000,0x0000,0x0000,0x0000,0x0000,0x0000,0x0000,
    0x0000,0x0000,0x0000,0x0000,0x0000,0x0000,0x0000,0x0000,0x0000,0x0000,0x0000,0x0000,
    0x0000,0x0000,0x7b28,0x7b28,0x7b28,0x7b28,0x7b28,0x7b28,0x7b28,0x7b28,0x7b28,0x7b28,
    0x7b28,0x7b28,0x7b28,0x7b28,0x7b28,0x7b28,0x7b28,0x7b28,0x7b28,0x7b28,0x5a26,0x5a26,
    0x5a26,0x5a26,0x5a26,0x5a26,0x0000,0x0000,0x0000,0x0000,0x0000,0x0000,0x0000,0x0000,
    0x0000,0x0000,0x0000,0x0000,0x0000,0x0000,0x0000,0x0000,0x0000,0x0000,0x0000,0x0000,
    0x0000,0x0000,0x0000,0x0000,0x0000,0x0000,0x0000,0x0000,0x0000,0x0000,0x0000,0x0000,
    0x0000,0x0000,0x0000,0x0000,0x0000,0x0000,0x0000,0x0000,0x0000,0x0000,0x0000,0x0000,
    0x0000,0x0000,0x0000,0x0000,0x0000,0x0000,0x0000,0x0000,0x0000,0x0000,0x0000,0x0000,
    0x0000,0x0000,0x7b28,0x7b28,0x7b28,0x7b28,0x7b28,0x7b28,0x7b28,0x7b28,0x7b28,0x7b28,
    0x7b28,0x7b28,0x5a26,0x5a26,0x5a26,0x5a26,0x5a26,0x5a26,0x0000,0x0000,0x0000,0x0000,
    0x0000,0x0000,0x0000,0x0000,0x0000,0x0000,0x0000,0x0000,0x0000,0x0000,0x0000,0x0000,
    0x0000,0x0000,0x0000,0x0000,0x0000,0x0000,0x0000,0x0000,0x0000,0x0000,0x0000,0x0000,
    0x0000,0x0000,0x0000,0x0000,0x0000,0x0000,0x0000,0x0000,0x0000,0x0000,0x0000,0x0000,
    0x0000,0x0000,0x0000,0x0000,0x0000,0x0000,0x0000,0x0000,0x0000,0x0000,0x0000,0x0000,
    0x0000,0x0000,0x0000,0x0000,0x0000,0x0000,0x7b28,0x7b28,0x7b28,0x7b28,0x7b28,0x7b28,
    0x7b28,0x7b28,0x7b28,0x7b28,0x7b28,0x7b28,0x5a26,0x5a26,0x5a26,0x5a26,0x5a26,0x5a26,
    0x0000,0x0000,0x0000,0x0000,0x0000,0x0000,0x0000,0x0000,0x0000,0x0000,0x0000,0x0000,
    0x0000,0x0000,0x0000,0x0000,0x0000,0x0000,0x0000,0x0000,0x0000,0x0000,0x0000,0x0000,
    0x0000,0x0000,0x0000,0x0000,0x0000,0x0000,0x0000,0x0000,0x0000,0x0000,0x0000,0x0000,
    0x0000,0x0000,0x0000,0x0000,0x0000,0x0000,0x0000,0x0000,0x0000,0x0000,0x0000,0x0000,
    0x0000,0x0000,0x0000,0x0000,0x0000,0x0000,0x0000,0x0000,0x0000,0x0000,0x7b28,0x7b28,
    0x7b28,0x7b28,0x7b28,0x7b28,0x7b28,0x7b28,0x7b28,0x7b28,0x7b28,0x7b28,0x5a26,0x5a26,
    0x5a26,0x5a26,0x5a26,0x5a26,0x0000,0x0000,0x0000,0x0000,0x0000,0x0000,0x0000,0x0000,
    0x0000,0x0000,0x0000,0x0000,0x0000,0x0000,0x0000,0x0000,0x0000,0x0000,0x0000,0x0000,
    0x0000,0x0000,0x0000,0x0000,0x0000,0x0000,0x0000,0x0000,0x0000,0x0000,0x0000,0x0000,
    0x0000,0x0000,0x0000,0x0000,0x0000,0x0000,0x0000,0x0000,0x0000,0x0000,0x0000,0x0000,
    0x0000,0x0000,0x0000,0x0000,0x0000,0x0000,0x0000,0x0000,0x0000,0x0000,0x0000,0x0000,
    0x0000,0x0000,0x7b28,0x7b28,0x7b28,0x7b28,0x7b28,0x7b28,0x7b28,0x7b28,0x7b28,0x7b28,
    0x7b28,0x7b28,0x5a26,0x5a26,0x5a26,0x5a26,0x5a26,0x5a26,0x0000,0x0000,0x0000,0x0000,
    0x0000,0x0000,0x0000,0x0000,0x0000,0x0000,0x0000,0x0000,0x0000,0x0000,0x0000,0x0000,
    0x0000,0x0000,0x0000,0x0000,0x0000,0x0000,0x0000,0x0000,0x0000,0x0000,0x0000,0x0000,
    0x0000,0x0000,0x0000,0x0000,0x0000,0x0000,0x0000,0x0000,0x0000,0x0000,0x0000,0x0000,
    0x0000,0x0000,0x0000,0x0000,0x0000,0x0000,0x0000,0x0000,0x0000,0x0000,0x0000,0x0000,
    0x0000,0x0000,0x0000,0x0000,0x0000,0x0000,0x7b28,0x7b28,0x7b28,0x7b28,0x7b28,0x7b28,
    0x7b28,0x7b28,0x7b28,0x7b28,0x7b28,0x7b28,0x5a26,0x5a26,0x5a26,0x5a26,0x5a26,0x5a26,
    0x0000,0x0000,0x0000,0x0000,0x0000,0x0000,0x0000,0x0000,0x0000,0x0000,0x0000,0x0000,
    0x0000,0x0000,0x0000,0x0000,0x0000,0x0000,0x0000,0x0000,0x0000,0x0000,0x0000,0x0000,
    0x0000,0x0000,0x0000,0x0000,0x0000,0x0000,0x0000,0x0000,0x0000,0x0000,0x0000,0x0000,
    0x0000,0x0000,0x0000,0x0000,0x0000,0x0000,0x0000,0x0000,0x0000,0x0000,0x0000,0x0000,
    0x0000,0x0000,0x0000,0x0000,0x0000,0x0000,0x0000,0x0000,0x0000,0x0000,0x7b28,0x7b28,
    0x7b28,0x7b28,0x7b28,0x7b28,0x7b28,0x7b28,0x7b28,0x7b28,0x7b28,0x7b28,0x5a26,0x5a26,
    0x5a26,0x5a26,0x5a26,0x5a26,0x0000,0x0000,0x0000,0x0000,0x0000,0x0000,0x0000,0x0000,
    0x0000,0x0000,0x0000,0x0000,0x0000,0x0000,0x0000,0x0000,0x0000,0x0000,0x0000,0x0000,
    0x0000,0x0000,0x0000,0x0000,0x0000,0x0000,0x0000,0x0000,0x0000,0x0000,0x0000,0x0000,
    0x0000,0x0000,0x0000,0x0000,0x0000,0x0000,0x0000,0x0000,0x0000,0x0000,0x0000,0x0000,
    0x0000,0x0000,0x0000,0x0000,0x0000,0x0000,0x0000,0x0000,0x0000,0x0000,0x0000,0x0000,
    0x0000,0x0000,0x7b28,0x7b28,0x7b28,0x7b28,0x7b28,0x7b28,0x7b28,0x7b28,0x7b28,0x7b28,
    0x7b28,0x7b28,0x5a26,0x5a26,0x5a26,0x5a26,0x5a26,0x5a26,0x0000,0x0000,0x0000,0x0000,
    0x0000,0x0000,0x0000,0x0000,0x0000,0x0000,0x0000,0x0000,0x0000,0x0000,0x0000,0x0000,
    0x0000,0x0000,0x0000,0x0000,0x0000,0x0000,0x0000,0x0000,0x0000,0x0000,0x0000,0x0000,
    0x0000,0x0000,0x0000,0x0000,0x0000,0x0000,0x0000,0x0000,0x0000,0x0000,0x0000,0x0000,
    0x0000,0x0000,0x0000,0x0000,0x0000,0x0000,0x0000,0x0000,0x0000,0x0000,0x0000,0x0000,
    0x0000,0x0000,0x0000,0x0000,0x0000,0x0000,0x7b28,0x7b28,0x7b28,0x7b28,0x7b28,0x7b28,
    0x7b28,0x7b28,0x7b28,0x7b28,0x7b28,0x7b28,0x5a26,0x5a26,0x5a26,0x5a26,0x5a26,0x5a26,
    0x0000,0x0000,0x0000,0x0000,0x0000,0x0000,0x0000,0x0000,0x0000,0x0000,0x0000,0x0000,
    0x0000,0x0000,0x0000,0x0000,0x0000,0x0000,0x0000,0x0000,0x0000,0x0000,0x0000,0x0000,
    0x0000,0x0000,0x0000,0x0000,0x0000,0x0000,0x0000,0x0000,0x0000,0x0000,0x0000,0x0000,
    0x0000,0x0000,0x0000,0x0000,0x0000,0x0000,0x0000,0x0000,0x0000,0x0000,0x0000,0x0000,
    0x0000,0x0000,0x0000,0x0000,0x0000,0x0000,0x0000,0x0000,0x0000,0x0000,0x7b28,0x7b28,
    0x7b28,0x7b28,0x7b28,0x7b28,0x7b28,0x7b28,0x7b28,0x7b28,0x7b28,0x7b28,0x5a26,0x5a26,
    0x5a26,0x5a26,0x5a26,0x5a26,0x0000,0x0000,0x0000,0x0000,0x0000,0x0000,0x0000,0x0000,
    0x0000,0x0000,0x0000,0x0000,0x0000,0x0000,0x0000,0x0000,0x0000,0x0000,0x0000,0x0000,
    0x0000,0x0000,0x0000,0x0000,0x0000,0x0000,0x0000,0x0000,0x0000,0x0000,0x0000,0x0000,
    0x0000,0x0000,0x0000,0x0000,0x0000,0x0000,0x0000,0x0000,0x0000,0x0000,0x0000,0x0000,
    0x0000,0x0000,0x0000,0x0000,0x0000,0x0000,0x0000,0x0000,0x0000,0x0000,0x0000,0x0000,
    0x0000,0xa40b,0xa40b,0xa40b,0xa40b,0xa40b,0xa40b,0xa40b,0xa40b,0xa40b,0xa40b,0xa40b,
    0xa40b,0xa40b,0xa40b,0x5a26,0x5a26,0x5a26,0x5a26,0x5a26,0x0000,0x0000,0x0000,0x0000,
    0x0000,0x0000,0x0000,0x0000,0x0000,0x0000,0x0000,0x0000,0x0000,0x0000,0x0000,0x0000,
    0x0000,0x0000,0x0000,0x0000,0x0000,0x0000,0x0000,0x0000,0x0000,0x0000,0x0000,0x0000,
    0x0000,0x0000,0x0000,0x0000,0x0000,0x0000,0x0000,0x0000,0x0000,0x0000,0x0000,0x0000,
    0x0000,0x0000,0x0000,0x0000,0x0000,0x0000,0x0000,0x0000,0x0000,0x0000,0x0000,0x0000,
    0x0000,0x0000,0x0000,0x0000,0x0000,0xa40b,0xa40b,0xa40b,0xa40b,0xa40b,0xa40b,0xa40b,
    0xa40b,0xa40b,0xa40b,0xa40b,0xa40b,0xa40b,0xa40b,0x5a26,0x5a26,0x5a26,0x5a26,0x5a26,
    0x0000,0x0000,0x0000,0x0000,0x0000,0x0000,0x0000,0x0000,0x0000,0x0000,0x0000,0x0000,
    0x0000,0x0000,0x0000,0x0000,0x0000,0x0000,0x0000,0x0000,0x0000,0x0000,0x0000,0x0000,
    0x0000,0x0000,0x0000,0x0000,0x0000,0x0000,0x0000,0x0000,0x0000,0x0000,0x0000,0x0000,
    0x0000,0x0000,0x0000,0x0000,0x0000,0x0000,0x0000,0x0000,0x0000,0x0000,0x0000,0x0000,
    0x0000,0x0000,0x0000,0x0000,0x0000,0x0000,0x0000,0x0000,0x0000,0x7b28,0x7b28,0x7b28,
    0x7b28,0x7b28,0x7b28,0x7b28,0x7b28,0x7b28,0x7b28,0x7b28,0x7b28,0x5a26,0x5a26,0x5a26,
    0x5a26,0x5a26,0x5a26,0x5a26,0x0000,0x0000,0x0000,0x0000,0x0000,0x0000,0x0000,0x0000,
    0x0000,0x0000,0x0000,0x0000,0x0000,0x0000,0x0000,0x0000,0x0000,0x0000,0x0000,0x0000,
    0x0000,0x0000,0x0000,0x0000,0x0000,0x0000,0x0000,0x0000,0x0000,0x0000,0x0000,0x0000,
    0x0000,0x0000,0x0000,0x0000,0x0000,0x0000,0x0000,0x0000,0x0000,0x0000,0x0000,0x0000,
    0x0000,0x0000,0x0000,0x0000,0x0000,0x0000,0x0000,0x0000,0x0000,0x0000,0x0000,0x0000,
    0x0000,0x7b28,0x7b28,0x7b28,0x7b28,0x7b28,0x7b28,0x7b28,0x7b28,0x7b28,0x7b28,0x7b28,
    0x7b28,0x5a26,0x5a26,0x5a26,0x5a26,0x5a26,0x5a26,0x5a26,0x0000,0x0000,0x0000,0x0000,
    0x0000,0x0000,0x0000,0x0000,0x0000,0x0000,0x0000,0x0000,0x0000,0x0000,0x0000,0x0000,
    0x0000,0x0000,0x0000,0x0000,0x0000,0x0000,0x0000,0x0000,0x0000,0x0000,0x0000,0x0000,
    0x0000,0x0000,0x0000,0x0000,0x0000,0x0000,0x0000,0x0000,0x0000,0x0000,0x0000,0x0000,
    0x0000,0x0000,0x0000,0x0000,0x0000,0x0000,0x0000,0x0000,0x0000,0x0000,0x0000,0x0000,
    0x0000,0x0000,0x0000,0x0000,0x0000,0x7b28,0x7b28,0x7b28,0x7b28,0x7b28,0x7b28,0x7b28,
    0x7b28,0x7b28,0x7b28,0x7b28,0x7b28,0x5a26,0x5a26,0x5a26,0x5a26,0x5a26,0x5a26,0x5a26,
    0x0000,0x0000,0x0000,0x0000,0x0000,0x0000,0x0000,0x0000,0x0000,0x0000,0x0000,0x0000,
    0x0000,0x0000,0x0000,0x0000,0x0000,0x0000,0x0000,0x0000,0x0000,0x0000,0x0000,0x0000,
    0x0000,0x0000,0x0000,0x0000,0x0000,0x0000,0x0000,0x0000,0x0000,0x0000,0x0000,0x0000,
    0x0000,0x0000,0x0000,0x0000,0x0000,0x0000,0x0000,0x0000,0x0000,0x0000,0x0000,0x0000,
    0x0000,0x0000,0x0000,0x0000,0x0000,0x0000,0x0000,0x0000,0x0000,0x7b28,0x7b28,0x7b28,
    0x7b28,0x7b28,0x7b28,0x7b28,0x7b28,0x7b28,0x7b28,0x7b28,0x7b28,0x5a26,0x5a26,0x5a26,
    0x5a26,0x5a26,0x5a26,0x5a26,0x0000,0x0000,0x0000,0x0000,0x0000,0x0000,0x0000,0x0000,
    0x0000,0x0000,0x0000,0x0000,0x0000,0x0000,0x0000,0x0000,0x0000,0x0000,0x0000,0x0000,
    0x0000,0x0000,0x0000,0x0000,0x0000,0x0000,0x0000,0x0000,0x0000,0x0000,0x0000,0x0000,
    0x0000,0x0000,0x0000,0x0000,0x0000,0x0000,0x0000,0x0000,0x0000,0x0000,0x0000,0x0000,
    0x0000,0x0000,0x0000,0x0000,0x0000,0x0000,0x0000,0x0000,0x0000,0x0000,0x0000,0x0000,
    0x0000,0x7b28,0x7b28,0x7b28,0x7b28,0xa40b,0xa40b,0xa40b,0xa40b,0xa40b,0xa40b,0xa40b,
    0xa40b,0x5a26,0x5a26,0x5a26,0x5a26,0x5a26,0x5a26,0x5a26,0xa40b,0x0000,0x0000,0x0000,
    0x0000,0x0000,0x0000,0x0000,0x0000,0x0000,0x0000,0x0000,0x0000,0x0000,0x0000,0x0000,
    0x0000,0x0000,0x0000,0x0000,0x0000,0x0000,0x0000,0x0000,0x0000,0x0000,0x0000,0x0000,
    0x0000,0x0000,0x0000,0x0000,0x0000,0x0000,0x0000,0x0000,0x0000,0x0000,0x0000,0x0000,
    0x0000,0x0000,0x0000,0x0000,0x0000,0x0000,0x0000,0x0000,0x0000,0x0000,0x0000,0x0000,
    0x0000,0x0000,0x0000,0x0000,0x0000,0x7b28,0x7b28,0x7b28,0x7b28,0xa40b,0xa40b,0xa40b,
    0xa40b,0xa40b,0xa40b,0xa40b,0xa40b,0xa40b,0x5a26,0x5a26,0x5a26,0x5a26,0x5a26,0x5a26,
    0xa40b,0xa40b,0x0000,0x0000,0x0000,0x0000,0x0000,0x0000,0x0000,0x0000,0x0000,0x0000,
    0x0000,0x0000,0x0000,0x0000,0x0000,0x0000,0x0000,0x0000,0x0000,0x0000,0x0000,0x0000,
    0x0000,0x0000,0x0000,0x0000,0x0000,0x0000,0x0000,0x0000,0x0000,0x0000,0x0000,0x0000,
    0x0000,0x0000,0x0000,0x0000,0x0000,0x0000,0x0000,0x0000,0x0000,0x0000,0x0000,0x0000,
    0x0000,0x0000,0x0000,0x0000,0x0000,0x0000,0x0000,0x0000,0x0000,0x7b28,0x7b28,0x7b28,
    0x7b28,0x7b28,0x7b28,0x7b28,0x7b28,0x7b28,0x7b28,0x5a26,0x5a26,0xa40b,0x5a26,0x5a26,
    0x5a26,0x5a26,0x5a26,0x5a26,0x5a26,0xa40b,0x0000,0x0000,0x0000,0x0000,0x0000,0x0000,
    0x0000,0x0000,0x0000,0x0000,0x0000,0x0000,0x0000,0x0000,0x0000,0x0000,0x0000,0x0000,
    0x0000,0x0000,0x0000,0x0000,0x0000,0x0000,0x0000,0x0000,0x0000,0x0000,0x0000,0x0000,
    0x0000,0x0000,0x0000,0x0000,0x0000,0x0000,0x0000,0x0000,0x0000,0x0000,0x0000,0x0000,
    0x0000,0x0000,0x0000,0x0000,0x0000,0x0000,0x0000,0x0000,0x0000,0x0000,0x0000,0x0000,
    0x0000,0x7b28,0x7b28,0x7b28,0x7b28,0x7b28,0x7b28,0x7b28,0x7b28,0x7b28,0x7b28,0x5a26,
    0x5a26,0x5a26,0x5a26,0x5a26,0x5a26,0x5a26,0x5a26,0x5a26,0x5a26,0x5a26,0x0000,0x0000,
    0x0000,0x0000,0x0000,0x0000,0x0000,0x0000,0x0000,0x0000,0x0000,0x0000,0x0000,0x0000,
    0x0000,0x0000,0x0000,0x0000,0x0000,0x0000,0x0000,0x0000,0x0000,0x0000,0x0000,0x0000,
    0x0000,0x0000,0x0000,0x0000,0x0000,0x0000,0x0000,0x0000,0x0000,0x0000,0x0000,0x0000,
    0x0000,0x0000,0x0000,0x0000,0x0000,0x0000,0x0000,0x0000,0x0000,0x0000,0x0000,0x0000,
    0x0000,0x0000,0x0000,0xa40b,0xa40b,0x7b28,0x7b28,0x7b28,0x7b28,0x7b28,0x7b28,0x7b28,
    0x7b28,0x7b28,0x7b28,0x5a26,0x5a26,0x5a26,0x5a26,0x5a26,0x5a26,0x5a26,0x5a26,0x5a26,
    0x5a26,0x5a26,0x0000,0x0000,0x0000,0x0000,0x0000,0x0000,0x0000,0x0000,0x0000,0x0000,
    0x0000,0x0000,0x0000,0x0000,0x0000,0x0000,0x0000,0x0000,0x0000,0x0000,0x0000,0x0000,
    0x0000,0x0000,0x0000,0x0000,0x0000,0x0000,0x0000,0x0000,0x0000,0x0000,0x0000,0x0000,
    0x0000,0x0000,0x0000,0x0000,0x0000,0x0000,0x0000,0x0000,0x0000,0x0000,0x0000,0x0000,
    0x0000,0x0000,0x0000,0x0000,0x0000,0x0000,0xa40b,0xa40b,0xa40b,0x7b28,0x7b28,0x7b28,
    0x7b28,0x7b28,0x7b28,0x7b28,0x7b28,0x7b28,0x7b28,0x5a26,0x5a26,0x5a26,0x5a26,0x7b28,
    0xa40b,0xa40b,0xa40b,0xa40b,0x5a26,0x5a26,0x0000,0x0000,0x0000,0x0000,0x0000,0x0000,
    0x0000,0x0000,0x0000,0x0000,0x0000,0x0000,0x0000,0x0000,0x0000,0x0000,0x0000,0x0000,
    0x0000,0x0000,0x0000,0x0000,0x0000,0x0000,0x0000,0x0000,0x0000,0x0000,0x0000,0x0000,
    0x0000,0x0000,0x0000,0x0000,0x0000,0x0000,0x0000,0x0000,0x0000,0x0000,0x0000,0x0000,
    0x0000,0x0000,0x0000,0x0000,0x0000,0x0000,0x0000,0x0000,0x0000,0x0000,0xa40b,0xa40b,
    0xa40b,0x7b28,0x7b28,0x7b28,0x7b28,0x7b28,0x7b28,0x7b28,0x7b28,0x7b28,0x7b28,0x5a26,
    0x5a26,0x5a26,0x5a26,0x7b28,0xa40b,0xa40b,0xa40b,0xa40b,0xa40b,0x5a26,0x0000,0x0000,
    0x0000,0x0000,0x0000,0x0000,0x0000,0x0000,0x0000,0x0000,0x0000,0x0000,0x0000,0x0000,
    0x0000,0x0000,0x0000,0x0000,0x0000,0x0000,0x0000,0x0000,0x0000,0x0000,0x0000,0x0000,
    0x0000,0x0000,0x0000,0x0000,0x0000,0x0000,0x0000,0x0000,0x0000,0x0000,0x0000,0x0000,
    0x0000,0x0000,0x0000,0x0000,0x0000,0x0000,0x0000,0x0000,0x0000,0x0000,0x0000,0x0000,
    0x0000,0x0000,0x7b28,0x7b28,0x7b28,0x7b28,0x7b28,0x7b28,0x7b28,0x7b28,0x7b28,0x7b28,
    0x7b28,0x7b28,0x7b28,0x5a26,0x5a26,0x5a26,0x5a26,0x7b28,0x7b28,0x7b28,0x5a26,0x5a26,
    0xa40b,0xa40b,0x0000,0x0000,0x0000,0x0000,0x0000,0x0000,0x0000,0x0000,0x0000,0x0000,
    0x0000,0x0000,0x0000,0x0000,0x0000,0x0000,0x0000,0x0000,0x0000,0x0000,0x0000,0x0000,
    0x0000,0x0000,0x0000,0x0000,0x0000,0x0000,0x0000,0x0000,0x0000,0x0000,0x0000,0x0000,
    0x0000,0x0000,0x0000,0x0000,0x0000,0x0000,0x0000,0x0000,0x0000,0x0000,0x0000,0x0000,
    0x0000,0x0000,0x0000,0x0000,0x0000,0x0000,0x7b28,0x7b28,0x7b28,0x7b28,0x7b28,0x7b28,
    0x7b28,0x7b28,0x7b28,0x7b28,0x7b28,0x7b28,0x7b28,0x7b28,0x5a26,0x5a26,0x5a26,0x7b28,
    0x7b28,0x7b28,0x5a26,0x5a26,0x5a26,0xa40b,0xa40b,0x0000,0x0000,0x0000,0x0000,0x0000,
    0x0000,0x0000,0x0000,0x0000,0x0000,0x0000,0x0000,0x0000,0x0000,0x0000,0x0000,0x0000,
    0x0000,0x0000,0x0000,0x0000,0x0000,0x0000,0x0000,0x0000,0x0000,0x0000,0x0000,0x0000,
    0x0000,0x0000,0x0000,0x0000,0x0000,0x0000,0x0000,0x0000,0x0000,0x0000,0x0000,0x0000,
    0x0000,0x0000,0x0000,0x0000,0x0000,0x0000,0x0000,0x0000,0x0000,0x0000,0x7b28,0x7b28,
    0x7b28,0x7b28,0x7b28,0x7b28,0x7b28,0x7b28,0x7b28,0x7b28,0x7b28,0x7b28,0x7b28,0x7b28,
    0x7b28,0x5a26,0x5a26,0x7b28,0x7b28,0x7b28,0x5a26,0x5a26,0x5a26,0x5a26,0xa40b,0x0000,
    0x0000,0x0000,0x0000,0x0000,0x0000,0x0000,0x0000,0x0000,0x0000,0x0000,0x0000,0x0000,
    0x0000,0x0000,0x0000,0x0000,0x0000,0x0000,0x0000,0x0000,0x0000,0x0000,0x0000,0x0000,
    0x0000,0x0000,0x0000,0x0000,0x0000,0x0000,0x0000,0x0000,0x0000,0x0000,0x0000,0x0000,
    0x0000,0x0000,0x0000,0x0000,0x0000,0x0000,0x0000,0x0000,0x0000,0x0000,0x0000,0x0000,
    0x0000,0x0000,0x7b28,0x7b28,0x7b28,0x7b28,0x7b28,0x7b28,0x7b28,0x7b28,0x7b28,0x7b28,
    0x7b28,0x7b28,0x7b28,0x7b28,0x7b28,0x7b28,0x7b28,0x7b28,0x7b28,0x7b28,0x5a26,0x5a26,
    0x5a26,0x5a26,0x5a26,0x0000,0x0000,0x0000,0x0000,0x0000,0x0000,0x0000,0x0000,0x0000,
    0x0000,0x0000,0x0000,0x0000,0x0000,0x0000,0x0000,0x0000,0x0000,0x0000,0x0000,0x0000,
    0x0000,0x0000,0x0000,0x0000,0x0000,0x0000,0x0000,0x0000,0x0000,0x0000,0x0000,0x0000,
    0x0000,0x0000,0x0000,0x0000,0x0000,0x0000,0x0000,0x0000,0x0000,0x0000,0x0000,0x0000,
    0x0000,0x0000,0x0000,0x0000,0x0000,0x0000,0x0000,0x7b28,0x7b28,0x7b28,0x7b28,0x7b28,
    0x7b28,0x7b28,0x7b28,0x7b28,0x7b28,0x7b28,0x7b28,0x7b28,0x7b28,0x7b28,0x7b28,0x7b28,
    0x7b28,0x7b28,0x7b28,0x5a26,0x5a26,0x5a26,0x5a26,0x0000,0x0000,0x0000,0x0000,0x0000,
    0x0000,0x0000,0x0000,0x0000,0x0000,0x0000,0x0000,0x0000,0x0000,0x0000,0x0000,0x0000,
    0x0000,0x0000,0x0000,0x0000,0x0000,0x0000,0x0000,0x0000,0x0000,0x0000,0x0000,0x0000,
    0x0000,0x0000,0x0000,0x0000,0x0000,0x0000,0x0000,0x0000,0x0000,0x0000,0x0000,0x0000,
    0x0000,0x0000,0x0000,0x0000,0x0000,0x0000,0x0000,0x0000,0x0000,0x0000,0x0000,0x0000,
    0x7b28,0x7b28,0x7b28,0x7b28,0x7b28,0x7b28,0x7b28,0x7b28,0x7b28,0x7b28,0x7b28,0x7b28,
    0x7b28,0x7b28,0x7b28,0x7b28,0x7b28,0x7b28,0x7b28,0x7b28,0x5a26,0x5a26,0x5a26,0x0000,
    0x0000,0x0000,0x0000,0x0000,0x0000,0x0000,0x0000,0x0000,0x0000,0x0000,0x0000,0x0000,
    0x0000,0x0000,0x0000,0x0000,0x0000,0x0000,0x0000,0x0000,0x0000,0x0000,0x0000,0x0000,
    0x0000,0x0000,0x0000,0x0000,0x0000,0x0000,0x0000,0x0000,0x0000,0x0000,0x0000,0x0000,
    0x0000,0x0000,0x0000,0x0000,0x0000,0x0000,0x0000,0x0000,0x0000,0x0000,0x0000,0x0000,
    0x0000,0x0000,0x0000,0x0000,0x0000,0x7b28,0x7b28,0x7b28,0x7b28,0x7b28,0x7b28,0x7b28,
    0x7b28,0x7b28,0x7b28,0x7b28,0x7b28,0x7b28,0x7b28,0x7b28,0x7b28,0x7b28,0x7b28,0x7b28,
    0x7b28,0x5a26,0x5a26,0x0000,0x0000,0x0000,0x0000,0x0000,0x0000,0x0000,0x0000,0x0000,
    0x0000,0x0000,0x0000,0x0000,0x0000,0x0000,0x0000,0x0000,0x0000,0x0000,0x0000,0x0000,
    0x0000,0x0000,0x0000,0x0000,0x0000,0x0000,0x0000,0x0000,0x0000,0x0000,0x0000,0x0000,
    0x0000,0x0000,0x0000,0x0000,0x0000,0x0000,0x0000,0x0000,0x0000,0x0000,0x0000,0x0000,
    0x0000,0x0000,0x0000,0x0000,0x0000,0x0000,0x0000,0x0000,0x0000,0x0000,0x7b28,0x7b28,
    0x7b28,0x7b28,0x7b28,0x7b28,0x7b28,0x7b28,0x7b28,0x7b28,0x7b28,0x7b28,0x7b28,0x7b28,
    0x7b28,0x7b28,0x5a26,0x5a26,0x5a26,0x5a26,0x0000,0x0000,0x0000,0x0000,0x0000,0x0000,
    0x0000,0x0000,0x0000,0x0000,0x0000,0x0000,0x0000,0x0000,0x0000,0x0000,0x0000,0x0000,
    0x0000,0x0000,0x0000,0x0000,0x0000,0x0000,0x0000,0x0000,0x0000,0x0000,0x0000,0x0000,
    0x0000,0x0000,0x0000,0x0000,0x0000,0x0000,0x0000,0x0000,0x0000,0x0000,0x0000,0x0000,
    0x0000,0x0000,0x0000,0x0000,0x0000,0x0000,0x0000,0x0000,0x0000,0x0000,0x0000,0x0000,
    0x0000,0x0000,0x0000,0x0000,0x0000,0x0000,0x0000,0x7b28,0x7b28,0x7b28,0x7b28,0x7b28,
    0x7b28,0x7b28,0x7b28,0x7b28,0x7b28,0x7b28,0x7b28,0x5a26,0x5a26,0x5a26,0x0000,0x0000,
    0x0000,0x0000,0x0000,0x0000,0x0000,0x0000,0x0000,0x0000,0x0000,0x0000,0x0000,0x0000,
    0x0000,0x0000,0x0000,0x0000,0x0000,0x0000,0x0000,0x0000,0x0000,0x0000,0x0000,0x0000,
    0x0000,0x0000,0x0000,0x0000,0x0000,0x0000,0x0000,0x0000,0x0000,0x0000,0x0000,0x0000,
    0x0000,0x0000,0x0000,0x0000,0x0000,0x0000,0x0000,0x0000,0x0000,0x0000,0x0000,0x0000,
    0x0000,0x0000,0x0000,0x0000,0x0000,0x0000,0x0000,0x0000,0x0000,0x0000,0x0000,0x0000,
    0x7b28,0x7b28,0x7b28,0x7b28,0x7b28,0x7b28,0x7b28,0x7b28,0x7b28,0x7b28,0x7b28,0x7b28,
    0x5a26,0x5a26,0x0000,0x0000,0x0000,0x0000,0x0000,0x0000,0x0000,0x0000,0x0000,0x0000,
    0x0000,0x0000,0x0000,0x0000,0x0000,0x0000,0x0000,0x0000,0x0000,0x0000,0x0000,0x0000,
    0x0000,0x0000,0x0000,0x0000,0x0000,0x0000,0x0000,0x0000,0x0000,0x0000,0x0000,0x0000,
    0x0000,0x0000,0x0000,0x0000,0x0000,0x0000,0x0000,0x0000,0x0000,0x0000,0x0000,0x0000,
    0x0000,0x0000,0x0000,0x0000,0x0000,0x0000,0x0000,0x0000,0x0000,0x0000,0x0000,0x0000,
    0x0000,0x0000,0x0000,0x0000,0x0000,0x7b28,0x7b28,0x7b28,0x7b28,0x7b28,0x7b28,0x5a26,
    0x5a26,0x5a26,0x0000,0x0000,0x0000,0x0000,0x0000,0x0000,0x0000,0x0000,0x0000,0x0000,
    0x0000,0x0000,0x0000,0x0000,0x0000,0x0000,0x0000,0x0000,0x0000,0x0000,0x0000,0x0000,
    0x0000,0x0000,0x0000,0x0000,0x0000,0x0000,0x0000,0x0000,0x0000,0x0000,0x0000,0x0000,
    0x0000,0x0000,0x0000,0x0000,0x0000,0x0000,0x0000,0x0000,0x0000,0x0000,0x0000,0x0000,
    0x0000,0x0000,0x0000,0x0000,0x0000,0x0000,0x0000,0x0000,0x0000,0x0000,0x0000,0x0000,
    0x0000,0x0000,0x0000,0x0000,0x0000,0x0000,0x0000,0x0000,0x0000,0x0000,0x7b28,0x7b28,
    0x7b28,0x7b28,0x7b28,0x7b28,0x5a26,0x5a26,0x0000,0x0000,0x0000,0x0000,0x0000,0x0000,
    0x0000,0x0000,0x0000,0x0000,0x0000,0x0000,0x0000,0x0000,0x0000,0x0000,0x0000,0x0000,
    0x0000,0x0000,0x0000,0x0000,0x0000,0x0000,0x0000,0x0000,0x0000,0x0000,0x0000,0x0000,
    0x0000,0x0000,0x0000,0x0000,0x0000,0x0000,0x0000,0x0000,0x0000,0x0000,0x0000,0x0000,
};
const sprite_t spr_tree_green_far = { 76, 111, px_tree_green_far };

static const uint16_t px_tree_dead_far[4620] = {
    0x0000,0x0000,0x0000,0x0000,0x0000,0x0000,0x0000,0x0000,0xa40b,0xa40b,0xa40b,0xa40b,
    0xa40b,0xa40b,0xa40b,0xa40b,0xa40b,0xa40b,0x0000,0x0000,0x0000,0x0000,0x0000,0x0000,
    0x0000,0x0000,0x0000,0x0000,0x0000,0x0000,0x0000,0x0000,0x0000,0x0000,0x0000,0x0000,
    0x0000,0x0000,0x0000,0x0000,0x0000,0x0000,0x0000,0x0000,0x0000,0x0000,0x0000,0x0000,
    0x0000,0x0000,0x0000,0x0000,0x0000,0x0000,0x0000,0x0000,0x0000,0x0000,0x0000,0x0000,
    0x0000,0x0000,0x0000,0x0000,0x0000,0x0000,0x0000,0x0000,0xa40b,0xa40b,0xa40b,0xa40b,
    0xa40b,0xa40b,0xa40b,0xa40b,0xa40b,0xa40b,0xa40b,0x0000,0x0000,0x0000,0x0000,0x0000,
    0x0000,0x0000,0x0000,0x0000,0x0000,0x0000,0x0000,0x0000,0x0000,0x0000,0x0000,0x0000,
    0x0000,0x0000,0x0000,0x0000,0x0000,0x0000,0x0000,0x0000,0x0000,0x0000,0x0000,0x0000,
    0x0000,0x0000,0x0000,0x0000,0x0000,0x0000,0x0000,0x0000,0x0000,0x0000,0x0000,0x0000,
    0xa40b,0xa40b,0xa40b,0xa40b,0x0000,0x0000,0x0000,0x0000,0x7b28,0x7b28,0x7b28,0x7b28,
    0x7b28,0x7b28,0x7b28,0x7b28,0x5a26,0x5a26,0xa40b,0xa40b,0x0000,0x0000,0x0000,0x0000,
    0x0000,0x0000,0x0000,0x0000,0x0000,0x0000,0x0000,0x0000,0x0000,0x0000,0x0000,0x0000,
    0x0000,0x0000,0x0000,0x0000,0x0000,0x0000,0x0000,0x0000,0x0000,0x0000,0x0000,0x0000,
    0x0000,0x0000,0x0000,0x0000,0x0000,0x0000,0x0000,0x0000,0x0000,0x0000,0x0000,0x0000,
    0xa40b,0xa40b,0xa40b,0xa40b,0xa40b,0x0000,0x0000,0x0000,0x7b28,0x7b28,0x7b28,0x7b28,
    0x7b28,0x7b28,0x7b28,0x7b28,0x5a26,0x5a26,0x5a26,0xa40b,0x0000,0x0000,0x0000,0x0000,
    0x0000,0x0000,0x0000,0x0000,0x0000,0x0000,0x0000,0x0000,0x0000,0x0000,0x0000,0x0000,
    0x0000,0x0000,0x0000,0x0000,0x0000,0x0000,0x0000,0x0000,0x0000,0x0000,0x0000,0x0000,
    0x0000,0x0000,0x0000,0x0000,0x0000,0x0000,0x0000,0x0000,0x0000,0x0000,0x0000,0x0000,
    0x7b28,0x7b28,0x5a26,0x5a26,0xa40b,0x0000,0x0000,0x0000,0x7b28,0x7b28,0x7b28,0x7b28,
    0x7b28,0x7b28,0x7b28,0x7b28,0x5a26,0x5a26,0x5a26,0x5a26,0x0000,0x0000,0x0000,0x0000,
    0x0000,0x0000,0x0000,0x0000,0x0000,0x0000,0x0000,0x0000,0x0000,0x0000,0x0000,0x0000,
    0x0000,0x0000,0xa40b,0xa40b,0xa40b,0xa40b,0xa40b,0xa40b,0xa40b,0xa40b,0x0000,0x0000,
    0x0000,0x0000,0x0000,0x0000,0x0000,0x0000,0x0000,0x0000,0x0000,0x0000,0x0000,0x0000,
    0x7b28,0x7b28,0x5a26,0x5a26,0x5a26,0x0000,0x0000,0x0000,0x7b28,0x7b28,0x7b28,0x7b28,
    0x7b28,0x7b28,0x7b28,0x7b28,0x5a26,0x5a26,0x5a26,0x5a26,0x0000,0x0000,0x0000,0x0000,
    0x0000,0x0000,0x0000,0x0000,0x0000,0x0000,0x0000,0x0000,0x0000,0x0000,0x0000,0x0000,
    0x0000,0x0000,0xa40b,0xa40b,0xa40b,0xa40b,0xa40b,0xa40b,0xa40b,0xa40b,0xa40b,0x0000,
    0x0000,0x0000,0x0000,0x0000,0x0000,0x0000,0x0000,0x0000,0x0000,0x0000,0x0000,0x0000,
    0x7b28,0x7b28,0x5a26,0x5a26,0x5a26,0xa40b,0xa40b,0xa40b,0x7b28,0x7b28,0x7b28,0x7b28,
    0x7b28,0x7b28,0x7b28,0x7b28,0x5a26,0x5a26,0x5a26,0x5a26,0x0000,0x0000,0x0000,0x0000,
    0x0000,0x0000,0x0000,0x0000,0x0000,0x0000,0x0000,0x0000,0x0000,0x0000,0x0000,0x0000,
    0x0000,0x0000,0x7b28,0x7b28,0x7b28,0x7b28,0x7b28,0x7b28,0x5a26,0x5a26,0xa40b,0xa40b,
    0x0000,0x0000,0x0000,0x0000,0x0000,0x0000,0x0000,0x0000,0x0000,0x0000,0x0000,0x0000,
    0x7b28,0x7b28,0x5a26,0x5a26,0x5a26,0xa40b,0xa40b,0xa40b,0x7b28,0x7b28,0x7b28,0x7b28,
    0x7b28,0x7b28,0x7b28,0x7b28,0x5a26,0x5a26,0x5a26,0x5a26,0x0000,0x0000,0x0000,0x0000,
    0x0000,0x0000,0x0000,0x0000,0x0000,0x0000,0x0000,0x0000,0x0000,0x0000,0x0000,0x0000,
    0x0000,0x0000,0x7b28,0x7b28,0x7b28,0x7b28,0x7b28,0x7b28,0x5a26,0x5a26,0x5a26,0xa40b,
    0x0000,0x0000,0x0000,0x0000,0x0000,0x0000,0x0000,0xa40b,0xa40b,0xa40b,0xa40b,0x0000,
    0x7b28,0x7b28,0x5a26,0x5a26,0x5a26,0x7b28,0x7b28,0x7b28,0x7b28,0x7b28,0x7b28,0x7b28,
    0x7b28,0x7b28,0x7b28,0x7b28,0x5a26,0x5a26,0x5a26,0x5a26,0x0000,0x0000,0x0000,0x0000,
    0x0000,0x0000,0x0000,0x0000,0x0000,0x0000,0x0000,0x0000,0x0000,0x0000,0x0000,0x0000,
    0x0000,0x0000,0x7b28,0x7b28,0x7b28,0x7b28,0x7b28,0x7b28,0x5a26,0x5a26,0x5a26,0x5a26,
    0x0000,0x0000,0x0000,0x0000,0x0000,0x0000,0x0000,0xa40b,0xa40b,0xa40b,0xa40b,0xa40b,
    0x7b28,0x7b28,0x5a26,0x5a26,0x5a26,0x7b28,0x7b28,0x7b28,0x7b28,0x7b28,0x7b28,0x7b28,
    0x7b28,0x7b28,0x7b28,0x7b28,0x5a26,0x5a26,0x5a26,0x5a26,0x0000,0x0000,0x0000,0x0000,
    0x0000,0x0000,0x0000,0x0000,0x0000,0x0000,0x0000,0x0000,0x0000,0x0000,0x0000,0x0000,
    0x0000,0x0000,0x7b28,0x7b28,0x7b28,0x7b28,0x7b28,0x7b28,0x5a26,0x5a26,0x5a26,0x5a26,
    0x0000,0x0000,0x0000,0x0000,0x0000,0x0000,0x0000,0x7b28,0x7b28,0x5a26,0x5a26,0xa40b,
    0x7b28,0x7b28,0x5a26,0x5a26,0x5a26,0x7b28,0x7b28,0x7b28,0x7b28,0x7b28,0x7b28,0x7b28,
    0x7b28,0x7b28,0x7b28,0x7b28,0x5a26,0x5a26,0x5a26,0x5a26,0x0000,0x0000,0x0000,0x0000,
    0x0000,0x0000,0x0000,0x0000,0x0000,0x0000,0x0000,0x0000,0x0000,0x0000,0x0000,0x0000,
    0x0000,0x0000,0x7b28,0x7b28,0x7b28,0x7b28,0x7b28,0x7b28,0x5a26,0x5a26,0x5a26,0x5a26,
    0x0000,0x0000,0x0000,0x0000,0x0000,0x0000,0x0000,0x7b28,0x7b28,0x5a26,0x5a26,0x5a26,
    0x7b28,0x7b28,0x5a26,0x5a26,0x5a26,0x7b28,0x7b28,0x7b28,0x7b28,0x7b28,0x7b28,0x7b28,
    0x7b28,0x7b28,0x7b28,0x7b28,0x5a26,0x5a26,0x5a26,0x5a26,0x0000,0x0000,0x0000,0x0000,
    0x0000,0x0000,0x0000,0x0000,0x0000,0x0000,0x0000,0x0000,0x0000,0x0000,0x0000,0x0000,
    0x0000,0x0000,0x7b28,0x7b28,0x7b28,0x7b28,0x7b28,0x7b28,0x5a26,0x5a26,0x5a26,0x5a26,
    0x0000,0x0000,0x0000,0x0000,0x0000,0x0000,0x0000,0x7b28,0x7b28,0x5a26,0x5a26,0x5a26,
    0x7b28,0x7b28,0x5a26,0x5a26,0x5a26,0x7b28,0x7b28,0x7b28,0x7b28,0x7b28,0x7b28,0x7b28,
    0x7b28,0x7b28,0x7b28,0x7b28,0x5a26,0x5a26,0x5a26,0x5a26,0x0000,0x0000,0x0000,0x0000,
    0x0000,0x0000,0x0000,0x0000,0x0000,0x0000,0x0000,0x0000,0x0000,0x0000,0x0000,0x0000,
    0x0000,0x0000,0x7b28,0x7b28,0x7b28,0x7b28,0x7b28,0x7b28,0x5a26,0x5a26,0x5a26,0x5a26,
    0x0000,0x0000,0x0000,0x0000,0x0000,0x0000,0x0000,0x7b28,0x7b28,0x5a26,0x5a26,0x5a26,
    0x7b28,0x7b28,0x5a26,0x5a26,0x5a26,0x7b28,0x7b28,0x7b28,0x7b28,0x7b28,0x7b28,0x7b28,
    0x7b28,0x7b28,0x7b28,0x7b28,0x5a26,0x5a26,0x5a26,0x5a26,0xa40b,0x0000,0x0000,0x0000,
    0x0000,0x0000,0x0000,0x0000,0x0000,0x0000,0x0000,0x0000,0x0000,0x0000,0x0000,0x0000,
    0x0000,0x0000,0x7b28,0x7b28,0x7b28,0x7b28,0x7b28,0x7b28,0x5a26,0x5a26,0x7b28,0xa40b,
    0xa40b,0xa40b,0xa40b,0xa40b,0xa40b,0xa40b,0xa40b,0x7b28,0x7b28,0x5a26,0x5a26,0x5a26,
    0x7b28,0x7b28,0x5a26,0x5a26,0x5a26,0xa40b,0x7b28,0x7b28,0x5a26,0x7b28,0x7b28,0x7b28,
    0x7b28,0x7b28,0x7b28,0x7b28,0x7b28,0x5a26,0x5a26,0x5a26,0xa40b,0xa40b,0xa40b,0xa40b,
    0xa40b,0xa40b,0xa40b,0xa40b,0x0000,0x0000,0x0000,0x0000,0x0000,0x0000,0x0000,0x0000,
    0x0000,0x0000,0x7b28,0x7b28,0x7b28,0x7b28,0x7b28,0x7b28,0x5a26,0x5a26,0x7b28,0xa40b,
    0xa40b,0xa40b,0xa40b,0xa40b,0xa40b,0xa40b,0xa40b,0x7b28,0x7b28,0x5a26,0x5a26,0x5a26,
    0x7b28,0x7b28,0x5a26,0x5a26,0x5a26,0xa40b,0xa40b,0xa40b,0xa40b,0xa40b,0x7b28,0x7b28,
    0x7b28,0x7b28,0x7b28,0x7b28,0x7b28,0x7b28,0x5a26,0x5a26,0x5a26,0xa40b,0xa40b,0xa40b,
    0xa40b,0xa40b,0xa40b,0xa40b,0xa40b,0x0000,0x0000,0x0000,0x0000,0x0000,0x0000,0x0000,
    0x0000,0x0000,0x7b28,0x7b28,0x7b28,0x7b28,0x7b28,0x7b28,0x5a26,0x5a26,0x7b28,0x7b28,
    0x7b28,0x7b28,0x7b28,0x7b28,0x7b28,0x7b28,0x7b28,0x7b28,0x7b28,0x5a26,0x5a26,0x5a26,
    0x0000,0x7b28,0x7b28,0x5a26,0x5a26,0x5a26,0xa40b,0xa40b,0xa40b,0xa40b,0x7b28,0x7b28,
    0x7b28,0x7b28,0x7b28,0x7b28,0x7b28,0x7b28,0x5a26,0x5a26,0x5a26,0x5a26,0xa40b,0x7b28,
    0x7b28,0x7b28,0x5a26,0x5a26,0xa40b,0xa40b,0x0000,0x0000,0x0000,0x0000,0x0000,0x0000,
    0x0000,0x0000,0x7b28,0x7b28,0x7b28,0x7b28,0x7b28,0x7b28,0x5a26,0x5a26,0x7b28,0x7b28,
    0x7b28,0x7b28,0x7b28,0x7b28,0x7b28,0x7b28,0x7b28,0x7b28,0x7b28,0x5a26,0x5a26,0x5a26,
    0x0000,0x0000,0x7b28,0x7b28,0x5a26,0x5a26,0x5a26,0xa40b,0xa40b,0xa40b,0x7b28,0x7b28,
    0x7b28,0x7b28,0x7b28,0x7b28,0x7b28,0x7b28,0x5a26,0x5a26,0x5a26,0x5a26,0x5a26,0x7b28,
    0x7b28,0x7b28,0x5a26,0x5a26,0x5a26,0xa40b,0x0000,0x0000,0x0000,0x0000,0x0000,0xa40b,
    0xa40b,0xa40b,0xa40b,0xa40b,0xa40b,0xa40b,0xa40b,0x7b28,0x5a26,0x5a26,0x5a26,0x7b28,
    0x7b28,0x7b28,0x7b28,0x7b28,0x7b28,0x7b28,0x7b28,0x7b28,0x7b28,0x7b28,0x5a26,0x5a26,
    0x0000,0x0000,0x0000,0x7b28,0x7b28,0x5a26,0x5a26,0x5a26,0xa40b,0x7b28,0x7b28,0x7b28,
    0x7b28,0x7b28,0x7b28,0x7b28,0x7b28,0x7b28,0x5a26,0x5a26,0x5a26,0x5a26,0x5a26,0x7b28,
    0x7b28,0x7b28,0x5a26,0x5a26,0x5a26,0x5a26,0x0000,0x0000,0x0000,0x0000,0x0000,0xa40b,
    0xa40b,0xa40b,0xa40b,0xa40b,0xa40b,0xa40b,0xa40b,0xa40b,0x5a26,0x5a26,0x5a26,0x5a26,
    0x0000,0x0000,0x0000,0x0000,0x0000,0x0000,0x0000,0x0000,0x0000,0x0000,0x0000,0x0000,
    0x0000,0x0000,0x0000,0x0000,0x7b28,0x7b28,0x5a26,0x5a26,0x5a26,0x7b28,0x7b28,0x7b28,
    0x7b28,0x7b28,0x7b28,0x7b28,0x7b28,0x7b28,0x5a26,0x5a26,0x5a26,0x5a26,0x5a26,0x7b28,
    0x7b28,0x7b28,0x5a26,0x5a26,0x5a26,0x5a26,0x0000,0x0000,0x0000,0x0000,0x0000,0x7b28,
    0x7b28,0x7b28,0x7b28,0x7b28,0x7b28,0x5a26,0x5a26,0xa40b,0xa40b,0x5a26,0x5a26,0x5a26,
    0x0000,0x0000,0x0000,0x0000,0x0000,0x0000,0x0000,0x0000,0x0000,0x0000,0x0000,0x0000,
    0x0000,0x0000,0x0000,0x0000,0x7b28,0x7b28,0x5a26,0x5a26,0x5a26,0x7b28,0x7b28,0x7b28,
    0x7b28,0x7b28,0x7b28,0x7b28,0x7b28,0x7b28,0x5a26,0x5a26,0x5a26,0x5a26,0x5a26,0x7b28,
    0x7b28,0x7b28,0x5a26,0x5a26,0x5a26,0x5a26,0x0000,0x0000,0x0000,0x0000,0x0000,0x7b28,
    0x7b28,0x7b28,0x7b28,0x7b28,0x7b28,0x5a26,0x5a26,0x5a26,0xa40b,0x5a26,0x5a26,0x5a26,
    0x0000,0x0000,0x0000,0x0000,0x0000,0x0000,0x0000,0x0000,0x0000,0x0000,0x0000,0x0000,
    0x0000,0x0000,0x0000,0x0000,0x7b28,0x7b28,0x5a26,0x5a26,0x5a26,0x7b28,0x7b28,0x7b28,
    0x7b28,0x7b28,0x7b28,0x7b28,0x7b28,0x7b28,0x5a26,0x5a26,0x5a26,0x5a26,0x5a26,0x7b28,
    0x7b28,0x7b28,0x5a26,0x5a26,0x5a26,0x5a26,0x0000,0x0000,0x0000,0x0000,0x0000,0x7b28,
    0x7b28,0x7b28,0x7b28,0x7b28,0x7b28,0x5a26,0x5a26,0x5a26,0x5a26,0x5a26,0x5a26,0x5a26,
    0x0000,0x0000,0x0000,0x0000,0x0000,0x0000,0x0000,0x0000,0x0000,0x0000,0x0000,0x0000,
    0x0000,0x0000,0x0000,0x0000,0x7b28,0x7b28,0x7b28,0x5a26,0x5a26,0x7b28,0x7b28,0x7b28,
    0x7b28,0x7b28,0x7b28,0x7b28,0x7b28,0x7b28,0x5a26,0x5a26,0x5a26,0x5a26,0x5a26,0x7b28,
    0x7b28,0x7b28,0x5a26,0x5a26,0x5a26,0x5a26,0x0000,0x0000,0x0000,0x0000,0x0000,0x7b28,
    0x7b28,0x7b28,0x7b28,0x7b28,0x7b28,0x5a26,0x5a26,0x5a26,0x5a26,0x5a26,0x5a26,0x5a26,
    0x0000,0x0000,0x0000,0x0000,0x0000,0x0000,0x0000,0x0000,0x0000,0x0000,0x0000,0x0000,
    0x0000,0x0000,0x0000,0x0000,0x7b28,0x7b28,0x7b28,0x7b28,0x7b28,0x7b28,0x7b28,0x7b28,
    0x7b28,0x7b28,0x7b28,0x7b28,0x7b28,0x7b28,0x5a26,0x5a26,0x5a26,0x5a26,0x5a26,0x7b28,
    0x7b28,0x7b28,0x5a26,0x5a26,0x5a26,0x5a26,0x0000,0x0000,0x0000,0x0000,0x0000,0x7b28,
    0x7b28,0x7b28,0x7b28,0x7b28,0x7b28,0x5a26,0x5a26,0x5a26,0x5a26,0x5a26,0x5a26,0x5a26,
    0x0000,0x0000,0x0000,0x0000,0x0000,0x0000,0x0000,0x0000,0x0000,0x0000,0x0000,0x0000,
    0x0000,0x0000,0x0000,0x0000,0x7b28,0x7b28,0x7b28,0x7b28,0x7b28,0x7b28,0x7b28,0x7b28,
    0x7b28,0x7b28,0x7b28,0x7b28,0x7b28,0x7b28,0x5a26,0x5a26,0x5a26,0x5a26,0x5a26,0x7b28,
    0x7b28,0x7b28,0x5a26,0x5a26,0x5a26,0x5a26,0x0000,0x0000,0x0000,0x0000,0x0000,0x7b28,
    0x7b28,0x7b28,0x7b28,0x7b28,0x7b28,0x5a26,0x5a26,0x5a26,0x5a26,0x5a26,0x5a26,0x5a26,
    0x0000,0x0000,0x0000,0x0000,0x0000,0x0000,0x0000,0x0000,0x0000,0x0000,0x0000,0x0000,
    0x0000,0x0000,0x0000,0x0000,0x7b28,0x7b28,0x7b28,0x7b28,0x7b28,0x7b28,0x7b28,0x7b28,
    0x7b28,0x7b28,0x7b28,0x7b28,0x7b28,0x7b28,0x5a26,0x5a26,0x5a26,0x5a26,0x5a26,0x7b28,
    0x7b28,0x7b28,0x5a26,0x5a26,0x5a26,0x5a26,0x0000,0x0000,0x0000,0x0000,0x0000,0x7b28,
    0x7b28,0x7b28,0x7b28,0x7b28,0x7b28,0x5a26,0x5a26,0x5a26,0x5a26,0x5a26,0x5a26,0x5a26,
    0x0000,0x0000,0x0000,0x0000,0x0000,0x0000,0x0000,0x0000,0x0000,0x0000,0x0000,0x0000,
    0x0000,0x0000,0x0000,0x0000,0x7b28,0x7b28,0x7b28,0x7b28,0x7b28,0x7b28,0x7b28,0x7b28,
    0x7b28,0x7b28,0x7b28,0x7b28,0x7b28,0x7b28,0x5a26,0x5a26,0x5a26,0x5a26,0x5a26,0x7b28,
    0x7b28,0x7b28,0x5a26,0x5a26,0x5a26,0x5a26,0x0000,0x0000,0x0000,0x0000,0x0000,0x7b28,
    0x7b28,0x7b28,0x7b28,0x7b28,0x7b28,0x5a26,0x5a26,0x5a26,0x5a26,0x5a26,0x5a26,0x5a26,
    0x0000,0x0000,0x0000,0x0000,0x0000,0x0000,0x0000,0x0000,0x0000,0x0000,0x0000,0x0000,
    0x0000,0x0000,0x0000,0x0000,0x7b28,0x7b28,0x7b28,0x7b28,0x7b28,0x7b28,0x7b28,0x7b28,
    0x7b28,0x7b28,0x7b28,0x7b28,0x7b28,0x7b28,0x5a26,0x5a26,0x5a26,0x5a26,0x7b28,0xa40b,
    0xa40b,0xa40b,0xa40b,0x5a26,0x5a26,0x5a26,0x0000,0x0000,0x0000,0x0000,0x0000,0x7b28,
    0x7b28,0x7b28,0x7b28,0x7b28,0x7b28,0x5a26,0x5a26,0x5a26,0x5a26,0x7b28,0x5a26,0x5a26,
    0x0000,0x0000,0x0000,0x0000,0x0000,0x0000,0x0000,0x0000,0x0000,0x0000,0x0000,0x0000,
    0x0000,0x0000,0x0000,0x0000,0x7b28,0x7b28,0x7b28,0x7b28,0x7b28,0x7b28,0x7b28,0x7b28,
    0x7b28,0x7b28,0x7b28,0x7b28,0x7b28,0x7b28,0x5a26,0x5a26,0x5a26,0x5a26,0x7b28,0xa40b,
    0xa40b,0xa40b,0xa40b,0xa40b,0xa40b,0xa40b,0xa40b,0xa40b,0xa40b,0xa40b,0xa40b,0xa40b,
    0xa40b,0xa40b,0xa40b,0xa40b,0xa40b,0xa40b,0x5a26,0x5a26,0x5a26,0x0000,0x0000,0x0000,
    0x0000,0x0000,0x0000,0x0000,0x0000,0x0000,0x0000,0x0000,0x0000,0x0000,0x0000,0x0000,
    0x0000,0x0000,0x0000,0x0000,0x7b28,0x7b28,0x7b28,0x7b28,0x7b28,0x7b28,0x7b28,0x7b28,
    0x7b28,0x7b28,0x7b28,0x7b28,0x7b28,0x7b28,0x5a26,0x5a26,0x5a26,0x5a26,0x7b28,0x7b28,
    0x7b28,0x5a26,0x5a26,0xa40b,0xa40b,0xa40b,0xa40b,0xa40b,0xa40b,0xa40b,0xa40b,0xa40b,
    0xa40b,0xa40b,0xa40b,0xa40b,0xa40b,0xa40b,0x5a26,0x5a26,0x5a26,0x0000,0x0000,0x0000,
    0x0000,0x0000,0x0000,0x0000,0x0000,0x0000,0x0000,0x0000,0x0000,0x0000,0x0000,0x0000,
    0x0000,0x0000,0x0000,0x0000,0x7b28,0x7b28,0x7b28,0x7b28,0x7b28,0x7b28,0x7b28,0x7b28,
    0x7b28,0x7b28,0x7b28,0x7b28,0x7b28,0x7b28,0x5a26,0x5a26,0x5a26,0x5a26,0x7b28,0x7b28,
    0x7b28,0x5a26,0x5a26,0x7b28,0x7b28,0x7b28,0x7b28,0x7b28,0x7b28,0x7b28,0x7b28,0x7b28,
    0x7b28,0x7b28,0x7b28,0x7b28,0x5a26,0x5a26,0x5a26,0x5a26,0x5a26,0x0000,0x0000,0x0000,
    0x0000,0x0000,0x0000,0x0000,0x0000,0x0000,0x0000,0x0000,0x0000,0x0000,0x0000,0x0000,
    0x0000,0x0000,0x0000,0xa40b,0xa40b,0xa40b,0xa40b,0xa40b,0xa40b,0xa40b,0x7b28,0x7b28,
    0x7b28,0x7b28,0x7b28,0x7b28,0x7b28,0x7b28,0x5a26,0x5a26,0x5a26,0x5a26,0x7b28,0x7b28,
    0x7b28,0x5a26,0x5a26,0x7b28,0x7b28,0x7b28,0x7b28,0x7b28,0x7b28,0x7b28,0x7b28,0x7b28,
    0x7b28,0x7b28,0x7b28,0x7b28,0x5a26,0x5a26,0x5a26,0x5a26,0x5a26,0x0000,0x0000,0x0000,
    0x0000,0x0000,0x0000,0x0000,0x0000,0x0000,0x0000,0x0000,0x0000,0x0000,0x0000,0x0000,
    0x0000,0x0000,0x0000,0xa40b,0xa40b,0xa40b,0xa40b,0xa40b,0xa40b,0xa40b,0xa40b,0x7b28,
    0x7b28,0x7b28,0x7b28,0x7b28,0x7b28,0x7b28,0x7b28,0x5a26,0x5a26,0x5a26,0x7b28,0x7b28,
    0x7b28,0x5a26,0x5a26,0x7b28,0x7b28,0x7b28,0x7b28,0x7b28,0x7b28,0x7b28,0x7b28,0x7b28,
    0x7b28,0x7b28,0x7b28,0x7b28,0x5a26,0x5a26,0x5a26,0x5a26,0x5a26,0x0000,0x0000,0x0000,
    0x0000,0x0000,0x0000,0x0000,0x0000,0x0000,0x0000,0x0000,0x0000,0x0000,0x0000,0x0000,
    0x0000,0x0000,0x0000,0x7b28,0x7b28,0x7b28,0x7b28,0x7b28,0x7b28,0x7b28,0x7b28,0x7b28,
    0x7b28,0x7b28,0x7b28,0x7b28,0x7b28,0x7b28,0x7b28,0x7b28,0x5a26,0x5a26,0x7b28,0x7b28,
    0x7b28,0x5a26,0x5a26,0x7b28,0x7b28,0x7b28,0x7b28,0x7b28,0x7b28,0x7b28,0x7b28,0x7b28,
    0x7b28,0x7b28,0x7b28,0x7b28,0x5a26,0x5a26,0x5a26,0x5a26,0x5a26,0x0000,0x0000,0x0000,
    0x0000,0x0000,0x0000,0x0000,0x0000,0x0000,0x0000,0x0000,0x0000,0x0000,0x0000,0x0000,
    0x0000,0x0000,0x0000,0x7b28,0x7b28,0x7b28,0x7b28,0x7b28,0x7b28,0x7b28,0x7b28,0x7b28,
    0x7b28,0x7b28,0x7b28,0x7b28,0x7b28,0x7b28,0x7b28,0x7b28,0x7b28,0x7b28,0x7b28,0x7b28,
    0x7b28,0x5a26,0x5a26,0x7b28,0x7b28,0x7b28,0x7b28,0x7b28,0x7b28,0x7b28,0x7b28,0x7b28,
    0x7b28,0x7b28,0x7b28,0x7b28,0x5a26,0x5a26,0x5a26,0x5a26,0x5a26,0x0000,0x0000,0x0000,
    0x0000,0x0000,0x0000,0x0000,0x0000,0x0000,0x0000,0x0000,0x0000,0x0000,0x0000,0x0000,
    0x0000,0x0000,0x0000,0x7b28,0x7b28,0x7b28,0x7b28,0x7b28,0x7b28,0x7b28,0x7b28,0x7b28,
    0x7b28,0x7b28,0x7b28,0x7b28,0x7b28,0x7b28,0x7b28,0x7b28,0x7b28,0x7b28,0x7b28,0x7b28,
    0x7b28,0x5a26,0x5a26,0x7b28,0x7b28,0x7b28,0x7b28,0x7b28,0x7b28,0x7b28,0x7b28,0x7b28,
    0x7b28,0x7b28,0x7b28,0x7b28,0x5a26,0x5a26,0x5a26,0x5a26,0x5a26,0x0000,0x0000,0x0000,
    0x0000,0x0000,0x0000,0x0000,0x0000,0x0000,0x0000,0x0000,0x0000,0x0000,0x0000,0x0000,
    0x0000,0x0000,0x0000,0x7b28,0x7b28,0x7b28,0x7b28,0x7b28,0x7b28,0x7b28,0x7b28,0x7b28,
    0x7b28,0x7b28,0x7b28,0x7b28,0x7b28,0x7b28,0x7b28,0x7b28,0x7b28,0x7b28,0x7b28,0x7b28,
    0x7b28,0x5a26,0x5a26,0x5a26,0x7b28,0x7b28,0x7b28,0x7b28,0x7b28,0x7b28,0x7b28,0x7b28,
    0x7b28,0x7b28,0x7b28,0x7b28,0x7b28,0x5a26,0x5a26,0x5a26,0x5a26,0x0000,0x0000,0x0000,
    0x0000,0x0000,0x0000,0x0000,0x0000,0x0000,0x0000,0x0000,0x0000,0x0000,0x0000,0x0000,
    0x0000,0x0000,0x0000,0x7b28,0x7b28,0x7b28,0x7b28,0x7b28,0x7b28,0x7b28,0x7b28,0x7b28,
    0x7b28,0x7b28,0x7b28,0x7b28,0x7b28,0x7b28,0x7b28,0x7b28,0x7b28,0x7b28,0x7b28,0x7b28,
    0x7b28,0x5a26,0x5a26,0x5a26,0x5a26,0x7b28,0x7b28,0x7b28,0x7b28,0x7b28,0x7b28,0x7b28,
    0x7b28,0x7b28,0x7b28,0x7b28,0x7b28,0x7b28,0x5a26,0x5a26,0x5a26,0x0000,0x0000,0x0000,
    0x0000,0x0000,0x0000,0x0000,0x0000,0x0000,0x0000,0x0000,0x0000,0x0000,0x0000,0x0000,
    0x0000,0x0000,0x0000,0x7b28,0x7b28,0x7b28,0x7b28,0x7b28,0x7b28,0x7b28,0x7b28,0x7b28,
    0x7b28,0x7b28,0x7b28,0x7b28,0x7b28,0x7b28,0x7b28,0x7b28,0x7b28,0x7b28,0x7b28,0x7b28,
    0x7b28,0x5a26,0x5a26,0x5a26,0x5a26,0x5a26,0x7b28,0x7b28,0x7b28,0x7b28,0x7b28,0x7b28,
    0x7b28,0x7b28,0x7b28,0x7b28,0x7b28,0x7b28,0x7b28,0x5a26,0x5a26,0x0000,0x0000,0x0000,
    0x0000,0x0000,0x0000,0x0000,0x0000,0x0000,0x0000,0x0000,0x0000,0x0000,0x0000,0x0000,
    0x0000,0x0000,0x0000,0x7b28,0x7b28,0x7b28,0x7b28,0x7b28,0x7b28,0x7b28,0x7b28,0x7b28,
    0x7b28,0x7b28,0x7b28,0x7b28,0x7b28,0x7b28,0x7b28,0x7b28,0x7b28,0x7b28,0x7b28,0x7b28,
    0x7b28,0x5a26,0x5a26,0x5a26,0x5a26,0x5a26,0x5a26,0x7b28,0x5a26,0x5a26,0x5a26,0x5a26,
    0x0000,0x0000,0x0000,0x0000,0x0000,0x0000,0x0000,0x0000,0x0000,0x0000,0x0000,0x0000,
    0x0000,0x0000,0x0000,0x0000,0x0000,0x0000,0x0000,0x0000,0x0000,0x0000,0x0000,0x0000,
    0x0000,0x0000,0x0000,0x7b28,0x7b28,0x7b28,0x7b28,0x7b28,0x7b28,0x7b28,0x7b28,0x7b28,
    0x7b28,0x7b28,0x7b28,0x7b28,0x7b28,0x7b28,0x7b28,0x7b28,0x7b28,0x7b28,0x7b28,0x7b28,
    0x7b28,0x5a26,0x5a26,0x5a26,0x5a26,0x5a26,0x5a26,0x7b28,0x7b28,0x5a26,0x5a26,0x5a26,
    0x0000,0x0000,0x0000,0x0000,0x0000,0x0000,0x0000,0x0000,0x0000,0x0000,0x0000,0x0000,
    0x0000,0x0000,0x0000,0x0000,0x0000,0x0000,0x0000,0x0000,0x0000,0x0000,0x0000,0x0000,
    0x0000,0x0000,0x0000,0x0000,0x7b28,0x7b28,0x7b28,0x7b28,0x7b28,0x7b28,0x7b28,0x7b28,
    0x7b28,0x7b28,0x7b28,0x7b28,0x7b28,0x7b28,0x7b28,0x7b28,0x7b28,0x7b28,0x7b28,0x7b28,
    0x7b28,0x5a26,0x5a26,0x5a26,0x5a26,0x5a26,0x5a26,0x7b28,0x7b28,0x7b28,0x5a26,0x5a26,
    0x0000,0x0000,0x0000,0x0000,0x0000,0x0000,0x0000,0x0000,0x0000,0x0000,0x0000,0x0000,
    0x0000,0x0000,0x0000,0x0000,0x0000,0x0000,0x0000,0x0000,0x0000,0x0000,0x0000,0x0000,
    0x0000,0x0000,0x0000,0x0000,0x0000,0x7b28,0x7b28,0x7b28,0x7b28,0x7b28,0x7b28,0x7b28,
    0x7b28,0x7b28,0x7b28,0x7b28,0x7b28,0x7b28,0x7b28,0x7b28,0x7b28,0x7b28,0x7b28,0x7b28,
    0x7b28,0x5a26,0x5a26,0x5a26,0x5a26,0x5a26,0x5a26,0x0000,0x0000,0x0000,0x0000,0x0000,
    0x0000,0x0000,0x0000,0x0000,0x0000,0x0000,0x0000,0x0000,0x0000,0x0000,0x0000,0x0000,
    0x0000,0x0000,0x0000,0x0000,0x0000,0x0000,0x0000,0x0000,0x0000,0x0000,0x0000,0x0000,
    0x0000,0x0000,0x0000,0x0000,0x0000,0x0000,0x0000,0x0000,0x0000,0x0000,0x0000,0x0000,
    0x0000,0x7b28,0x7b28,0x7b28,0x7b28,0x7b28,0x7b28,0x7b28,0x7b28,0x7b28,0x7b28,0x7b28,
    0x7b28,0x5a26,0x5a26,0x5a26,0x5a26,0x5a26,0x5a26,0x0000,0x0000,0x0000,0x0000,0x0000,
    0x0000,0x0000,0x0000,0x0000,0x0000,0x0000,0x0000,0x0000,0x0000,0x0000,0x0000,0x0000,
    0x0000,0x0000,0x0000,0x0000,0x0000,0x0000,0x0000,0x0000,0x0000,0x0000,0x0000,0x0000,
    0x0000,0x0000,0x0000,0x0000,0x0000,0x0000,0x0000,0x0000,0x0000,0x0000,0x0000,0x0000,
    0x0000,0x7b28,0x7b28,0x7b28,0x7b28,0x7b28,0x7b28,0x7b28,0x7b28,0x7b28,0x7b28,0x7b28,
    0x7b28,0x5a26,0x5a26,0x5a26,0x5a26,0x5a26,0x5a26,0x0000,0x0000,0x0000,0x0000,0x0000,
    0x0000,0x0000,0x0000,0x0000,0x0000,0x0000,0x0000,0x0000,0x0000,0x0000,0x0000,0x0000,
    0x0000,0x0000,0x0000,0x0000,0x0000,0x0000,0x0000,0x0000,0x0000,0x0000,0x0000,0x0000,
    0x0000,0x0000,0x0000,0x0000,0x0000,0x0000,0x0000,0x0000,0x0000,0x0000,0x0000,0x0000,
    0x0000,0x7b28,0x7b28,0x7b28,0x7b28,0x7b28,0x7b28,0x7b28,0x7b28,0x7b28,0x7b28,0x7b28,
    0x7b28,0x5a26,0x5a26,0x5a26,0x5a26,0x5a26,0x5a26,0x0000,0x0000,0x0000,0x0000,0x0000,
    0x0000,0x0000,0x0000,0x0000,0x0000,0x0000,0x0000,0x0000,0x0000,0x0000,0x0000,0x0000,
    0x0000,0x0000,0x0000,0x0000,0x0000,0x0000,0x0000,0x0000,0x0000,0x0000,0x0000,0x0000,
    0x0000,0x0000,0x0000,0x0000,0x0000,0x0000,0x0000,0x0000,0x0000,0x0000,0x0000,0x0000,
    0x0000,0x7b28,0x7b28,0x7b28,0x7b28,0x7b28,0x7b28,0x7b28,0x7b28,0x7b28,0x7b28,0x7b28,
    0x7b28,0x5a26,0x5a26,0x5a26,0x5a26,0x5a26,0x5a26,0x0000,0x0000,0x0000,0x0000,0x0000,
    0x0000,0x0000,0x0000,0x0000,0x0000,0x0000,0x0000,0x0000,0x0000,0x0000,0x0000,0x0000,
    0x0000,0x0000,0x0000,0x0000,0x0000,0x0000,0x0000,0x0000,0x0000,0x0000,0x0000,0x0000,
    0x0000,0x0000,0x0000,0x0000,0x0000,0x0000,0x0000,0x0000,0x0000,0x0000,0x0000,0x0000,
    0x0000,0x7b28,0x7b28,0x7b28,0x7b28,0x7b28,0x7b28,0x7b28,0x7b28,0x7b28,0x7b28,0x7b28,
    0x7b28,0x5a26,0x5a26,0x5a26,0x5a26,0x5a26,0x5a26,0x0000,0x0000,0x0000,0x0000,0x0000,
    0x0000,0x0000,0x0000,0x0000,0x0000,0x0000,0x0000,0x0000,0x0000,0x0000,0x0000,0x0000,
    0x0000,0x0000,0x0000,0x0000,0x0000,0x0000,0x0000,0x0000,0x0000,0x0000,0x0000,0x0000,
    0x0000,0x0000,0x0000,0x0000,0x0000,0x0000,0x0000,0x0000,0x0000,0x0000,0x0000,0x0000,
    0x0000,0x7b28,0x7b28,0x7b28,0x7b28,0x7b28,0x7b28,0x7b28,0x7b28,0x7b28,0x7b28,0x7b28,
    0x7b28,0x5a26,0x5a26,0x5a26,0x5a26,0x5a26,0x5a26,0x0000,0x0000,0x0000,0x0000,0x0000,
    0x0000,0x0000,0x0000,0x0000,0x0000,0x0000,0x0000,0x0000,0x0000,0x0000,0x0000,0x0000,
    0x0000,0x0000,0x0000,0x0000,0x0000,0x0000,0x0000,0x0000,0x0000,0x0000,0x0000,0x0000,
    0x0000,0x0000,0x0000,0x0000,0x0000,0x0000,0x0000,0x0000,0x0000,0x0000,0x0000,0x0000,
    0x0000,0x7b28,0x7b28,0x7b28,0x7b28,0x7b28,0x7b28,0x7b28,0x7b28,0x7b28,0x7b28,0x7b28,
    0x7b28,0x5a26,0x5a26,0x5a26,0x5a26,0x5a26,0x5a26,0x0000,0x0000,0x0000,0x0000,0x0000,
    0x0000,0x0000,0x0000,0x0000,0x0000,0x0000,0x0000,0x0000,0x0000,0x0000,0x0000,0x0000,
    0x0000,0x0000,0x0000,0x0000,0x0000,0x0000,0x0000,0x0000,0x0000,0x0000,0x0000,0x0000,
    0x0000,0x0000,0x0000,0x0000,0x0000,0x0000,0x0000,0x0000,0x0000,0x0000,0x0000,0x0000,
    0x0000,0x7b28,0x7b28,0x7b28,0x7b28,0x7b28,0x7b28,0x7b28,0x7b28,0x7b28,0x7b28,0x7b28,
    0x7b28,0x5a26,0x5a26,0x5a26,0x5a26,0x5a26,0x5a26,0x0000,0x0000,0x0000,0x0000,0x0000,
    0x0000,0x0000,0x0000,0x0000,0x0000,0x0000,0x0000,0x0000,0x0000,0x0000,0x0000,0x0000,
    0x0000,0x0000,0x0000,0x0000,0x0000,0x0000,0x0000,0x0000,0x0000,0x0000,0x0000,0x0000,
    0x0000,0x0000,0x0000,0x0000,0x0000,0x0000,0x0000,0x0000,0x0000,0x0000,0x0000,0x0000,
    0x0000,0x7b28,0x7b28,0x7b28,0x7b28,0x7b28,0x7b28,0x7b28,0x7b28,0x7b28,0x7b28,0x7b28,
    0x7b28,0x5a26,0x5a26,0x5a26,0x5a26,0x5a26,0x5a26,0x0000,0x0000,0x0000,0x0000,0x0000,
    0x0000,0x0000,0x0000,0x0000,0x0000,0x0000,0x0000,0x0000,0x0000,0x0000,0x0000,0x0000,
    0x0000,0x0000,0x0000,0x0000,0x0000,0x0000,0x0000,0x0000,0x0000,0x0000,0x0000,0x0000,
    0x0000,0x0000,0x0000,0x0000,0x0000,0x0000,0x0000,0x0000,0x0000,0x0000,0x0000,0x0000,
    0xa40b,0xa40b,0xa40b,0xa40b,0xa40b,0xa40b,0xa40b,0xa40b,0xa40b,0xa40b,0xa40b,0xa40b,
    0xa40b,0xa40b,0x5a26,0x5a26,0x5a26,0x5a26,0x5a26,0x0000,0x0000,0x0000,0x0000,0x0000,
    0x0000,0x0000,0x0000,0x0000,0x0000,0x0000,0x0000,0x0000,0x0000,0x0000,0x0000,0x0000,
    0x0000,0x0000,0x0000,0x0000,0x0000,0x0000,0x0000,0x0000,0x0000,0x0000,0x0000,0x0000,
    0x0000,0x0000,0x0000,0x0000,0x0000,0x0000,0x0000,0x0000,0x0000,0x0000,0x0000,0x0000,
    0xa40b,0xa40b,0xa40b,0xa40b,0xa40b,0xa40b,0xa40b,0xa40b,0xa40b,0xa40b,0xa40b,0xa40b,
    0xa40b,0xa40b,0x5a26,0x5a26,0x5a26,0x5a26,0x5a26,0x0000,0x0000,0x0000,0x0000,0x0000,
    0x0000,0x0000,0x0000,0x0000,0x0000,0x0000,0x0000,0x0000,0x0000,0x0000,0x0000,0x0000,
    0x0000,0x0000,0x0000,0x0000,0x0000,0x0000,0x0000,0x0000,0x0000,0x0000,0x0000,0x0000,
    0x0000,0x0000,0x0000,0x0000,0x0000,0x0000,0x0000,0x0000,0x0000,0x0000,0x0000,0x0000,
    0x7b28,0x7b28,0x7b28,0x7b28,0x7b28,0x7b28,0x7b28,0x7b28,0x7b28,0x7b28,0x7b28,0x7b28,
    0x5a26,0x5a26,0x5a26,0x5a26,0x5a26,0x5a26,0x5a26,0x0000,0x0000,0x0000,0x0000,0x0000,
    0x0000,0x0000,0x0000,0x0000,0x0000,0x0000,0x0000,0x0000,0x0000,0x0000,0x0000,0x0000,
    0x0000,0x0000,0x0000,0x0000,0x0000,0x0000,0x0000,0x0000,0x0000,0x0000,0x0000,0x0000,
    0x0000,0x0000,0x0000,0x0000,0x0000,0x0000,0x0000,0x0000,0x0000,0x0000,0x0000,0x0000,
    0x7b28,0x7b28,0x7b28,0x7b28,0x7b28,0x7b28,0x7b28,0x7b28,0x7b28,0x7b28,0x7b28,0x7b28,
    0x5a26,0x5a26,0x5a26,0x5a26,0x5a26,0x5a26,0x5a26,0x0000,0x0000,0x0000,0x0000,0x0000,
    0x0000,0x0000,0x0000,0x0000,0x0000,0x0000,0x0000,0x0000,0x0000,0x0000,0x0000,0x0000,
    0x0000,0x0000,0x0000,0x0000,0x0000,0x0000,0x0000,0x0000,0x0000,0x0000,0x0000,0x0000,
    0x0000,0x0000,0x0000,0x0000,0x0000,0x0000,0x0000,0x0000,0x0000,0x0000,0x0000,0x0000,
    0x7b28,0x7b28,0x7b28,0x7b28,0x7b28,0x7b28,0x7b28,0x7b28,0x7b28,0x7b28,0x7b28,0x7b28,
    0x5a26,0x5a26,0x5a26,0x5a26,0x5a26,0x5a26,0x5a26,0x0000,0x0000,0x0000,0x0000,0x0000,
    0x0000,0x0000,0x0000,0x0000,0x0000,0x0000,0x0000,0x0000,0x0000,0x0000,0x0000,0x0000,
    0x0000,0x0000,0x0000,0x0000,0x0000,0x0000,0x0000,0x0000,0x0000,0x0000,0x0000,0x0000,
    0x0000,0x0000,0x0000,0x0000,0x0000,0x0000,0x0000,0x0000,0x0000,0x0000,0x0000,0x0000,
    0x7b28,0x7b28,0x7b28,0x7b28,0x7b28,0x7b28,0x7b28,0x7b28,0x7b28,0x7b28,0x7b28,0x7b28,
    0x5a26,0x5a26,0x5a26,0x5a26,0x5a26,0x5a26,0x5a26,0x0000,0x0000,0x0000,0x0000,0x0000,
    0x0000,0x0000,0x0000,0x0000,0x0000,0x0000,0x0000,0x0000,0x0000,0x0000,0x0000,0x0000,
    0x0000,0x0000,0x0000,0x0000,0x0000,0x0000,0x0000,0x0000,0x0000,0x0000,0x0000,0x0000,
    0x0000,0x0000,0x0000,0x0000,0x0000,0x0000,0x0000,0x0000,0x0000,0x0000,0x0000,0x0000,
    0x7b28,0x7b28,0x7b28,0x7b28,0xa40b,0xa40b,0xa40b,0xa40b,0xa40b,0xa40b,0xa40b,0xa40b,
    0x5a26,0x5a26,0x5a26,0x5a26,0x5a26,0x5a26,0x5a26,0xa40b,0x0000,0x0000,0x0000,0x0000,
    0x0000,0x0000,0x0000,0x0000,0x0000,0x0000,0x0000,0x0000,0x0000,0x0000,0x0000,0x0000,
    0x0000,0x0000,0x0000,0x0000,0x0000,0x0000,0x0000,0x0000,0x0000,0x0000,0x0000,0x0000,
    0x0000,0x0000,0x0000,0x0000,0x0000,0x0000,0x0000,0x0000,0x0000,0x0000,0x0000,0x0000,
    0x7b28,0x7b28,0x7b28,0x7b28,0xa40b,0xa40b,0xa40b,0xa40b,0xa40b,0xa40b,0xa40b,0xa40b,
    0xa40b,0x5a26,0x5a26,0x5a26,0x5a26,0x5a26,0x5a26,0xa40b,0xa40b,0x0000,0x0000,0x0000,
    0x0000,0x0000,0x0000,0x0000,0x0000,0x0000,0x0000,0x0000,0x0000,0x0000,0x0000,0x0000,
    0x0000,0x0000,0x0000,0x0000,0x0000,0x0000,0x0000,0x0000,0x0000,0x0000,0x0000,0x0000,
    0x0000,0x0000,0x0000,0x0000,0x0000,0x0000,0x0000,0x0000,0x0000,0x0000,0x0000,0x0000,
    0x7b28,0x7b28,0x7b28,0x7b28,0x7b28,0x7b28,0x7b28,0x7b28,0x7b28,0x7b28,0x5a26,0x5a26,
    0xa40b,0x5a26,0x5a26,0x5a26,0x5a26,0x5a26,0x5a26,0x5a26,0xa40b,0x0000,0x0000,0x0000,
    0x0000,0x0000,0x0000,0x0000,0x0000,0x0000,0x0000,0x0000,0x0000,0x0000,0x0000,0x0000,
    0x0000,0x0000,0x0000,0x0000,0x0000,0x0000,0x0000,0x0000,0x0000,0x0000,0x0000,0x0000,
    0x0000,0x0000,0x0000,0x0000,0x0000,0x0000,0x0000,0x0000,0x0000,0x0000,0x0000,0x0000,
    0x7b28,0x7b28,0x7b28,0x7b28,0x7b28,0x7b28,0x7b28,0x7b28,0x7b28,0x7b28,0x5a26,0x5a26,
    0x5a26,0x5a26,0x5a26,0x5a26,0x5a26,0x5a26,0x5a26,0x5a26,0x5a26,0x0000,0x0000,0x0000,
    0x0000,0x0000,0x0000,0x0000,0x0000,0x0000,0x0000,0x0000,0x0000,0x0000,0x0000,0x0000,
    0x0000,0x0000,0x0000,0x0000,0x0000,0x0000,0x0000,0x0000,0x0000,0x0000,0x0000,0x0000,
    0x0000,0x0000,0x0000,0x0000,0x0000,0x0000,0x0000,0x0000,0x0000,0x0000,0xa40b,0xa40b,
    0x7b28,0x7b28,0x7b28,0x7b28,0x7b28,0x7b28,0x7b28,0x7b28,0x7b28,0x7b28,0x5a26,0x5a26,
    0x5a26,0x5a26,0x5a26,0x5a26,0x5a26,0x5a26,0x5a26,0x5a26,0x5a26,0x0000,0x0000,0x0000,
    0x0000,0x0000,0x0000,0x0000,0x0000,0x0000,0x0000,0x0000,0x0000,0x0000,0x0000,0x0000,
    0x0000,0x0000,0x0000,0x0000,0x0000,0x0000,0x0000,0x0000,0x0000,0x0000,0x0000,0x0000,
    0x0000,0x0000,0x0000,0x0000,0x0000,0x0000,0x0000,0x0000,0x0000,0xa40b,0xa40b,0xa40b,
    0x7b28,0x7b28,0x7b28,0x7b28,0x7b28,0x7b28,0x7b28,0x7b28,0x7b28,0x7b28,0x5a26,0x5a26,
    0x5a26,0x5a26,0x7b28,0xa40b,0xa40b,0xa40b,0xa40b,0x5a26,0x5a26,0x0000,0x0000,0x0000,
    0x0000,0x0000,0x0000,0x0000,0x0000,0x0000,0x0000,0x0000,0x0000,0x0000,0x0000,0x0000,
    0x0000,0x0000,0x0000,0x0000,0x0000,0x0000,0x0000,0x0000,0x0000,0x0000,0x0000,0x0000,
    0x0000,0x0000,0x0000,0x0000,0x0000,0x0000,0x0000,0x0000,0x0000,0xa40b,0xa40b,0xa40b,
    0x7b28,0x7b28,0x7b28,0x7b28,0x7b28,0x7b28,0x7b28,0x7b28,0x7b28,0x7b28,0x5a26,0x5a26,
    0x5a26,0x5a26,0x7b28,0xa40b,0xa40b,0xa40b,0xa40b,0xa40b,0x5a26,0x0000,0x0000,0x0000,
    0x0000,0x0000,0x0000,0x0000,0x0000,0x0000,0x0000,0x0000,0x0000,0x0000,0x0000,0x0000,
    0x0000,0x0000,0x0000,0x0000,0x0000,0x0000,0x0000,0x0000,0x0000,0x0000,0x0000,0x0000,
    0x0000,0x0000,0x0000,0x0000,0x0000,0x0000,0x0000,0x0000,0x0000,0x7b28,0x7b28,0x7b28,
    0x7b28,0x7b28,0x7b28,0x7b28,0x7b28,0x7b28,0x7b28,0x7b28,0x7b28,0x7b28,0x5a26,0x5a26,
    0x5a26,0x5a26,0x7b28,0x7b28,0x7b28,0x5a26,0x5a26,0xa40b,0xa40b,0x0000,0x0000,0x0000,
    0x0000,0x0000,0x0000,0x0000,0x0000,0x0000,0x0000,0x0000,0x0000,0x0000,0x0000,0x0000,
    0x0000,0x0000,0x0000,0x0000,0x0000,0x0000,0x0000,0x0000,0x0000,0x0000,0x0000,0x0000,
    0x0000,0x0000,0x0000,0x0000,0x0000,0x0000,0x0000,0x0000,0x0000,0x7b28,0x7b28,0x7b28,
    0x7b28,0x7b28,0x7b28,0x7b28,0x7b28,0x7b28,0x7b28,0x7b28,0x7b28,0x7b28,0x7b28,0x5a26,
    0x5a26,0x5a26,0x7b28,0x7b28,0x7b28,0x5a26,0x5a26,0x5a26,0xa40b,0xa40b,0x0000,0x0000,
    0x0000,0x0000,0x0000,0x0000,0x0000,0x0000,0x0000,0x0000,0x0000,0x0000,0x0000,0x0000,
    0x0000,0x0000,0x0000,0x0000,0x0000,0x0000,0x0000,0x0000,0x0000,0x0000,0x0000,0x0000,
    0x0000,0x0000,0x0000,0x0000,0x0000,0x0000,0x0000,0x0000,0x0000,0x7b28,0x7b28,0x7b28,
    0x7b28,0x7b28,0x7b28,0x7b28,0x7b28,0x7b28,0x7b28,0x7b28,0x7b28,0x7b28,0x7b28,0x7b28,
    0x5a26,0x5a26,0x7b28,0x7b28,0x7b28,0x5a26,0x5a26,0x5a26,0x5a26,0xa40b,0x0000,0x0000,
    0x0000,0x0000,0x0000,0x0000,0x0000,0x0000,0x0000,0x0000,0x0000,0x0000,0x0000,0x0000,
    0x0000,0x0000,0x0000,0x0000,0x0000,0x0000,0x0000,0x0000,0x0000,0x0000,0x0000,0x0000,
    0x0000,0x0000,0x0000,0x0000,0x0000,0x0000,0x0000,0x0000,0x0000,0x7b28,0x7b28,0x7b28,
    0x7b28,0x7b28,0x7b28,0x7b28,0x7b28,0x7b28,0x7b28,0x7b28,0x7b28,0x7b28,0x7b28,0x7b28,
    0x7b28,0x7b28,0x7b28,0x7b28,0x7b28,0x5a26,0x5a26,0x5a26,0x5a26,0x5a26,0x0000,0x0000,
    0x0000,0x0000,0x0000,0x0000,0x0000,0x0000,0x0000,0x0000,0x0000,0x0000,0x0000,0x0000,
    0x0000,0x0000,0x0000,0x0000,0x0000,0x0000,0x0000,0x0000,0x0000,0x0000,0x0000,0x0000,
    0x0000,0x0000,0x0000,0x0000,0x0000,0x0000,0x0000,0x0000,0x0000,0x0000,0x7b28,0x7b28,
    0x7b28,0x7b28,0x7b28,0x7b28,0x7b28,0x7b28,0x7b28,0x7b28,0x7b28,0x7b28,0x7b28,0x7b28,
    0x7b28,0x7b28,0x7b28,0x7b28,0x7b28,0x7b28,0x5a26,0x5a26,0x5a26,0x5a26,0x0000,0x0000,
    0x0000,0x0000,0x0000,0x0000,0x0000,0x0000,0x0000,0x0000,0x0000,0x0000,0x0000,0x0000,
    0x0000,0x0000,0x0000,0x0000,0x0000,0x0000,0x0000,0x0000,0x0000,0x0000,0x0000,0x0000,
    0x0000,0x0000,0x0000,0x0000,0x0000,0x0000,0x0000,0x0000,0x0000,0x0000,0x0000,0x7b28,
    0x7b28,0x7b28,0x7b28,0x7b28,0x7b28,0x7b28,0x7b28,0x7b28,0x7b28,0x7b28,0x7b28,0x7b28,
    0x7b28,0x7b28,0x7b28,0x7b28,0x7b28,0x7b28,0x7b28,0x5a26,0x5a26,0x5a26,0x0000,0x0000,
    0x0000,0x0000,0x0000,0x0000,0x0000,0x0000,0x0000,0x0000,0x0000,0x0000,0x0000,0x0000,
    0x0000,0x0000,0x0000,0x0000,0x0000,0x0000,0x0000,0x0000,0x0000,0x0000,0x0000,0x0000,
    0x0000,0x0000,0x0000,0x0000,0x0000,0x0000,0x0000,0x0000,0x0000,0x0000,0x0000,0x0000,
    0x7b28,0x7b28,0x7b28,0x7b28,0x7b28,0x7b28,0x7b28,0x7b28,0x7b28,0x7b28,0x7b28,0x7b28,
    0x7b28,0x7b28,0x7b28,0x7b28,0x7b28,0x7b28,0x7b28,0x7b28,0x5a26,0x5a26,0x0000,0x0000,
    0x0000,0x0000,0x0000,0x0000,0x0000,0x0000,0x0000,0x0000,0x0000,0x0000,0x0000,0x0000,
    0x0000,0x0000,0x0000,0x0000,0x0000,0x0000,0x0000,0x0000,0x0000,0x0000,0x0000,0x0000,
    0x0000,0x0000,0x0000,0x0000,0x0000,0x0000,0x0000,0x0000,0x0000,0x0000,0x0000,0x0000,
    0x0000,0x7b28,0x7b28,0x7b28,0x7b28,0x7b28,0x7b28,0x7b28,0x7b28,0x7b28,0x7b28,0x7b28,
    0x7b28,0x7b28,0x7b28,0x7b28,0x7b28,0x5a26,0x5a26,0x5a26,0x5a26,0x0000,0x0000,0x0000,
    0x0000,0x0000,0x0000,0x0000,0x0000,0x0000,0x0000,0x0000,0x0000,0x0000,0x0000,0x0000,
    0x0000,0x0000,0x0000,0x0000,0x0000,0x0000,0x0000,0x0000,0x0000,0x0000,0x0000,0x0000,
    0x0000,0x0000,0x0000,0x0000,0x0000,0x0000,0x0000,0x0000,0x0000,0x0000,0x0000,0x0000,
    0x0000,0x0000,0x0000,0x0000,0x0000,0x0000,0x7b28,0x7b28,0x7b28,0x7b28,0x7b28,0x7b28,
    0x7b28,0x7b28,0x7b28,0x7b28,0x7b28,0x7b28,0x5a26,0x5a26,0x5a26,0x0000,0x0000,0x0000,
    0x0000,0x0000,0x0000,0x0000,0x0000,0x0000,0x0000,0x0000,0x0000,0x0000,0x0000,0x0000,
    0x0000,0x0000,0x0000,0x0000,0x0000,0x0000,0x0000,0x0000,0x0000,0x0000,0x0000,0x0000,
    0x0000,0x0000,0x0000,0x0000,0x0000,0x0000,0x0000,0x0000,0x0000,0x0000,0x0000,0x0000,
    0x0000,0x0000,0x0000,0x0000,0x0000,0x0000,0x0000,0x7b28,0x7b28,0x7b28,0x7b28,0x7b28,
    0x7b28,0x7b28,0x7b28,0x7b28,0x7b28,0x7b28,0x7b28,0x5a26,0x5a26,0x0000,0x0000,0x0000,
    0x0000,0x0000,0x0000,0x0000,0x0000,0x0000,0x0000,0x0000,0x0000,0x0000,0x0000,0x0000,
    0x0000,0x0000,0x0000,0x0000,0x0000,0x0000,0x0000,0x0000,0x0000,0x0000,0x0000,0x0000,
    0x0000,0x0000,0x0000,0x0000,0x0000,0x0000,0x0000,0x0000,0x0000,0x0000,0x0000,0x0000,
    0x0000,0x0000,0x0000,0x0000,0x0000,0x0000,0x0000,0x0000,0x7b28,0x7b28,0x7b28,0x7b28,
    0x7b28,0x7b28,0x5a26,0x5a26,0x5a26,0x0000,0x0000,0x0000,0x0000,0x0000,0x0000,0x0000,
    0x0000,0x0000,0x0000,0x0000,0x0000,0x0000,0x0000,0x0000,0x0000,0x0000,0x0000,0x0000,
    0x0000,0x0000,0x0000,0x0000,0x0000,0x0000,0x0000,0x0000,0x0000,0x0000,0x0000,0x0000,
    0x0000,0x0000,0x0000,0x0000,0x0000,0x0000,0x0000,0x0000,0x0000,0x0000,0x0000,0x0000,
    0x0000,0x0000,0x0000,0x0000,0x0000,0x0000,0x0000,0x0000,0x0000,0x7b28,0x7b28,0x7b28,
    0x7b28,0x7b28,0x7b28,0x5a26,0x5a26,0x0000,0x0000,0x0000,0x0000,0x0000,0x0000,0x0000,
    0x0000,0x0000,0x0000,0x0000,0x0000,0x0000,0x0000,0x0000,0x0000,0x0000,0x0000,0x0000,
    0x0000,0x0000,0x0000,0x0000,0x0000,0x0000,0x0000,0x0000,0x0000,0x0000,0x0000,0x0000,
};
const sprite_t spr_tree_dead_far = { 60, 77, px_tree_dead_far };

static const uint16_t px_cactus_far_0[416] = {
    0x0000,0x0000,0x0000,0x0000,0x0000,0x0000,0x0000,0x54c3,0x0000,0x0000,0x0000,0x0000,
    0x0000,0x0000,0x0000,0x0000,0x0000,0x0000,0x0000,0x0000,0x0000,0x0000,0x54c3,0x43a2,
    0x54c3,0x0000,0x0000,0x0000,0x0000,0x0000,0x0000,0x0000,0x0000,0x0000,0x0000,0x0000,
    0x0000,0x43a2,0x43a2,0x43a2,0x32c1,0x54c3,0x0000,0x0000,0x0000,0x0000,0x0000,0x0000,
    0x0000,0x0000,0x0000,0x0000,0x0000,0x43a2,0x43a2,0x43a2,0x43a2,0x2a81,0x0000,0x0000,
    0x0000,0x0000,0x0000,0x0000,0x0000,0x54c3,0x54c3,0x0000,0x0000,0x43a2,0x43a2,0x43a2,
    0x43a2,0x2a81,0x0000,0x0000,0x0000,0x0000,0x0000,0x0000,0x54c3,0x43a2,0x43a2,0x54c3,
    0x0000,0x43a2,0x43a2,0x43a2,0x43a2,0x2a81,0x0000,0x0000,0x0000,0x0000,0x0000,0x0000,
    0x43a2,0x32c1,0x43a2,0x2a81,0x0000,0x43a2,0x6583,0x43a2,0x43a2,0x2a81,0x6583,0x0000,
    0x0000,0x0000,0x0000,0x0000,0x43a2,0x43a2,0x43a2,0x2a81,0x0000,0x43a2,0x43a2,0x43a2,
    0x43a2,0x2a81,0x0000,0x0000,0x0000,0x0000,0x0000,0x0000,0x6583,0x43a2,0x43a2,0x2a81,
    0x0000,0x43a2,0x43a2,0x43a2,0x43a2,0x2a81,0x0000,0x0000,0x0000,0x0000,0x0000,0x0000,
    0x43a2,0x43a2,0x43a2,0x2a81,0x0000,0x43a2,0x43a2,0x43a2,0x43a2,0x2a81,0x0000,0x0000,
    0x54c3,0x54c3,0x0000,0x0000,0x43a2,0x43a2,0x43a2,0x2a81,0x0000,0x43a2,0x43a2,0x43a2,
    0x43a2,0x6583,0x0000,0x54c3,0x43a2,0x43a2,0x54c3,0x0000,0x43a2,0x43a2,0x43a2,0x43a2,
    0x54c3,0x43a2,0x32c1,0x43a2,0x43a2,0x2a81,0x0000,0x32c1,0x43a2,0x43a2,0x2a81,0x6583,
    0x43a2,0x43a2,0x43a2,0x43a2,0x43a2,0x43a2,0x43a2,0x43a2,0x43a2,0x2a81,0x0000,0x43a2,
    0x43a2,0x43a2,0x2a81,0x0000,0x0000,0x43a2,0x43a2,0x43a2,0x32c1,0x43a2,0x43a2,0x43a2,
    0x43a2,0x2a81,0x0000,0x43a2,0x43a2,0x43a2,0x21e1,0x0000,0x0000,0x0000,0x43a2,0x43a2,
    0x43a2,0x43a2,0x43a2,0x43a2,0x43a2,0x2a81,0x0000,0x43a2,0x43a2,0x43a2,0x2a81,0x0000,
    0x0000,0x0000,0x0000,0x0000,0x0000,0x43a2,0x43a2,0x43a2,0x43a2,0x43a2,0x54c3,0x6583,
    0x43a2,0x43a2,0x2a81,0x0000,0x0000,0x0000,0x0000,0x0000,0x0000,0x43a2,0x43a2,0x43a2,
    0x43a2,0x43a2,0x43a2,0x43a2,0x43a2,0x43a2,0x2a81,0x0000,0x0000,0x0000,0x0000,0x0000,
    0x6583,0x43a2,0x32c1,0x43a2,0x43a2,0x43a2,0x43a2,0x43a2,0x43a2,0x2a81,0x0000,0x0000,
    0x0000,0x0000,0x0000,0x0000,0x0000,0x43a2,0x43a2,0x43a2,0x43a2,0x43a2,0x43a2,0x43a2,
    0x2a81,0x0000,0x0000,0x0000,0x0000,0x0000,0x0000,0x0000,0x0000,0x43a2,0x43a2,0x43a2,
    0x43a2,0x2a81,0x0000,0x0000,0x0000,0x0000,0x0000,0x0000,0x0000,0x0000,0x0000,0x0000,
    0x0000,0x3b63,0x3b63,0x3b63,0x3b63,0x2a62,0x0000,0x0000,0x0000,0x0000,0x0000,0x0000,
    0x0000,0x0000,0x0000,0x0000,0x0000,0x3b63,0x3b63,0x3b63,0x3b63,0x2a62,0x0000,0x0000,
    0x0000,0x0000,0x0000,0x0000,0x0000,0x0000,0x0000,0x0000,0x0000,0x3b40,0x3b40,0x3b40,
    0x3b40,0x2a40,0x43a2,0x0000,0x0000,0x0000,0x0000,0x0000,0x0000,0x0000,0x0000,0x0000,
    0x0000,0x3b40,0x3b40,0x3b40,0x3b40,0x2a40,0x0000,0x0000,0x0000,0x0000,0x0000,0x0000,
    0x0000,0x0000,0x0000,0x0000,0x0000,0x3280,0x3280,0x3280,0x3280,0x21c0,0x0000,0x0000,
    0x0000,0x0000,0x0000,0x0000,0x0000,0x0000,0x0000,0x0000,0x0000,0x3280,0x3280,0x3280,
    0x3280,0x21c0,0x0000,0x0000,0x0000,0x0000,0x0000,0x0000,
};
const sprite_t spr_cactus_far_0 = { 16, 26, px_cactus_far_0 };

static const uint16_t px_cactus_far_1[390] = {
    0x0000,0x0000,0x0000,0x0000,0x0000,0x0000,0x0000,0x54c3,0x0000,0x0000,0x0000,0x0000,
    0x0000,0x0000,0x0000,0x0000,0x0000,0x0000,0x0000,0x0000,0x0000,0x43a2,0x54c3,0x54c3,
    0x0000,0x0000,0x0000,0x0000,0x0000,0x0000,0x0000,0x0000,0x0000,0x0000,0x0000,0x6583,
    0x43a2,0x54c3,0x21e1,0x54c3,0x0000,0x0000,0x0000,0x0000,0x0000,0x0000,0x0000,0x0000,
    0x0000,0x0000,0x43a2,0x43a2,0x2a81,0x2a81,0x2a81,0x0000,0x0000,0x0000,0x0000,0x0000,
    0x0000,0x0000,0x0000,0x0000,0x0000,0x43a2,0x43a2,0x2a81,0x2a81,0x43a2,0x6583,0x0000,
    0x0000,0x0000,0x0000,0x0000,0x0000,0x54c3,0x0000,0x0000,0x32c1,0x43a2,0x2a81,0x2a81,
    0x2a81,0x0000,0x0000,0x0000,0x0000,0x0000,0x0000,0x54c3,0x54c3,0x43a2,0x0000,0x43a2,
    0x32c1,0x2a81,0x2a81,0x2a81,0x0000,0x0000,0x54c3,0x0000,0x0000,0x0000,0x43a2,0x2a81,
    0x2a81,0x0000,0x43a2,0x43a2,0x6583,0x2a81,0x2a81,0x0000,0x54c3,0x54c3,0x54c3,0x0000,
    0x0000,0x32c1,0x2a81,0x2a81,0x0000,0x43a2,0x43a2,0x2a81,0x21e1,0x2a81,0x0000,0x43a2,
    0x2a81,0x2a81,0x0000,0x0000,0x43a2,0x2a81,0x2a81,0x0000,0x43a2,0x43a2,0x2a81,0x2a81,
    0x2a81,0x0000,0x43a2,0x2a81,0x21e1,0x0000,0x0000,0x43a2,0x2a81,0x2a81,0x0000,0x32c1,
    0x43a2,0x2a81,0x2a81,0x2a81,0x0000,0x6583,0x43a2,0x54c3,0x6583,0x6583,0x43a2,0x43a2,
    0x54c3,0x0000,0x43a2,0x32c1,0x2a81,0x43a2,0x54c3,0x54c3,0x43a2,0x43a2,0x2a81,0x0000,
    0x0000,0x43a2,0x6583,0x43a2,0x43a2,0x54c3,0x43a2,0x2a81,0x43a2,0x43a2,0x32c1,0x43a2,
    0x21e1,0x0000,0x0000,0x0000,0x43a2,0x32c1,0x43a2,0x43a2,0x6583,0x43a2,0x21e1,0x43a2,
    0x43a2,0x2a81,0x0000,0x0000,0x0000,0x0000,0x0000,0x0000,0x0000,0x0000,0x43a2,0x43a2,
    0x43a2,0x2a81,0x2a81,0x2a81,0x0000,0x0000,0x0000,0x0000,0x0000,0x0000,0x0000,0x0000,
    0x0000,0x0000,0x43a2,0x43a2,0x6583,0x2a81,0x21e1,0x0000,0x0000,0x0000,0x0000,0x0000,
    0x0000,0x0000,0x0000,0x0000,0x0000,0x43a2,0x43a2,0x2a81,0x2a81,0x2a81,0x0000,0x0000,
    0x0000,0x0000,0x0000,0x0000,0x0000,0x0000,0x0000,0x0000,0x43a2,0x32c1,0x2a81,0x2a81,
    0x2a81,0x0000,0x0000,0x0000,0x0000,0x0000,0x0000,0x0000,0x0000,0x0000,0x0000,0x43a2,
    0x43a2,0x2a81,0x2a81,0x2a81,0x0000,0x0000,0x0000,0x0000,0x0000,0x0000,0x0000,0x0000,
    0x0000,0x0000,0x43a2,0x43a2,0x2a81,0x2a81,0x2a81,0x0000,0x0000,0x0000,0x0000,0x0000,
    0x0000,0x0000,0x0000,0x0000,0x0000,0x3b63,0x3b63,0x2a62,0x2a62,0x2a62,0x0000,0x0000,
    0x0000,0x0000,0x0000,0x0000,0x0000,0x0000,0x0000,0x0000,0x3b63,0x3b63,0x2a62,0x2a62,
    0x2a62,0x0000,0x0000,0x0000,0x0000,0x0000,0x0000,0x0000,0x0000,0x0000,0x0000,0x3b40,
    0x3b40,0x2a40,0x2a40,0x2a40,0x0000,0x0000,0x0000,0x0000,0x0000,0x0000,0x0000,0x0000,
    0x0000,0x0000,0x3b40,0x3b40,0x2a40,0x2a40,0x2a40,0x0000,0x0000,0x0000,0x0000,0x0000,
    0x0000,0x0000,0x0000,0x0000,0x0000,0x3280,0x3280,0x21c0,0x21c0,0x21c0,0x0000,0x0000,
    0x0000,0x0000,0x0000,0x0000,0x0000,0x0000,0x0000,0x0000,0x3280,0x3280,0x21c0,0x21c0,
    0x21c0,0x0000,0x0000,0x0000,0x0000,0x0000,
};
const sprite_t spr_cactus_far_1 = { 15, 26, px_cactus_far_1 };

static const uint16_t px_cactus_far_2[416] = {
    0x0000,0x0000,0x0000,0x0000,0x0000,0x0000,0x54c3,0x0000,0x0000,0x0000,0x0000,0x0000,
    0x0000,0x0000,0x0000,0x0000,0x0000,0x0000,0x0000,0x0000,0x0000,0x0000,0x43a2,0x54c3,
    0x0000,0x0000,0x0000,0x0000,0x0000,0x0000,0x0000,0x0000,0x0000,0x0000,0x54c3,0x0000,
    0x0000,0x43a2,0x43a2,0x43a2,0x43a2,0x0000,0x0000,0x0000,0x0000,0x0000,0x0000,0x0000,
    0x0000,0x43a2,0x2a81,0x43a2,0x0000,0x43a2,0x43a2,0x43a2,0x2a81,0x0000,0x0000,0x0000,
    0x0000,0x0000,0x0000,0x0000,0x0000,0x43a2,0x43a2,0x54c3,0x0000,0x43a2,0x43a2,0x43a2,
    0x2a81,0x0000,0x0000,0x0000,0x0000,0x0000,0x0000,0x0000,0x0000,0x43a2,0x43a2,0x2a81,
    0x0000,0x43a2,0x43a2,0x43a2,0x2a81,0x0000,0x0000,0x0000,0xfa1f,0x0000,0x0000,0x0000,
    0x0000,0x43a2,0x43a2,0x2a81,0x0000,0x43a2,0x6583,0x32c1,0x2a81,0x0000,0x0000,0xfa1f,
    0xfa1f,0xfa1f,0x0000,0x0000,0x6583,0x43a2,0x43a2,0x2a81,0x0000,0x43a2,0x43a2,0x43a2,
    0x2a81,0x0000,0xfa1f,0x43a2,0xfa1f,0x54c3,0xfa1f,0x0000,0x0000,0x43a2,0x43a2,0x2a81,
    0x0000,0x43a2,0x43a2,0x43a2,0x2a81,0x0000,0x54c3,0x43a2,0x43a2,0x43a2,0x54c3,0x0000,
    0x0000,0x43a2,0x43a2,0x43a2,0x54c3,0x43a2,0x43a2,0x43a2,0x2a81,0x0000,0x43a2,0x43a2,
    0x43a2,0x43a2,0x43a2,0x6583,0x0000,0x43a2,0x6583,0x43a2,0x43a2,0x43a2,0x43a2,0x43a2,
    0x2a81,0x0000,0x6583,0x43a2,0x43a2,0x43a2,0x2a81,0x0000,0x0000,0x0000,0x43a2,0x43a2,
    0x32c1,0x43a2,0x32c1,0x43a2,0x2a81,0x0000,0x43a2,0x32c1,0x43a2,0x43a2,0x2a81,0x0000,
    0x0000,0x0000,0x0000,0x0000,0x0000,0x43a2,0x43a2,0x43a2,0x2a81,0x0000,0x43a2,0x43a2,
    0x43a2,0x43a2,0x2a81,0x6583,0x0000,0x0000,0x0000,0x0000,0x0000,0x43a2,0x43a2,0x43a2,
    0x2a81,0x0000,0x43a2,0x43a2,0x43a2,0x43a2,0x21e1,0x0000,0x0000,0x0000,0x0000,0x0000,
    0x0000,0x43a2,0x43a2,0x43a2,0x2a81,0x0000,0x43a2,0x43a2,0x43a2,0x43a2,0x2a81,0x0000,
    0x0000,0x0000,0x0000,0x0000,0x0000,0x43a2,0x43a2,0x43a2,0x6583,0x54c3,0x43a2,0x32c1,
    0x43a2,0x43a2,0x2a81,0x0000,0x0000,0x0000,0x0000,0x0000,0x0000,0x43a2,0x43a2,0x43a2,
    0x43a2,0x43a2,0x43a2,0x43a2,0x43a2,0x2a81,0x0000,0x0000,0x0000,0x0000,0x0000,0x0000,
    0x6583,0x43a2,0x32c1,0x43a2,0x43a2,0x43a2,0x43a2,0x43a2,0x2a81,0x0000,0x0000,0x0000,
    0x0000,0x0000,0x0000,0x0000,0x0000,0x43a2,0x43a2,0x43a2,0x43a2,0x43a2,0x43a2,0x2a81,
    0x0000,0x0000,0x0000,0x0000,0x0000,0x0000,0x0000,0x0000,0x0000,0x43a2,0x43a2,0x43a2,
    0x2a81,0x0000,0x0000,0x0000,0x0000,0x0000,0x0000,0x0000,0x0000,0x0000,0x0000,0x0000,
    0x0000,0x3b63,0x3b63,0x3b63,0x2a62,0x0000,0x0000,0x0000,0x0000,0x0000,0x0000,0x0000,
    0x0000,0x0000,0x0000,0x0000,0x0000,0x3b63,0x3b63,0x3b63,0x2a62,0x0000,0x0000,0x0000,
    0x0000,0x0000,0x0000,0x0000,0x0000,0x0000,0x0000,0x0000,0x0000,0x3b40,0x3b40,0x3b40,
    0x2a40,0x0000,0x0000,0x0000,0x0000,0x0000,0x0000,0x0000,0x0000,0x0000,0x0000,0x0000,
    0x0000,0x3b40,0x3b40,0x3b40,0x2a40,0x0000,0x0000,0x0000,0x0000,0x0000,0x0000,0x0000,
    0x0000,0x0000,0x0000,0x0000,0x0000,0x3280,0x3280,0x3280,0x21c0,0x0000,0x0000,0x0000,
    0x0000,0x0000,0x0000,0x0000,0x0000,0x0000,0x0000,0x0000,0x0000,0x3280,0x3280,0x3280,
    0x21c0,0x0000,0x0000,0x0000,0x0000,0x0000,0x0000,0x0000,
};
const sprite_t spr_cactus_far_2 = { 16, 26, px_cactus_far_2 };

static const uint16_t px_skull_far[320] = {
    0x0000,0x0000,0xffff,0xffff,0xffff,0xffff,0xffff,0xffff,0xffff,0xffff,0xffff,0xffff,
    0xffff,0xffff,0x0000,0x0000,0x0000,0x0000,0xe73a,0xe73a,0xe73a,0xe73a,0xe73a,0xe73a,
    0xe73a,0xe73a,0xe73a,0xe73a,0xe73a,0x9d12,0x0000,0x0000,0xffff,0xffff,0xffff,0xffff,
    0xffff,0xffff,0xffff,0xffff,0xffff,0xffff,0xffff,0xffff,0xffff,0xffff,0xffff,0xffff,
    0xe73a,0xe73a,0xe73a,0xe73a,0xe73a,0xe73a,0xe73a,0xe73a,0xe73a,0xe73a,0xe73a,0xe73a,
    0xe73a,0xe73a,0xe73a,0x9d12,0xe73a,0xe73a,0xe73a,0xe73a,0xe73a,0xe73a,0xe73a,0xe73a,
    0xe73a,0xe73a,0xe73a,0xe73a,0xe73a,0xe73a,0xe73a,0x9d12,0xe73a,0xe73a,0xe73a,0xe73a,
    0xe73a,0xe73a,0xe73a,0xe73a,0xe73a,0xe73a,0xe73a,0xe73a,0xe73a,0xe73a,0xe73a,0x9d12,
    0xe73a,0x8c90,0xe73a,0x8c90,0xe73a,0x8c90,0xe73a,0xe73a,0xe73a,0xe73a,0x8c90,0xe73a,
    0x8c90,0xe73a,0x8c90,0x9d12,0xe73a,0xbe16,0xbe16,0xbe16,0xbe16,0xbe16,0xe73a,0xe73a,
    0xe73a,0xe73a,0xbe16,0xbe16,0xbe16,0xbe16,0xbe16,0x9d12,0x844f,0x0841,0x0841,0x0841,
    0x0841,0x0841,0xbe16,0xe73a,0xe73a,0x844f,0x0841,0x0841,0x0841,0x0841,0x0841,0x844f,
    0x844f,0x0841,0x0841,0x0841,0x0841,0x0841,0xbe16,0xe73a,0xe73a,0x844f,0x0841,0x0841,
    0x0841,0x0841,0x0841,0x844f,0x844f,0x0841,0x0841,0x0841,0x0841,0x0841,0xbe16,0xe73a,
    0xe73a,0x844f,0x0841,0x0841,0x0841,0x0841,0x0841,0x844f,0x844f,0x0841,0x0841,0x0841,
    0xf7fc,0xf7fc,0xe73a,0xe73a,0xe73a,0xe73a,0xf7fc,0xf7fc,0x0841,0x0841,0x0841,0x844f,
    0xe73a,0xf7fc,0xf7fc,0xf7fc,0xe73a,0xe73a,0xe73a,0xe73a,0xe73a,0xe73a,0xe73a,0xe73a,
    0xf7fc,0xf7fc,0xf7fc,0x9d12,0x8c90,0xe73a,0x8c90,0xe73a,0xe73a,0x9d12,0x0841,0x0841,
    0x0841,0x0841,0xe73a,0xe73a,0xe73a,0x8c90,0xe73a,0x632b,0xe73a,0xe73a,0xe73a,0xe73a,
    0xe73a,0x9d12,0x0841,0x0841,0x0841,0x0841,0xe73a,0xe73a,0xe73a,0xe73a,0xe73a,0x9d12,
    0xe73a,0xbe16,0xe73a,0xe73a,0xe73a,0xe73a,0xffff,0xffff,0xffff,0xffff,0xe73a,0xe73a,
    0xe73a,0xe73a,0xbe16,0x9d12,0xbe16,0xe73a,0xbe16,0xe73a,0xe73a,0xe73a,0xe73a,0xe73a,
    0xe73a,0xe73a,0xe73a,0xe73a,0xe73a,0xbe16,0xe73a,0x844f,0x0000,0x0000,0x0000,0xe73a,
    0x9d12,0x0000,0x0000,0xe73a,0x9d12,0x0000,0x0000,0xe73a,0x9d12,0x0000,0x0000,0x0000,
    0x0000,0x0000,0x0000,0xe73a,0x9d12,0x0000,0x0000,0xe73a,0x9d12,0x0000,0x0000,0xe73a,
    0x9d12,0x0000,0x0000,0x0000,0x0000,0x0000,0x0000,0xe73a,0x9d12,0x0000,0x0000,0xe73a,
    0x9d12,0x0000,0x0000,0xe73a,0x9d12,0x0000,0x0000,0x0000,
};
const sprite_t spr_skull_far = { 16, 20, px_skull_far };

static const uint16_t px_heart[110] = {
    0x0000,0x0000,0x90a5,0x90a5,0x0000,0x0000,0x0000,0x90a5,0x90a5,0x0000,0x0000,0x0000,
    0x90a5,0xd947,0xd947,0x90a5,0x0000,0x90a5,0xd947,0xd947,0x90a5,0x0000,0x90a5,0xd947,
    0xd947,0xd947,0xd947,0xd947,0xd947,0xd947,0xd947,0xd947,0xd947,0x90a5,0xd947,0xd947,
    0xd947,0xd947,0xd947,0xd947,0xd947,0xd947,0xd947,0xd947,0x90a5,0xd947,0xd947,0xd947,
    0xd947,0xd947,0xd947,0xd947,0xd947,0xd947,0xd947,0x90a5,0x90a5,0xd947,0xd947,0xd947,
    0xd947,0xd947,0xd947,0xd947,0xd947,0x90a5,0x0000,0x0000,0x90a5,0xd947,0xd947,0xd947,
    0xd947,0xd947,0xd947,0x90a5,0x0000,0x0000,0x0000,0x0000,0x90a5,0xd947,0xd947,0xd947,
    0xd947,0x90a5,0x0000,0x0000,0x0000,0x0000,0x0000,0x0000,0x90a5,0xd947,0xd947,0x90a5,
    0x0000,0x0000,0x0000,0x0000,0x0000,0x0000,0x0000,0x0000,0x90a5,0x90a5,0x0000,0x0000,
    0x0000,0x0000,
};
const sprite_t spr_heart = { 11, 10, px_heart };

